                  Temp     Hi    Low   Out    Dew  Wind  Wind   Wind    Hi    Hi   Wind   Heat    THW                Rain    Heat    Cool    In     In    In     In     In   In Air   Temp   Temp   Temp  Wind  Wind    ISS   Arc.
  Date    Time     Out   Temp   Temp   Hum    Pt. Speed   Dir    Run Speed   Dir  Chill  Index  Index   Bar    Rain  Rate    D-D     D-D    Temp   Hum    Dew   Heat    EMC Density    2nd    3rd    4th  Samp   Tx   Recept  Int.
------------------------------------------------------------------------------------------------------------------------------------------------------------------------------------------------------------------------------------
27/09/26   0:01   19.4   19.4   19.4    71   14.0   6.4   ENE   0.11   9.7     E   19.4   19.6   19.6  1022.1  0.00   0.0   0.000   0.001   23.5    55   13.9   23.6  10.06 1.1823    19.4   21.1   21.7    23    1    100.0    1 
27/09/26   0:02   19.4   19.4   19.4    71   14.0   9.7    NE   0.16  11.3   ENE   19.4   19.6   19.6  1022.1  0.00   0.0   0.000   0.001   23.5    55   13.9   23.6  10.06 1.1823    19.4   21.1   21.7    23    1    100.0    1 
27/09/26   0:03   19.4   19.4   19.4    71   14.0   3.2     E   0.05   8.0    NE   19.4   19.5   19.5  1022.1  0.00   0.0   0.000   0.001   23.4    55   13.9   23.5  10.07 1.1825    19.4   21.1   21.7    24    1    100.0    1 
27/09/26   0:04   19.4   19.4   19.4    71   14.0   1.6   ENE   0.03   3.2   ENE   19.4   19.5   19.5  1022.2  0.00   0.0   0.000   0.001   23.4    55   13.9   23.5  10.07 1.1826    19.4   21.1   21.7    23    1    100.0    1 
27/09/26   0:05   19.4   19.4   19.4    71   14.0   1.6    NE   0.03   4.8    NE   19.4   19.5   19.5  1022.2  0.00   0.0   0.000   0.001   23.5    55   13.9   23.6  10.06 1.1823    19.4   21.1   21.7    23    1    100.0    1 
27/09/26   0:06   19.4   19.4   19.4    71   14.0   1.6    NE   0.03   4.8     N   19.4   19.5   19.5  1022.2  0.00   0.0   0.000   0.001   23.5    55   13.9   23.6  10.06 1.1823    19.4   21.1   21.7    24    1    100.0    1 
27/09/26   0:07   19.4   19.4   19.4    71   14.0   3.2   NNE   0.05   4.8   NNE   19.4   19.5   19.5  1022.2  0.00   0.0   0.000   0.001   23.4    55   13.9   23.5  10.07 1.1826    19.4   21.1   21.7    23    1    100.0    1 
27/09/26   0:08   19.4   19.4   19.4    71   14.0   3.2   NNE   0.05   4.8     N   19.4   19.5   19.5  1022.2  0.00   0.0   0.000   0.001   23.4    55   13.9   23.5  10.07 1.1826    19.4   21.1   21.7    24    1    100.0    1 
27/09/26   0:09   19.4   19.4   19.4    71   14.0   3.2     N   0.05   6.4     N   19.4   19.5   19.5  1022.1  0.00   0.0   0.000   0.001   23.4    55   13.9   23.5  10.07 1.1825    19.4   21.1   21.7    23    1    100.0    1 
27/09/26   0:10   19.4   19.4   19.4    71   14.0   6.4   ENE   0.11   9.7   ENE   19.4   19.5   19.5  1022.2  0.00   0.0   0.000   0.001   23.4    55   13.9   23.5  10.07 1.1826    19.4   21.1   21.7    23    1    100.0    1 
27/09/26   0:11   19.4   19.4   19.3    71   14.0   4.8    NE   0.08   8.0    NE   19.4   19.5   19.5  1022.2  0.00   0.0   0.000   0.001   23.5    55   13.9   23.6  10.06 1.1823    19.4   21.1   21.7    24    1    100.0    1 
27/09/26   0:12   19.3   19.4   19.3    71   13.9   0.0   ENE   0.00   3.2   ENE   19.3   19.4   19.4  1022.2  0.00   0.0   0.000   0.001   23.4    55   13.9   23.5  10.07 1.1826    19.4   21.1   21.7    23    1    100.0    1 
27/09/26   0:13   19.3   19.3   19.3    71   13.9   0.0   ENE   0.00   1.6   ENE   19.3   19.4   19.4  1022.2  0.00   0.0   0.000   0.001   23.4    55   13.9   23.5  10.07 1.1826    19.4   21.1   21.7    24    1    100.0    1 
27/09/26   0:14   19.3   19.3   19.3    71   13.9   4.8   ENE   0.08   9.7   NNE   19.3   19.4   19.4  1022.2  0.00   0.0   0.000   0.001   23.5    55   13.9   23.6  10.06 1.1823    19.4   21.1   21.7    23    1    100.0    1 
27/09/26   0:15   19.3   19.3   19.3    71   13.9   4.8    NE   0.08   9.7    NE   19.3   19.4   19.4  1022.1  0.00   0.0   0.000   0.001   23.5    55   13.9   23.6  10.06 1.1823    19.4   21.1   21.7    24    1    100.0    1 
27/09/26   0:16   19.3   19.3   19.3    71   13.9   4.8     E   0.08   6.4   ESE   19.3   19.4   19.4  1022.2  0.00   0.0   0.000   0.001   23.5    55   13.9   23.6  10.06 1.1823    19.4   21.1   21.7    23    1    100.0    1 
27/09/26   0:17   19.3   19.3   19.3    71   13.9   4.8     N   0.08   6.4    NE   19.3   19.3   19.3  1022.2  0.00   0.0   0.000   0.001   23.5    55   13.9   23.6  10.06 1.1823    19.4   21.1   21.7    23    1    100.0    1 
27/09/26   0:18   19.3   19.3   19.3    71   13.9   3.2    NE   0.05   4.8     N   19.3   19.3   19.3  1022.2  0.00   0.0   0.000   0.001   23.4    55   13.9   23.5  10.07 1.1826    19.4   21.1   21.7    23    1    100.0    1 
27/09/26   0:19   19.3   19.3   19.3    71   13.9   4.8   ENE   0.08   9.7   ENE   19.3   19.3   19.3  1022.2  0.00   0.0   0.000   0.001   23.5    55   13.9   23.6  10.06 1.1823    19.4   21.1   21.7    22    1     95.7    1 
27/09/26   0:20   19.3   19.3   19.3    71   13.9   3.2   NNE   0.05   4.8   NNE   19.3   19.3   19.3  1022.2  0.00   0.0   0.000   0.001   23.5    55   13.9   23.6  10.06 1.1823    19.4   21.1   21.7    23    1    100.0    1 
27/09/26   0:21   19.3   19.3   19.3    71   13.9   3.2    NE   0.05   6.4    NE   19.3   19.3   19.3  1022.2  0.00   0.0   0.000   0.001   23.5    55   13.9   23.6  10.06 1.1823    19.4   21.1   21.7    22    1     95.7    1 
27/09/26   0:22   19.3   19.3   19.3    71   13.9   4.8   NNE   0.08   8.0     E   19.3   19.3   19.3  1022.2  0.00   0.0   0.000   0.001   23.5    55   13.9   23.6  10.06 1.1823    19.4   21.1   21.7    23    1    100.0    1 
27/09/26   0:23   19.3   19.3   19.3    71   13.9   4.8   NNE   0.08   8.0    NE   19.3   19.3   19.3  1022.2  0.00   0.0   0.000   0.001   23.5    55   13.9   23.6  10.06 1.1823    19.4   21.1   21.7    22    1     95.7    1 
27/09/26   0:24   19.2   19.3   19.2    71   13.8   8.0    NE   0.13   9.7    NE   19.2   19.3   19.3  1022.2  0.00   0.0   0.000   0.001   23.5    55   13.9   23.6  10.06 1.1823    19.4   21.1   21.7    23    1    100.0    1 
27/09/26   0:25   19.2   19.2   19.2    71   13.8   4.8   NNE   0.08   8.0     E   19.2   19.3   19.3  1022.1  0.00   0.0   0.000   0.001   23.5    55   13.9   23.6  10.06 1.1823    19.4   21.1   21.7    23    1    100.0    1 
27/09/26   0:26   19.2   19.2   19.2    71   13.8   4.8    NE   0.08   8.0   ENE   19.2   19.3   19.3  1022.1  0.00   0.0   0.000   0.001   23.5    55   13.9   23.6  10.06 1.1823    19.4   21.1   21.7    23    1    100.0    1 
27/09/26   0:27   19.2   19.2   19.2    72   14.0   3.2   NNE   0.05   6.4   NNE   19.2   19.3   19.3  1022.1  0.00   0.0   0.000   0.001   23.5    55   13.9   23.6  10.06 1.1822    19.4   21.1   21.7    23    1    100.0    1 
27/09/26   0:28   19.2   19.2   19.2    72   14.0   3.2    NE   0.05   6.4    NE   19.2   19.3   19.3  1022.1  0.00   0.0   0.000   0.001   23.5    55   13.9   23.6  10.06 1.1822    19.4   21.1   21.7    22    1     95.7    1 
27/09/26   0:29   19.2   19.2   19.2    72   14.0   4.8    NE   0.08   6.4     N   19.2   19.3   19.3  1022.0  0.00   0.0   0.000   0.001   23.5    55   13.9   23.6  10.06 1.1821    19.4   21.1   21.7    23    1    100.0    1 
27/09/26   0:30   19.2   19.2   19.2    72   14.0   8.0   ENE   0.13  12.9   ENE   19.2   19.3   19.3  1022.0  0.00   0.0   0.000   0.001   23.5    55   13.9   23.6  10.06 1.1821    19.4   21.1   21.7    24    1    100.0    1 
27/09/26   0:31   19.1   19.2   19.1    72   13.9   6.4    NE   0.11  11.3   ENE   19.1   19.2   19.2  1022.0  0.00   0.0   0.000   0.001   23.5    55   13.9   23.6  10.06 1.1822    18.9   21.1   21.7    23    1    100.0    1 
27/09/26   0:32   19.1   19.2   19.1    72   13.9   8.0    NE   0.13  12.9   ENE   19.1   19.2   19.2  1022.0  0.00   0.0   0.000   0.001   23.5    55   13.9   23.6  10.06 1.1822    18.9   21.1   21.7    24    1    100.0    1 
27/09/26   0:33   19.1   19.1   19.1    72   13.9   8.0    NE   0.13   9.7    NE   19.1   19.2   19.2  1022.0  0.00   0.0   0.000   0.001   23.5    55   13.9   23.6  10.06 1.1822    18.9   21.1   21.7    22    1     95.7    1 
27/09/26   0:34   19.1   19.1   19.1    72   13.9   3.2   ENE   0.05   6.4   ENE   19.1   19.1   19.1  1022.0  0.00   0.0   0.000   0.001   23.5    55   13.9   23.6  10.06 1.1822    18.9   21.1   21.7    23    1    100.0    1 
27/09/26   0:35   19.1   19.1   19.1    72   13.9   3.2   ENE   0.05   3.2   ENE   19.1   19.1   19.1  1022.0  0.00   0.0   0.000   0.001   23.5    55   13.9   23.6  10.06 1.1821    18.9   21.1   21.7    24    1    100.0    1 
27/09/26   0:36   19.1   19.1   19.1    72   13.9   4.8    NE   0.08   6.4    NE   19.1   19.1   19.1  1022.0  0.00   0.0   0.000   0.001   23.5    55   13.9   23.6  10.06 1.1822    18.9   21.1   21.7    23    1    100.0    1 
27/09/26   0:37   19.1   19.1   19.1    72   13.9   4.8   NNW   0.08   6.4     N   19.1   19.1   19.1  1022.0  0.00   0.0   0.000   0.001   23.5    55   13.9   23.6  10.06 1.1821    18.9   21.1   21.7    23    1    100.0    1 
27/09/26   0:38   19.0   19.1   19.0    72   13.8   6.4    NE   0.11   9.7   ENE   19.0   19.1   19.1  1022.0  0.00   0.0   0.000   0.000   23.5    55   13.9   23.6  10.06 1.1822    18.9   21.1   21.7    22    1     95.7    1 
27/09/26   0:39   19.0   19.1   19.0    72   13.8   4.8   NNE   0.08   9.7   NNE   19.0   19.1   19.1  1022.0  0.00   0.0   0.000   0.000   23.5    55   13.9   23.6  10.06 1.1822    18.9   21.1   21.7    24    1    100.0    1 
27/09/26   0:40   19.0   19.0   19.0    72   13.8   4.8    NE   0.08   8.0   NNE   19.0   19.1   19.1  1022.0  0.00   0.0   0.000   0.000   23.5    55   13.9   23.6  10.06 1.1822    18.9   21.1   21.7    23    1    100.0    1 
27/09/26   0:41   18.9   19.0   18.9    72   13.8   4.8    NE   0.08   9.7   ENE   18.9   19.0   19.0  1022.0  0.00   0.0   0.000   0.000   23.5    55   13.9   23.6  10.06 1.1822    18.9   21.1   21.7    23    1    100.0    1 
27/09/26   0:42   18.9   19.0   18.9    72   13.8   4.8    NE   0.08   8.0    NE   18.9   19.0   19.0  1022.0  0.00   0.0   0.000   0.000   23.5    55   13.9   23.6  10.06 1.1822    18.9   21.1   21.7    23    1    100.0    1 
27/09/26   0:43   18.9   18.9   18.9    72   13.8   6.4    NE   0.11   9.7    NE   18.9   19.0   19.0  1022.0  0.00   0.0   0.000   0.000   23.5    55   13.9   23.6  10.06 1.1821    18.9   21.1   21.7    23    1    100.0    1 
27/09/26   0:44   18.9   18.9   18.9    72   13.8   6.4   ENE   0.11   9.7    NE   18.9   19.0   19.0  1022.0  0.00   0.0   0.000   0.000   23.5    55   13.9   23.6  10.06 1.1822    18.9   21.1   21.7    24    1    100.0    1 
27/09/26   0:45   18.9   18.9   18.9    72   13.7   4.8   ENE   0.08   9.7   ENE   18.9   18.9   18.9  1022.0  0.00   0.0   0.000   0.000   23.5    55   13.9   23.6  10.06 1.1822    18.9   21.1   21.7    23    1    100.0    1 
27/09/26   0:46   18.9   18.9   18.9    73   13.9   8.0   ENE   0.13   9.7   ENE   18.9   18.9   18.9  1022.0  0.00   0.0   0.000   0.000   23.5    55   13.9   23.6  10.06 1.1821    18.9   21.1   21.7    22    1     95.7    1 
27/09/26   0:47   18.9   18.9   18.9    73   13.9   6.4    NE   0.11   9.7    NE   18.9   18.9   18.9  1022.0  0.00   0.0   0.000   0.000   23.5    55   13.9   23.6  10.06 1.1821    18.9   21.1   21.7    22    1     95.7    1 
27/09/26   0:48   18.9   18.9   18.9    73   13.9   0.0    NE   0.00   3.2    NE   18.9   18.9   18.9  1021.9  0.00   0.0   0.000   0.000   23.5    55   13.9   23.6  10.06 1.1821    18.9   21.1   21.7    23    1    100.0    1 
27/09/26   0:49   18.9   18.9   18.9    73   13.9   4.8     N   0.08   8.0     N   18.9   18.9   18.9  1021.9  0.00   0.0   0.000   0.000   23.5    55   13.9   23.6  10.06 1.1821    18.9   21.1   21.7    24    1    100.0    1 
27/09/26   0:50   18.8   18.9   18.8    73   13.9   4.8     N   0.08   6.4     N   18.8   18.9   18.9  1021.9  0.00   0.0   0.000   0.000   23.5    55   13.9   23.6  10.06 1.1820    18.9   21.1   21.7    23    1    100.0    1 
27/09/26   0:51   18.8   18.8   18.8    73   13.9   4.8    NE   0.08   9.7   NNE   18.8   18.9   18.9  1021.9  0.00   0.0   0.000   0.000   23.5    55   13.9   23.6  10.06 1.1820    18.9   21.1   21.7    24    1    100.0    1 
27/09/26   0:52   18.8   18.8   18.8    73   13.9   6.4     N   0.11   8.0    NE   18.8   18.9   18.9  1021.9  0.00   0.0   0.000   0.000   23.5    55   13.9   23.6  10.06 1.1820    18.9   21.1   21.7    23    1    100.0    1 
27/09/26   0:53   18.8   18.8   18.8    73   13.9   6.4     N   0.11   8.0   NNW   18.8   18.9   18.9  1021.9  0.00   0.0   0.000   0.000   23.5    55   13.9   23.6  10.06 1.1820    18.9   21.1   21.7    23    1    100.0    1 
27/09/26   0:54   18.8   18.8   18.8    73   13.8   6.4   NNE   0.11   8.0   NNE   18.8   18.8   18.8  1021.9  0.00   0.0   0.000   0.000   23.5    55   13.9   23.6  10.06 1.1820    18.9   21.1   21.7    24    1    100.0    1 
27/09/26   0:55   18.8   18.8   18.8    73   13.8   4.8    NE   0.08   6.4    NE   18.8   18.8   18.8  1021.9  0.00   0.0   0.000   0.000   23.5    55   13.9   23.6  10.06 1.1820    18.9   21.1   21.7    23    1    100.0    1 
27/09/26   0:56   18.8   18.8   18.8    73   13.8   4.8    NE   0.08   6.4    NE   18.8   18.8   18.8  1021.8  0.00   0.0   0.000   0.000   23.5    55   13.9   23.6  10.06 1.1819    18.9   21.1   21.7    24    1    100.0    1 
27/09/26   0:57   18.8   18.8   18.8    73   13.8   3.2    NE   0.05   4.8    NE   18.8   18.8   18.8  1021.8  0.00   0.0   0.000   0.000   23.5    55   13.9   23.6  10.06 1.1819    18.9   21.1   21.7    22    1     95.7    1 
27/09/26   0:58   18.8   18.8   18.8    73   13.8   1.6    NE   0.03   3.2    NE   18.8   18.8   18.8  1021.8  0.00   0.0   0.000   0.000   23.5    55   13.9   23.6  10.06 1.1819    18.9   21.1   21.7    23    1    100.0    1 
27/09/26   0:59   18.8   18.8   18.8    73   13.8   3.2   NNW   0.05   4.8   NNW   18.8   18.8   18.8  1021.8  0.00   0.0   0.000   0.000   23.5    55   13.9   23.6  10.06 1.1819    18.9   21.1   21.7    24    1    100.0    1 
27/09/26   1:00   18.8   18.8   18.8    73   13.8   0.0   NNW   0.00   1.6   NNW   18.8   18.8   18.8  1021.8  0.00   0.0   0.000   0.000   23.5    55   13.9   23.6  10.06 1.1819    18.9   21.1   21.7    23    1    100.0    1 
27/09/26   1:01   18.8   18.8   18.8    73   13.8   1.6   NNW   0.03   3.2   NNW   18.8   18.8   18.8  1021.8  0.00   0.0   0.000   0.000   23.5    55   13.9   23.6  10.06 1.1819    18.9   21.1   21.7    24    1    100.0    1 
27/09/26   1:02   18.8   18.8   18.8    73   13.8   3.2   NNW   0.05   4.8   NNE   18.8   18.8   18.8  1021.8  0.00   0.0   0.000   0.000   23.5    55   13.9   23.6  10.06 1.1819    18.9   21.1   21.7    21    1     91.3    1 
27/09/26   1:03   18.7   18.8   18.7    73   13.8   3.2   NNE   0.05   3.2   NNE   18.7   18.8   18.8  1021.8  0.00   0.0   0.000   0.000   23.5    55   13.9   23.6  10.06 1.1819    18.9   21.1   21.7    23    1    100.0    1 
27/09/26   1:04   18.7   18.7   18.7    73   13.8   3.2   NNE   0.05   6.4   NNE   18.7   18.8   18.8  1021.8  0.00   0.0   0.000   0.000   23.5    55   13.9   23.6  10.06 1.1819    18.9   21.1   21.7    23    1    100.0    1 
27/09/26   1:05   18.7   18.7   18.7    73   13.8   1.6   NNE   0.03   3.2   NNE   18.7   18.8   18.8  1021.8  0.00   0.0   0.000   0.000   23.5    55   13.9   23.6  10.06 1.1819    18.9   21.1   21.7    23    1    100.0    1 
27/09/26   1:06   18.7   18.7   18.7    73   13.8   0.0   NNE   0.00   1.6   NNE   18.7   18.8   18.8  1021.7  0.00   0.0   0.000   0.000   23.5    55   13.9   23.6  10.06 1.1818    18.9   21.1   21.7    23    1    100.0    1 
27/09/26   1:07   18.7   18.7   18.7    73   13.8   1.6   ENE   0.03   6.4   ENE   18.7   18.8   18.8  1021.8  0.00   0.0   0.000   0.000   23.5    55   13.9   23.6  10.06 1.1819    18.9   21.1   21.7    21    1     91.3    1 
27/09/26   1:08   18.7   18.7   18.7    73   13.8   4.8   ENE   0.08   6.4     E   18.7   18.8   18.8  1021.8  0.00   0.0   0.000   0.000   23.5    55   13.9   23.6  10.06 1.1819    18.9   21.1   21.7    23    1    100.0    1 
27/09/26   1:09   18.7   18.7   18.7    73   13.8   3.2   ENE   0.05   4.8   ENE   18.7   18.8   18.8  1021.8  0.00   0.0   0.000   0.000   23.5    55   13.9   23.6  10.06 1.1819    18.9   21.1   21.7    23    1    100.0    1 
27/09/26   1:10   18.7   18.7   18.7    73   13.7   3.2   ENE   0.05   4.8   ENE   18.7   18.7   18.7  1021.8  0.00   0.0   0.000   0.000   23.5    55   13.9   23.6  10.06 1.1819    18.9   21.1   21.7    21    1     91.3    1 
27/09/26   1:11   18.7   18.7   18.7    73   13.7   3.2   ENE   0.05   4.8   ENE   18.7   18.7   18.7  1021.8  0.00   0.0   0.000   0.000   23.5    55   13.9   23.6  10.06 1.1819    18.9   21.1   21.7    23    1    100.0    1 
27/09/26   1:12   18.7   18.7   18.7    73   13.7   0.0   ENE   0.00   1.6   ENE   18.7   18.7   18.7  1021.8  0.00   0.0   0.000   0.000   23.5    55   13.9   23.6  10.06 1.1819    18.9   21.1   21.7    21    1     91.3    1 
27/09/26   1:13   18.7   18.7   18.7    73   13.7   1.6     N   0.03   6.4     N   18.7   18.7   18.7  1021.8  0.00   0.0   0.000   0.000   23.5    55   13.9   23.6  10.06 1.1819    18.9   21.1   21.7    23    1    100.0    1 
27/09/26   1:14   18.7   18.7   18.6    73   13.7   3.2     N   0.05   4.8     N   18.7   18.7   18.7  1021.8  0.00   0.0   0.000   0.000   23.5    55   13.9   23.6  10.06 1.1819    18.9   21.1   21.7    22    1     95.7    1 
27/09/26   1:15   18.6   18.6   18.6    73   13.7   3.2     N   0.05   4.8     N   18.6   18.6   18.6  1021.8  0.00   0.0   0.000   0.000   23.5    55   13.9   23.6  10.06 1.1819    18.9   21.1   21.7    22    1     95.7    1 
27/09/26   1:16   18.6   18.6   18.6    73   13.7   4.8   ENE   0.08   4.8   ENE   18.6   18.6   18.6  1021.8  0.00   0.0   0.000   0.000   23.5    55   13.9   23.6  10.06 1.1819    18.9   21.1   21.7    23    1    100.0    1 
27/09/26   1:17   18.6   18.6   18.6    74   13.9   4.8    NE   0.08   8.0    NE   18.6   18.7   18.7  1021.7  0.00   0.0   0.000   0.000   23.5    55   13.9   23.6  10.06 1.1818    18.9   21.1   21.7    23    1    100.0    1 
27/09/26   1:18   18.6   18.6   18.6    74   13.9   3.2    NE   0.05   6.4    NE   18.6   18.7   18.7  1021.7  0.00   0.0   0.000   0.000   23.5    55   13.9   23.6  10.06 1.1818    18.9   21.1   21.7    23    1    100.0    1 
27/09/26   1:19   18.6   18.6   18.6    74   13.8   4.8   ENE   0.08   6.4   ENE   18.6   18.6   18.6  1021.7  0.00   0.0   0.000   0.000   23.5    55   13.9   23.6  10.06 1.1818    18.3   21.1   21.7    23    1    100.0    1 
27/09/26   1:20   18.6   18.6   18.6    74   13.8   4.8   ENE   0.08   8.0     E   18.6   18.6   18.6  1021.7  0.00   0.0   0.000   0.000   23.5    55   13.9   23.6  10.06 1.1818    18.3   21.1   21.7    23    1    100.0    1 
27/09/26   1:21   18.6   18.6   18.6    74   13.8   3.2   ENE   0.05   4.8   ENE   18.6   18.6   18.6  1021.7  0.00   0.0   0.000   0.000   23.5    55   13.9   23.6  10.06 1.1817    18.3   21.1   21.7    22    1     95.7    1 
27/09/26   1:22   18.6   18.6   18.5    74   13.8   4.8    NE   0.08   8.0   NNE   18.6   18.6   18.6  1021.6  0.00   0.0   0.000   0.000   23.5    55   13.9   23.6  10.06 1.1817    18.3   21.1   21.7    22    1     95.7    1 
27/09/26   1:23   18.5   18.6   18.5    74   13.8   4.8    NE   0.08   6.4    NE   18.5   18.6   18.6  1021.6  0.00   0.0   0.000   0.000   23.5    55   13.9   23.6  10.06 1.1817    18.3   21.1   21.7    23    1    100.0    1 
27/09/26   1:24   18.5   18.6   18.5    74   13.8   3.2   NNE   0.05   8.0    NE   18.5   18.6   18.6  1021.6  0.00   0.0   0.000   0.000   23.5    55   13.9   23.6  10.06 1.1816    18.3   21.1   21.7    22    1     95.7    1 
27/09/26   1:25   18.5   18.5   18.5    74   13.8   4.8    NE   0.08   8.0    NE   18.5   18.6   18.6  1021.6  0.00   0.0   0.000   0.000   23.5    55   13.9   23.6  10.06 1.1817    18.3   21.1   21.7    23    1    100.0    1 
27/09/26   1:26   18.5   18.5   18.5    74   13.8   6.4   ENE   0.11   8.0    NE   18.5   18.6   18.6  1021.6  0.00   0.0   0.000   0.000   23.5    55   13.9   23.6  10.06 1.1816    18.3   21.1   21.7    23    1    100.0    1 
27/09/26   1:27   18.5   18.5   18.5    74   13.8   4.8   ENE   0.08   6.4    NE   18.5   18.6   18.6  1021.6  0.00   0.0   0.000   0.000   23.5    55   13.9   23.6  10.06 1.1816    18.3   21.1   21.7    22    1     95.7    1 
27/09/26   1:28   18.4   18.5   18.4    74   13.7   1.6    NE   0.03   4.8    NE   18.4   18.5   18.5  1021.6  0.00   0.0   0.000   0.000   23.5    55   13.9   23.6  10.06 1.1816    18.3   21.1   21.7    24    1    100.0    1 
27/09/26   1:29   18.4   18.5   18.4    74   13.7   1.6   NNE   0.03   3.2   NNE   18.4   18.5   18.5  1021.5  0.00   0.0   0.000   0.000   23.5    55   13.9   23.6  10.06 1.1816    18.3   21.1   21.7    22    1     95.7    1 
27/09/26   1:30   18.4   18.4   18.4    74   13.7   1.6   NNE   0.03   3.2   NNE   18.4   18.5   18.5  1021.6  0.00   0.0   0.000   0.000   23.5    55   13.9   23.6  10.06 1.1816    18.3   21.1   21.7    24    1    100.0    1 
27/09/26   1:31   18.4   18.4   18.4    74   13.7   1.6   NNE   0.03   3.2   NNE   18.4   18.5   18.5  1021.5  0.00   0.0   0.000   0.000   23.5    55   13.9   23.6  10.06 1.1816    18.3   21.1   21.7    21    1     91.3    1 
27/09/26   1:32   18.4   18.4   18.4    74   13.7   4.8     N   0.08   6.4     N   18.4   18.5   18.5  1021.5  0.00   0.0   0.000   0.000   23.5    55   13.9   23.6  10.06 1.1815    18.3   21.1   21.7    23    1    100.0    1 
27/09/26   1:33   18.4   18.4   18.4    74   13.7   6.4   NNE   0.11   8.0    NE   18.4   18.4   18.4  1021.5  0.00   0.0   0.000   0.000   23.5    55   13.9   23.6  10.06 1.1815    18.3   21.1   21.7    23    1    100.0    1 
27/09/26   1:34   18.4   18.4   18.4    74   13.7   4.8   NNE   0.08   6.4    NE   18.4   18.4   18.4  1021.5  0.00   0.0   0.000   0.000   23.5    55   13.9   23.6  10.06 1.1815    18.3   21.1   21.7    22    1     95.7    1 
27/09/26   1:35   18.4   18.4   18.4    74   13.7   6.4   NNE   0.11   8.0    NE   18.4   18.4   18.4  1021.4  0.00   0.0   0.000   0.000   23.5    55   13.9   23.6  10.06 1.1815    18.3   21.1   21.7    24    1    100.0    1 
27/09/26   1:36   18.3   18.4   18.3    74   13.6   4.8    NE   0.08   8.0    NE   18.3   18.3   18.3  1021.5  0.00   0.0   0.000   0.000   23.5    55   13.9   23.6  10.06 1.1815    18.3   21.1   21.7    23    1    100.0    1 
27/09/26   1:37   18.3   18.3   18.3    74   13.6   6.4   NNE   0.11   9.7   NNW   18.3   18.3   18.3  1021.5  0.00   0.0   0.000   0.000   23.5    55   13.9   23.6  10.06 1.1815    18.3   21.1   21.7    24    1    100.0    1 
27/09/26   1:38   18.3   18.3   18.3    74   13.6   4.8   NNE   0.08   8.0    NE   18.3   18.3   18.3  1021.5  0.00   0.0   0.000   0.000   23.5    55   13.9   23.6  10.06 1.1815    18.3   21.1   21.7    23    1    100.0    1 
27/09/26   1:39   18.3   18.3   18.3    74   13.6   4.8   NNE   0.08   6.4   NNE   18.3   18.3   18.3  1021.5  0.00   0.0   0.000   0.000   23.5    55   13.9   23.6  10.06 1.1815    18.3   21.1   21.7    23    1    100.0    1 
27/09/26   1:40   18.3   18.3   18.3    74   13.6   3.2    NE   0.05   6.4    NE   18.3   18.3   18.3  1021.5  0.00   0.0   0.000   0.000   23.5    55   13.9   23.6  10.06 1.1815    18.3   21.1   21.7    24    1    100.0    1 
27/09/26   1:41   18.3   18.3   18.3    74   13.6   4.8   ENE   0.08   6.4   ENE   18.3   18.3   18.3  1021.5  0.00   0.0   0.000   0.000   23.5    55   13.9   23.6  10.06 1.1815    18.3   21.1   21.7    23    1    100.0    1 
27/09/26   1:42   18.3   18.3   18.3    75   13.8   1.6   NNE   0.03   4.8    NE   18.3   18.3   18.3  1021.5  0.00   0.0   0.000   0.000   23.5    55   13.9   23.6  10.06 1.1815    18.3   21.1   21.7    23    1    100.0    1 
27/09/26   1:43   18.2   18.3   18.2    75   13.7   1.6     N   0.03   6.4   NNE   18.2   18.3   18.3  1021.4  0.00   0.0   0.000   0.000   23.5    55   13.9   23.6  10.06 1.1815    18.3   21.1   21.7    23    1    100.0    1 
27/09/26   1:44   18.2   18.3   18.2    75   13.7   4.8     N   0.08   6.4   NNE   18.2   18.3   18.3  1021.4  0.00   0.0   0.000   0.000   23.5    55   13.9   23.6  10.06 1.1815    18.3   21.1   21.7    23    1    100.0    1 
27/09/26   1:45   18.2   18.3   18.2    75   13.7   3.2    NE   0.05   6.4   ENE   18.2   18.3   18.3  1021.4  0.00   0.0   0.000   0.000   23.5    55   13.9   23.6  10.06 1.1814    18.3   21.1   21.7    24    1    100.0    1 
27/09/26   1:46   18.2   18.2   18.2    75   13.7   8.0    NE   0.13   9.7    NE   18.2   18.3   18.3  1021.4  0.00   0.0   0.000   0.000   23.5    55   13.9   23.6  10.06 1.1814    18.3   21.1   21.7    23    1    100.0    1 
27/09/26   1:47   18.2   18.2   18.2    75   13.7   6.4    NE   0.11   9.7   ENE   18.2   18.3   18.3  1021.4  0.00   0.0   0.000   0.000   23.5    55   13.9   23.6  10.06 1.1814    18.3   21.1   21.7    24    1    100.0    1 
27/09/26   1:48   18.2   18.2   18.2    75   13.7   6.4    NE   0.11  11.3    NE   18.2   18.2   18.2  1021.3  0.00   0.0   0.000   0.000   23.5    55   13.9   23.6  10.06 1.1813    18.3   21.1   21.7    22    1     95.7    1 
27/09/26   1:49   18.2   18.2   18.2    75   13.7   8.0    NE   0.13  11.3    NE   18.2   18.2   18.2  1021.3  0.00   0.0   0.000   0.000   23.5    55   13.9   23.6  10.06 1.1813    18.3   21.1   21.7    23    1    100.0    1 
27/09/26   1:50   18.2   18.2   18.2    75   13.7   4.8   NNE   0.08   6.4    NE   18.2   18.2   18.2  1021.3  0.00   0.0   0.000   0.000   23.5    55   13.9   23.6  10.06 1.1813    18.3   21.1   21.7    23    1    100.0    1 
27/09/26   1:51   18.2   18.2   18.1    75   13.7   3.2   ENE   0.05   6.4   ENE   18.2   18.2   18.2  1021.3  0.00   0.0   0.000   0.000   23.5    55   13.9   23.6  10.06 1.1813    18.3   21.1   21.7    22    1     95.7    1 
27/09/26   1:52   18.1   18.2   18.1    75   13.6   6.4    NE   0.11  11.3     E   18.1   18.1   18.1  1021.3  0.00   0.0   0.000   0.000   23.5    54   13.7   23.6   9.86 1.1816    18.3   21.1   21.7    24    1    100.0    1 
27/09/26   1:53   18.1   18.1   18.1    75   13.6   3.2   NNE   0.05   4.8   NNE   18.1   18.1   18.1  1021.3  0.00   0.0   0.000   0.000   23.5    55   13.9   23.6  10.06 1.1813    18.3   21.1   21.7    22    1     95.7    1 
27/09/26   1:54   18.1   18.1   18.1    75   13.6   3.2   ENE   0.05   6.4     N   18.1   18.1   18.1  1021.3  0.00   0.0   0.000   0.000   23.5    55   13.9   23.6  10.06 1.1813    18.3   21.1   21.7    23    1    100.0    1 
27/09/26   1:55   18.1   18.1   18.1    75   13.6   3.2   ENE   0.05   8.0   ENE   18.1   18.1   18.1  1021.3  0.00   0.0   0.000   0.000   23.5    54   13.7   23.6   9.86 1.1816    18.3   21.1   21.7    23    1    100.0    1 
27/09/26   1:56   18.1   18.1   18.1    75   13.6   3.2   ENE   0.05   4.8   ENE   18.1   18.1   18.1  1021.3  0.00   0.0   0.000   0.000   23.5    54   13.7   23.6   9.86 1.1817    18.3   21.1   21.7    22    1     95.7    1 
27/09/26   1:57   18.1   18.1   18.1    75   13.6   4.8   ENE   0.08   6.4   ENE   18.1   18.1   18.1  1021.3  0.00   0.0   0.000   0.000   23.5    55   13.9   23.6  10.06 1.1813    18.3   21.1   21.7    24    1    100.0    1 
27/09/26   1:58   18.1   18.1   18.1    75   13.6   3.2   ENE   0.05   4.8   ENE   18.1   18.1   18.1  1021.3  0.00   0.0   0.000   0.000   23.5    55   13.9   23.6  10.06 1.1813    18.3   21.1   21.7    21    1     91.3    1 
27/09/26   1:59   18.1   18.1   18.1    75   13.6   6.4   NNE   0.11   8.0    NE   18.1   18.1   18.1  1021.3  0.00   0.0   0.000   0.000   23.5    55   13.9   23.6  10.06 1.1813    18.3   21.1   21.7    24    1    100.0    1 
27/09/26   2:00   18.1   18.1   18.1    75   13.6   3.2   ENE   0.05   8.0   ENE   18.1   18.1   18.1  1021.3  0.00   0.0   0.000   0.000   23.5    55   13.9   23.6  10.06 1.1813    18.3   21.1   21.7    22    1     95.7    1 
27/09/26   2:01   18.1   18.1   18.1    75   13.6   4.8   ENE   0.08   8.0   ENE   18.1   18.1   18.1  1021.3  0.00   0.0   0.000   0.000   23.5    55   13.9   23.6  10.06 1.1813    18.3   21.1   21.7    24    1    100.0    1 
27/09/26   2:02   18.1   18.1   18.1    75   13.6   3.2   ENE   0.05   6.4   ENE   18.1   18.1   18.1  1021.3  0.00   0.0   0.000   0.000   23.5    54   13.7   23.6   9.86 1.1816    18.3   21.1   21.7    23    1    100.0    1 
27/09/26   2:03   18.1   18.1   18.1    75   13.6   3.2   ENE   0.05   4.8   ENE   18.1   18.1   18.1  1021.2  0.00   0.0   0.000   0.000   23.5    55   13.9   23.6  10.06 1.1812    18.3   21.1   21.7    23    1    100.0    1 
27/09/26   2:04   18.0   18.1   18.0    76   13.7   4.8    NE   0.08   6.4    NE   18.0   18.1   18.1  1021.3  0.00   0.0   0.000   0.000   23.5    55   13.9   23.6  10.06 1.1813    17.8   21.1   21.7    24    1    100.0    1 
27/09/26   2:05   18.0   18.0   18.0    76   13.7   3.2   ENE   0.05   4.8   ENE   18.0   18.1   18.1  1021.2  0.00   0.0   0.000   0.000   23.5    55   13.9   23.6  10.06 1.1812    17.8   21.1   21.7    23    1    100.0    1 
27/09/26   2:06   18.0   18.0   18.0    76   13.7   3.2    NE   0.05   4.8     E   18.0   18.1   18.1  1021.2  0.00   0.0   0.000   0.000   23.5    55   13.9   23.6  10.06 1.1811    17.8   21.1   21.7    24    1    100.0    1 
27/09/26   2:07   18.0   18.0   18.0    76   13.7   1.6    NE   0.03   3.2    NE   18.0   18.1   18.1  1021.2  0.00   0.0   0.000   0.000   23.5    55   13.9   23.6  10.06 1.1812    17.8   21.1   21.7    23    1    100.0    1 
27/09/26   2:08   18.0   18.0   18.0    75   13.5   4.8    NE   0.08   8.0    NE   18.0   18.0   18.0  1021.2  0.00   0.0   0.000   0.000   23.5    55   13.9   23.6  10.06 1.1812    17.8   21.1   21.7    23    1    100.0    1 
27/09/26   2:09   18.0   18.0   18.0    76   13.7   4.8   NNE   0.08   6.4    NE   18.0   18.1   18.1  1021.2  0.00   0.0   0.000   0.000   23.5    55   13.9   23.6  10.06 1.1812    17.8   21.1   21.7    23    1    100.0    1 
27/09/26   2:10   18.0   18.0   18.0    76   13.7   1.6   NNE   0.03   3.2   NNE   18.0   18.1   18.1  1021.2  0.00   0.0   0.000   0.000   23.5    55   13.9   23.6  10.06 1.1812    17.8   21.1   21.7    23    1    100.0    1 
27/09/26   2:11   18.0   18.0   17.9    76   13.7   3.2     N   0.05   6.4   NNE   18.0   18.1   18.1  1021.2  0.00   0.0   0.000   0.000   23.5    55   13.9   23.6  10.06 1.1811    17.8   21.1   21.7    24    1    100.0    1 
27/09/26   2:12   17.9   18.0   17.9    76   13.7   3.2   NNE   0.05   6.4     N   17.9   18.0   18.0  1021.2  0.00   0.0   0.000   0.000   23.5    55   13.9   23.6  10.06 1.1812    17.8   21.1   21.7    23    1    100.0    1 
27/09/26   2:13   17.9   18.0   17.9    76   13.7   4.8     N   0.08   8.0   NNW   17.9   18.0   18.0  1021.2  0.00   0.0   0.000   0.000   23.5    54   13.7   23.6   9.86 1.1815    17.8   21.1   21.7    24    1    100.0    1 
27/09/26   2:14   17.9   17.9   17.9    76   13.7   6.4     N   0.11   8.0     N   17.9   18.0   18.0  1021.2  0.00   0.0   0.000   0.000   23.5    55   13.9   23.6  10.06 1.1812    17.8   21.1   21.7    22    1     95.7    1 
27/09/26   2:15   17.9   17.9   17.9    76   13.7   6.4     N   0.11   8.0     N   17.9   18.0   18.0  1021.2  0.00   0.0   0.000   0.000   23.5    55   13.9   23.6  10.06 1.1812    17.8   21.1   21.7    23    1    100.0    1 
27/09/26   2:16   17.9   17.9   17.9    76   13.6   6.4     N   0.11   9.7    NE   17.9   17.9   17.9  1021.2  0.00   0.0   0.000   0.000   23.5    54   13.7   23.6   9.86 1.1815    17.8   21.1   21.7    24    1    100.0    1 
27/09/26   2:17   17.9   17.9   17.9    76   13.6   4.8    NE   0.08   8.0    NE   17.9   17.9   17.9  1021.2  0.00   0.0   0.000   0.000   23.5    54   13.7   23.6   9.86 1.1816    17.8   21.1   21.7    23    1    100.0    1 
27/09/26   2:18   17.9   17.9   17.9    76   13.6   6.4   ENE   0.11   9.7   NNE   17.9   17.9   17.9  1021.2  0.00   0.0   0.000   0.000   23.5    54   13.7   23.6   9.86 1.1816    17.8   21.1   21.7    24    1    100.0    1 
27/09/26   2:19   17.9   17.9   17.9    76   13.6   8.0    NE   0.13   9.7   NNE   17.9   17.9   17.9  1021.2  0.00   0.0   0.000   0.000   23.5    54   13.7   23.6   9.86 1.1815    17.8   21.1   21.7    23    1    100.0    1 
27/09/26   2:20   17.9   17.9   17.9    76   13.6   4.8   NNE   0.08   6.4   ENE   17.9   17.9   17.9  1021.2  0.00   0.0   0.000   0.000   23.5    54   13.7   23.6   9.86 1.1816    17.8   21.1   21.7    23    1    100.0    1 
27/09/26   2:21   17.9   17.9   17.9    76   13.6   3.2   NNE   0.05   4.8   NNE   17.9   17.9   17.9  1021.2  0.00   0.0   0.000   0.000   23.5    54   13.7   23.6   9.86 1.1815    17.8   21.1   21.7    24    1    100.0    1 
27/09/26   2:22   17.9   17.9   17.8    76   13.6   3.2   ENE   0.05   6.4   ENE   17.9   17.9   17.9  1021.2  0.00   0.0   0.000   0.000   23.5    54   13.7   23.6   9.86 1.1816    17.8   21.1   21.7    23    1    100.0    1 
27/09/26   2:23   17.9   17.9   17.8    76   13.6   4.8     N   0.08   9.7     N   17.9   17.9   17.9  1021.3  0.00   0.0   0.000   0.000   23.5    54   13.7   23.6   9.86 1.1816    17.8   21.1   21.7    24    1    100.0    1 
27/09/26   2:24   17.8   17.8   17.8    76   13.5   6.4     N   0.11   8.0   NNW   17.8   17.8   17.8  1021.2  0.00   0.0   0.000   0.000   23.5    54   13.7   23.6   9.86 1.1815    17.8   21.1   21.7    22    1     95.7    1 
27/09/26   2:25   17.8   17.8   17.8    76   13.5   3.2    NE   0.05   6.4   NNE   17.8   17.8   17.8  1021.2  0.00   0.0   0.000   0.000   23.5    54   13.7   23.6   9.86 1.1815    17.8   21.1   21.7    24    1    100.0    1 
27/09/26   2:26   17.8   17.8   17.8    76   13.5   3.2    NE   0.05   6.4    NE   17.8   17.8   17.8  1021.2  0.00   0.0   0.000   0.000   23.5    54   13.7   23.6   9.86 1.1815    17.8   21.1   21.7    23    1    100.0    1 
27/09/26   2:27   17.8   17.8   17.8    76   13.5   6.4    NE   0.11   9.7    NE   17.8   17.8   17.8  1021.2  0.00   0.0   0.000   0.000   23.5    54   13.7   23.6   9.86 1.1815    17.8   21.1   21.7    22    1     95.7    1 
27/09/26   2:28   17.8   17.8   17.8    76   13.5   6.4    NE   0.11   9.7    NE   17.8   17.8   17.8  1021.2  0.00   0.0   0.000   0.000   23.5    54   13.7   23.6   9.86 1.1815    17.8   21.1   21.7    24    1    100.0    1 
27/09/26   2:29   17.8   17.8   17.8    76   13.5   6.4    NE   0.11   6.4    NE   17.8   17.8   17.8  1021.2  0.00   0.0   0.000   0.000   23.5    54   13.7   23.6   9.86 1.1815    17.8   21.1   21.7    22    1     95.7    1 
27/09/26   2:30   17.8   17.8   17.8    76   13.5   6.4    NE   0.11   8.0    NE   17.8   17.8   17.8  1021.2  0.00   0.0   0.000   0.000   23.5    54   13.7   23.6   9.86 1.1815    17.8   21.1   21.7    24    1    100.0    1 
27/09/26   2:31   17.7   17.8   17.7    76   13.4   4.8   ENE   0.08   8.0   ENE   17.7   17.7   17.7  1021.2  0.00   0.0   0.000   0.000   23.5    54   13.7   23.6   9.86 1.1815    17.8   21.1   21.7    23    1    100.0    1 
27/09/26   2:32   17.7   17.7   17.7    76   13.4   4.8    NE   0.08   8.0    NE   17.7   17.7   17.7  1021.2  0.00   0.0   0.000   0.000   23.5    54   13.7   23.6   9.86 1.1815    17.8   21.1   21.7    22    1     95.7    1 
27/09/26   2:33   17.7   17.7   17.7    76   13.4   6.4   ENE   0.11   8.0   ENE   17.7   17.7   17.7  1021.1  0.00   0.0   0.000   0.000   23.5    54   13.7   23.6   9.86 1.1814    17.8   21.1   21.7    24    1    100.0    1 
27/09/26   2:34   17.7   17.7   17.7    76   13.4   3.2   ENE   0.05   4.8   ENE   17.7   17.7   17.7  1021.1  0.00   0.0   0.000   0.000   23.5    54   13.7   23.6   9.86 1.1814    17.8   21.1   21.7    23    1    100.0    1 
27/09/26   2:35   17.7   17.7   17.7    77   13.6   3.2   ENE   0.05   4.8   ENE   17.7   17.7   17.7  1021.1  0.00   0.0   0.000   0.000   23.5    54   13.7   23.6   9.86 1.1814    17.8   21.1   21.7    24    1    100.0    1 
27/09/26   2:36   17.7   17.7   17.7    77   13.6   3.2   ENE   0.05   3.2   ENE   17.7   17.7   17.7  1021.1  0.00   0.0   0.000   0.000   23.5    54   13.7   23.6   9.86 1.1814    17.8   21.1   21.7    22    1     95.7    1 
27/09/26   2:37   17.7   17.7   17.7    77   13.6   1.6   ENE   0.03   3.2   ENE   17.7   17.7   17.7  1021.1  0.00   0.0   0.000   0.000   23.5    54   13.7   23.6   9.86 1.1814    17.8   21.1   21.7    22    1     95.7    1 
27/09/26   2:38   17.7   17.7   17.7    77   13.6   1.6   ENE   0.03   4.8   ENE   17.7   17.7   17.7  1021.1  0.00   0.0   0.000   0.000   23.4    54   13.6   23.5   9.87 1.1817    17.8   21.1   21.7    23    1    100.0    1 
27/09/26   2:39   17.7   17.7   17.7    77   13.6   3.2   ENE   0.05   4.8   ENE   17.7   17.7   17.7  1021.1  0.00   0.0   0.000   0.000   23.5    54   13.7   23.6   9.86 1.1814    17.8   21.1   21.7    22    1     95.7    1 
27/09/26   2:40   17.7   17.7   17.7    77   13.6   4.8    NE   0.08   6.4   ENE   17.7   17.7   17.7  1021.1  0.00   0.0   0.000   0.000   23.5    54   13.7   23.6   9.86 1.1814    17.8   21.1   21.7    24    1    100.0    1 
27/09/26   2:41   17.7   17.7   17.7    77   13.6   1.6    NE   0.03   3.2    NE   17.7   17.7   17.7  1021.1  0.00   0.0   0.000   0.000   23.5    54   13.7   23.6   9.86 1.1814    17.8   21.1   21.7    22    1     95.7    1 
27/09/26   2:42   17.7   17.7   17.7    77   13.6   4.8    NE   0.08   6.4    NE   17.7   17.7   17.7  1021.1  0.00   0.0   0.000   0.000   23.4    54   13.6   23.5   9.87 1.1817    17.8   21.1   21.7    24    1    100.0    1 
27/09/26   2:43   17.6   17.7   17.6    77   13.5   3.2   ENE   0.05   6.4   ENE   17.6   17.7   17.7  1021.1  0.00   0.0   0.001   0.000   23.4    54   13.6   23.5   9.87 1.1817    17.8   21.1   21.7    22    1     95.7    1 
27/09/26   2:44   17.6   17.7   17.6    77   13.5   1.6     N   0.03   4.8   NNE   17.6   17.7   17.7  1021.1  0.00   0.0   0.001   0.000   23.4    54   13.6   23.5   9.87 1.1816    17.8   21.1   21.7    22    1     95.7    1 
27/09/26   2:45   17.6   17.6   17.6    77   13.5   1.6     N   0.03   3.2     N   17.6   17.7   17.7  1021.1  0.00   0.0   0.001   0.000   23.5    54   13.7   23.6   9.86 1.1814    17.8   21.1   21.7    23    1    100.0    1 
27/09/26   2:46   17.6   17.6   17.6    77   13.5   3.2   NNE   0.05   4.8   NNE   17.6   17.7   17.7  1021.1  0.00   0.0   0.001   0.000   23.5    54   13.7   23.6   9.86 1.1814    17.8   21.1   21.7    22    1     95.7    1 
27/09/26   2:47   17.6   17.6   17.6    77   13.5   3.2    NE   0.05   4.8   NNE   17.6   17.7   17.7  1021.1  0.00   0.0   0.001   0.000   23.4    54   13.6   23.5   9.87 1.1816    17.8   21.1   21.7    23    1    100.0    1 
27/09/26   2:48   17.6   17.6   17.6    77   13.5   3.2   NNE   0.05   4.8    NE   17.6   17.7   17.7  1021.1  0.00   0.0   0.001   0.000   23.4    54   13.6   23.5   9.87 1.1816    17.8   21.1   21.7    23    1    100.0    1 
27/09/26   2:49   17.6   17.6   17.6    77   13.5   4.8     N   0.08   6.4     N   17.6   17.7   17.7  1021.0  0.00   0.0   0.001   0.000   23.4    54   13.6   23.5   9.87 1.1816    17.8   21.1   21.7    22    1     95.7    1 
27/09/26   2:50   17.6   17.6   17.6    77   13.5   4.8    NE   0.08   6.4    NE   17.6   17.7   17.7  1021.0  0.00   0.0   0.001   0.000   23.4    54   13.6   23.5   9.87 1.1816    17.8   21.1   21.7    24    1    100.0    1 
27/09/26   2:51   17.6   17.6   17.6    77   13.5   4.8   NNE   0.08   4.8    NE   17.6   17.7   17.7  1021.0  0.00   0.0   0.001   0.000   23.4    54   13.6   23.5   9.87 1.1816    17.8   21.1   21.7    22    1     95.7    1 
27/09/26   2:52   17.6   17.6   17.6    77   13.5   1.6   NNE   0.03   4.8   NNE   17.6   17.7   17.7  1021.0  0.00   0.0   0.001   0.000   23.4    54   13.6   23.5   9.87 1.1815    17.8   21.1   21.7    22    1     95.7    1 
27/09/26   2:53   17.6   17.6   17.6    77   13.5   3.2   NNE   0.05   4.8   NNE   17.6   17.7   17.7  1021.0  0.00   0.0   0.001   0.000   23.4    54   13.6   23.5   9.87 1.1816    17.8   21.1   21.7    23    1    100.0    1 
27/09/26   2:54   17.6   17.6   17.6    77   13.5   1.6   NNE   0.03   3.2   NNE   17.6   17.6   17.6  1021.0  0.00   0.0   0.001   0.000   23.4    54   13.6   23.5   9.87 1.1816    17.8   21.1   21.7    23    1    100.0    1 
27/09/26   2:55   17.6   17.6   17.6    77   13.5   3.2   NNE   0.05   4.8   NNE   17.6   17.6   17.6  1021.0  0.00   0.0   0.001   0.000   23.4    54   13.6   23.5   9.87 1.1816    17.8   21.1   21.7    23    1    100.0    1 
27/09/26   2:56   17.6   17.6   17.6    77   13.5   4.8    NE   0.08   6.4    NE   17.6   17.7   17.7  1021.0  0.00   0.0   0.001   0.000   23.4    54   13.6   23.5   9.87 1.1816    17.8   21.1   21.7    22    1     95.7    1 
27/09/26   2:57   17.6   17.6   17.6    77   13.5   4.8    NE   0.08   6.4   NNE   17.6   17.6   17.6  1021.0  0.00   0.0   0.001   0.000   23.4    54   13.6   23.5   9.87 1.1816    17.8   21.1   21.7    24    1    100.0    1 
27/09/26   2:58   17.6   17.6   17.6    77   13.5   1.6   NNE   0.03   3.2   NNE   17.6   17.6   17.6  1021.0  0.00   0.0   0.001   0.000   23.4    54   13.6   23.5   9.87 1.1816    17.8   21.1   21.7    21    1     91.3    1 
27/09/26   2:59   17.6   17.6   17.6    77   13.5   4.8   NNE   0.08   6.4   NNE   17.6   17.6   17.6  1021.0  0.00   0.0   0.001   0.000   23.4    54   13.6   23.5   9.87 1.1816    17.8   21.1   21.7    24    1    100.0    1 
27/09/26   3:00   17.6   17.6   17.6    77   13.5   4.8     N   0.08   6.4     N   17.6   17.6   17.6  1021.0  0.00   0.0   0.001   0.000   23.4    54   13.6   23.5   9.87 1.1816    17.8   21.1   21.7    22    1     95.7    1 
27/09/26   3:01   17.5   17.6   17.5    77   13.4   4.8    NE   0.08   6.4    NE   17.5   17.5   17.5  1021.1  0.00   0.0   0.001   0.000   23.4    54   13.6   23.5   9.87 1.1816    17.8   21.1   21.7    23    1    100.0    1 
27/09/26   3:02   17.5   17.5   17.5    77   13.4   1.6    NE   0.03   3.2    NE   17.5   17.5   17.5  1021.0  0.00   0.0   0.001   0.000   23.4    54   13.6   23.5   9.87 1.1816    17.8   21.1   21.7    23    1    100.0    1 
27/09/26   3:03   17.5   17.5   17.5    77   13.4   1.6    NE   0.03   3.2    NE   17.5   17.5   17.5  1021.0  0.00   0.0   0.001   0.000   23.4    54   13.6   23.5   9.87 1.1816    17.8   21.1   21.7    21    1     91.3    1 
27/09/26   3:04   17.5   17.5   17.5    77   13.4   1.6   ENE   0.03   4.8   ENE   17.5   17.5   17.5  1021.0  0.00   0.0   0.001   0.000   23.4    54   13.6   23.5   9.87 1.1816    17.8   21.1   21.7    23    1    100.0    1 
27/09/26   3:05   17.5   17.5   17.5    77   13.4   3.2   ENE   0.05   4.8    NE   17.5   17.5   17.5  1021.0  0.00   0.0   0.001   0.000   23.4    54   13.6   23.5   9.87 1.1816    17.8   21.1   21.7    22    1     95.7    1 
27/09/26   3:06   17.5   17.5   17.5    77   13.4   3.2    NE   0.05   4.8    NE   17.5   17.5   17.5  1021.0  0.00   0.0   0.001   0.000   23.4    54   13.6   23.5   9.87 1.1816    17.8   21.1   21.7    24    1    100.0    1 
27/09/26   3:07   17.5   17.5   17.5    77   13.4   4.8   NNE   0.08   6.4   NNE   17.5   17.5   17.5  1021.0  0.00   0.0   0.001   0.000   23.4    54   13.6   23.5   9.87 1.1815    17.8   21.1   21.7    22    1     95.7    1 
27/09/26   3:08   17.5   17.5   17.5    77   13.4   4.8   NNE   0.08   6.4   NNE   17.5   17.5   17.5  1021.0  0.00   0.0   0.001   0.000   23.4    54   13.6   23.5   9.87 1.1816    17.8   21.1   21.7    23    1    100.0    1 
27/09/26   3:09   17.5   17.5   17.5    77   13.4   3.2   NNE   0.05   4.8   NNE   17.5   17.5   17.5  1020.9  0.00   0.0   0.001   0.000   23.4    54   13.6   23.5   9.87 1.1815    17.8   21.1   21.7    22    1     95.7    1 
27/09/26   3:10   17.5   17.5   17.5    77   13.4   3.2   NNE   0.05   4.8   NNE   17.5   17.5   17.5  1020.9  0.00   0.0   0.001   0.000   23.4    54   13.6   23.5   9.87 1.1815    17.8   21.1   21.7    23    1    100.0    1 
27/09/26   3:11   17.5   17.5   17.5    77   13.4   3.2    NE   0.05   4.8   NNE   17.5   17.5   17.5  1020.9  0.00   0.0   0.001   0.000   23.4    54   13.6   23.5   9.87 1.1814    17.8   21.1   21.7    23    1    100.0    1 
27/09/26   3:12   17.5   17.5   17.4    77   13.4   3.2    NE   0.05   3.2    NE   17.5   17.5   17.5  1020.9  0.00   0.0   0.001   0.000   23.4    54   13.6   23.5   9.87 1.1815    17.8   21.1   21.7    22    1     95.7    1 
27/09/26   3:13   17.5   17.5   17.5    77   13.4   4.8    NE   0.08   6.4   NNE   17.5   17.5   17.5  1020.9  0.00   0.0   0.001   0.000   23.4    54   13.6   23.5   9.87 1.1814    17.8   21.1   21.7    22    1     95.7    1 
27/09/26   3:14   17.4   17.5   17.4    77   13.4   4.8   NNE   0.08   4.8   NNE   17.4   17.4   17.4  1020.9  0.00   0.0   0.001   0.000   23.4    54   13.6   23.5   9.87 1.1814    17.2   21.1   21.7    23    1    100.0    1 
27/09/26   3:15   17.4   17.4   17.4    77   13.4   4.8   NNE   0.08   6.4   NNE   17.4   17.4   17.4  1020.8  0.00   0.0   0.001   0.000   23.4    54   13.6   23.5   9.87 1.1814    17.2   21.1   21.7    23    1    100.0    1 
27/09/26   3:16   17.4   17.4   17.4    77   13.4   4.8   NNE   0.08   6.4   NNE   17.4   17.4   17.4  1020.8  0.00   0.0   0.001   0.000   23.4    54   13.6   23.5   9.87 1.1814    17.2   21.1   21.7    22    1     95.7    1 
27/09/26   3:17   17.4   17.4   17.4    77   13.4   4.8    NE   0.08   6.4    NE   17.4   17.4   17.4  1020.8  0.00   0.0   0.001   0.000   23.4    54   13.6   23.5   9.87 1.1814    17.2   21.1   21.7    23    1    100.0    1 
27/09/26   3:18   17.4   17.4   17.4    78   13.6   3.2   NNE   0.05   6.4   NNE   17.4   17.5   17.5  1020.9  0.00   0.0   0.001   0.000   23.4    54   13.6   23.5   9.87 1.1814    17.2   21.1   21.7    23    1    100.0    1 
27/09/26   3:19   17.4   17.4   17.4    78   13.5   3.2   NNE   0.05   4.8   NNE   17.4   17.4   17.4  1020.8  0.00   0.0   0.001   0.000   23.4    54   13.6   23.5   9.87 1.1814    17.2   21.1   21.7    23    1    100.0    1 
27/09/26   3:20   17.4   17.4   17.4    78   13.6   3.2   NNE   0.05   4.8   NNE   17.4   17.5   17.5  1020.9  0.00   0.0   0.001   0.000   23.4    54   13.6   23.5   9.87 1.1814    17.2   21.1   21.7    23    1    100.0    1 
27/09/26   3:21   17.4   17.4   17.4    78   13.5   3.2   NNE   0.05   4.8   NNE   17.4   17.4   17.4  1020.9  0.00   0.0   0.001   0.000   23.4    54   13.6   23.5   9.87 1.1814    17.2   21.1   21.7    24    1    100.0    1 
27/09/26   3:22   17.4   17.4   17.4    78   13.5   1.6   NNE   0.03   3.2   NNE   17.4   17.4   17.4  1020.9  0.00   0.0   0.001   0.000   23.4    54   13.6   23.5   9.87 1.1814    17.2   21.1   21.7    21    1     91.3    1 
27/09/26   3:23   17.4   17.4   17.4    78   13.5   0.0   NNE   0.00   1.6   NNE   17.4   17.4   17.4  1020.9  0.00   0.0   0.001   0.000   23.4    54   13.6   23.5   9.87 1.1814    17.2   21.1   21.7    24    1    100.0    1 
27/09/26   3:24   17.4   17.4   17.4    78   13.5   0.0   NNE   0.00   1.6   NNE   17.4   17.4   17.4  1020.9  0.00   0.0   0.001   0.000   23.4    54   13.6   23.5   9.87 1.1814    17.2   21.1   21.7    22    1     95.7    1 
27/09/26   3:25   17.4   17.4   17.4    78   13.5   0.0   ---   0.00   0.0   ---   17.4   17.4   17.4  1020.9  0.00   0.0   0.001   0.000   23.4    54   13.6   23.5   9.87 1.1814    17.2   21.1   21.7    23    1    100.0    1 
27/09/26   3:26   17.4   17.4   17.4    78   13.5   0.0   ---   0.00   0.0   ---   17.4   17.4   17.4  1020.8  0.00   0.0   0.001   0.000   23.4    54   13.6   23.5   9.87 1.1814    17.2   21.1   21.7    23    1    100.0    1 
27/09/26   3:27   17.4   17.4   17.4    78   13.5   0.0   ---   0.00   0.0   ---   17.4   17.4   17.4  1020.8  0.00   0.0   0.001   0.000   23.4    54   13.6   23.5   9.87 1.1814    17.2   21.1   21.7    23    1    100.0    1 
27/09/26   3:28   17.4   17.4   17.4    78   13.5   0.0   ---   0.00   0.0   ---   17.4   17.4   17.4  1020.8  0.00   0.0   0.001   0.000   23.4    54   13.6   23.5   9.87 1.1814    17.2   21.1   21.7    23    1    100.0    1 
27/09/26   3:29   17.4   17.4   17.4    78   13.5   1.6    NE   0.03   3.2    NE   17.4   17.4   17.4  1020.8  0.00   0.0   0.001   0.000   23.4    54   13.6   23.5   9.87 1.1813    17.2   21.1   21.7    21    1     91.3    1 
27/09/26   3:30   17.4   17.4   17.4    78   13.5   1.6    NE   0.03   3.2    NE   17.4   17.4   17.4  1020.8  0.00   0.0   0.001   0.000   23.4    54   13.6   23.5   9.87 1.1813    17.2   21.1   21.7    23    1    100.0    1 
27/09/26   3:31   17.4   17.4   17.4    78   13.5   3.2    NE   0.05   4.8    NE   17.4   17.4   17.4  1020.8  0.00   0.0   0.001   0.000   23.4    54   13.6   23.5   9.87 1.1813    17.2   21.1   21.7    23    1    100.0    1 
27/09/26   3:32   17.4   17.4   17.4    78   13.5   3.2     N   0.05   4.8   NNE   17.4   17.4   17.4  1020.7  0.00   0.0   0.001   0.000   23.4    54   13.6   23.5   9.87 1.1813    17.2   21.1   21.7    23    1    100.0    1 
27/09/26   3:33   17.4   17.4   17.4    78   13.5   1.6     N   0.03   3.2     N   17.4   17.4   17.4  1020.7  0.00   0.0   0.001   0.000   23.4    54   13.6   23.5   9.87 1.1812    17.2   21.1   21.7    23    1    100.0    1 
27/09/26   3:34   17.4   17.4   17.4    78   13.5   1.6   NNE   0.03   4.8   NNE   17.4   17.4   17.4  1020.7  0.00   0.0   0.001   0.000   23.4    54   13.6   23.5   9.87 1.1812    17.2   21.1   21.7    21    1     91.3    1 
27/09/26   3:35   17.4   17.4   17.4    78   13.5   4.8    NE   0.08   6.4    NE   17.4   17.4   17.4  1020.7  0.00   0.0   0.001   0.000   23.4    54   13.6   23.5   9.87 1.1812    17.2   21.1   21.7    23    1    100.0    1 
27/09/26   3:36   17.4   17.4   17.4    78   13.5   4.8    NE   0.08   6.4    NE   17.4   17.4   17.4  1020.7  0.00   0.0   0.001   0.000   23.4    54   13.6   23.5   9.87 1.1812    17.2   21.1   21.7    22    1     95.7    1 
27/09/26   3:37   17.3   17.4   17.3    78   13.5   3.2    NE   0.05   4.8    NE   17.3   17.4   17.4  1020.7  0.00   0.0   0.001   0.000   23.4    54   13.6   23.5   9.87 1.1812    17.2   21.1   21.7    23    1    100.0    1 
27/09/26   3:38   17.3   17.4   17.3    78   13.5   3.2    NE   0.05   4.8    NE   17.3   17.4   17.4  1020.7  0.00   0.0   0.001   0.000   23.4    54   13.6   23.5   9.87 1.1812    17.2   21.1   21.7    24    1    100.0    1 
27/09/26   3:39   17.3   17.3   17.3    78   13.5   3.2    NE   0.05   6.4    NE   17.3   17.4   17.4  1020.6  0.00   0.0   0.001   0.000   23.4    54   13.6   23.5   9.87 1.1811    17.2   21.1   21.7    22    1     95.7    1 
27/09/26   3:40   17.3   17.3   17.3    78   13.5   1.6    NE   0.03   3.2    NE   17.3   17.4   17.4  1020.6  0.00   0.0   0.001   0.000   23.4    54   13.6   23.5   9.87 1.1811    17.2   21.1   21.7    22    1     95.7    1 
27/09/26   3:41   17.3   17.3   17.3    78   13.4   1.6    NE   0.03   3.2    NE   17.3   17.3   17.3  1020.6  0.00   0.0   0.001   0.000   23.4    54   13.6   23.5   9.87 1.1811    17.2   21.1   21.7    23    1    100.0    1 
27/09/26   3:42   17.3   17.3   17.3    78   13.5   0.0    NE   0.00   1.6    NE   17.3   17.4   17.4  1020.6  0.00   0.0   0.001   0.000   23.4    54   13.6   23.5   9.87 1.1811    17.2   21.1   21.7    23    1    100.0    1 
27/09/26   3:43   17.3   17.3   17.3    78   13.4   3.2    NE   0.05   4.8    NE   17.3   17.3   17.3  1020.6  0.00   0.0   0.001   0.000   23.4    54   13.6   23.5   9.87 1.1811    17.2   21.1   21.7    24    1    100.0    1 
27/09/26   3:44   17.3   17.3   17.3    78   13.4   0.0    NE   0.00   1.6    NE   17.3   17.3   17.3  1020.6  0.00   0.0   0.001   0.000   23.4    54   13.6   23.5   9.87 1.1811    17.2   21.1   21.7    23    1    100.0    1 
27/09/26   3:45   17.3   17.3   17.3    78   13.4   3.2    NE   0.05   4.8    NE   17.3   17.3   17.3  1020.6  0.00   0.0   0.001   0.000   23.4    54   13.6   23.5   9.87 1.1811    17.2   21.1   21.7    23    1    100.0    1 
27/09/26   3:46   17.3   17.3   17.3    78   13.4   4.8    NE   0.08   4.8    NE   17.3   17.3   17.3  1020.6  0.00   0.0   0.001   0.000   23.4    54   13.6   23.5   9.87 1.1811    17.2   21.1   21.7    23    1    100.0    1 
27/09/26   3:47   17.3   17.3   17.3    78   13.4   4.8    NE   0.08   4.8    NE   17.3   17.3   17.3  1020.6  0.00   0.0   0.001   0.000   23.4    54   13.6   23.5   9.87 1.1811    17.2   21.1   21.7    23    1    100.0    1 
27/09/26   3:48   17.3   17.3   17.3    78   13.4   1.6    NE   0.03   3.2    NE   17.3   17.3   17.3  1020.6  0.00   0.0   0.001   0.000   23.4    54   13.6   23.5   9.87 1.1811    17.2   21.1   21.7    23    1    100.0    1 
27/09/26   3:49   17.3   17.3   17.3    78   13.4   3.2   ENE   0.05   6.4   ENE   17.3   17.3   17.3  1020.6  0.00   0.0   0.001   0.000   23.4    54   13.6   23.5   9.87 1.1811    17.2   21.1   21.7    21    1     91.3    1 
27/09/26   3:50   17.3   17.3   17.3    78   13.4   1.6   ENE   0.03   3.2   ENE   17.3   17.3   17.3  1020.6  0.00   0.0   0.001   0.000   23.4    54   13.6   23.5   9.87 1.1811    17.2   21.1   21.7    24    1    100.0    1 
27/09/26   3:51   17.3   17.3   17.3    78   13.4   4.8   ENE   0.08   6.4   ENE   17.3   17.3   17.3  1020.6  0.00   0.0   0.001   0.000   23.4    54   13.6   23.5   9.87 1.1811    17.2   21.1   21.7    23    1    100.0    1 
27/09/26   3:52   17.3   17.3   17.3    78   13.4   3.2   ENE   0.05   4.8   ENE   17.3   17.3   17.3  1020.6  0.00   0.0   0.001   0.000   23.4    54   13.6   23.5   9.87 1.1811    17.2   21.1   21.7    24    1    100.0    1 
27/09/26   3:53   17.3   17.3   17.3    78   13.4   1.6   ENE   0.03   4.8   ENE   17.3   17.3   17.3  1020.6  0.00   0.0   0.001   0.000   23.4    54   13.6   23.5   9.87 1.1811    17.2   21.1   21.7    23    1    100.0    1 
27/09/26   3:54   17.3   17.3   17.3    78   13.4   3.2   ENE   0.05   6.4   ENE   17.3   17.3   17.3  1020.6  0.00   0.0   0.001   0.000   23.4    54   13.6   23.5   9.87 1.1811    17.2   21.1   21.7    22    1     95.7    1 
27/09/26   3:55   17.3   17.3   17.3    78   13.4   1.6   ENE   0.03   3.2   ENE   17.3   17.3   17.3  1020.5  0.00   0.0   0.001   0.000   23.4    54   13.6   23.5   9.87 1.1810    17.2   21.1   21.7    24    1    100.0    1 
27/09/26   3:56   17.3   17.3   17.3    78   13.4   3.2   ENE   0.05   4.8   ENE   17.3   17.3   17.3  1020.5  0.00   0.0   0.001   0.000   23.4    54   13.6   23.5   9.87 1.1810    17.2   21.1   21.7    23    1    100.0    1 
27/09/26   3:57   17.3   17.3   17.3    78   13.4   3.2     N   0.05   4.8     N   17.3   17.3   17.3  1020.5  0.00   0.0   0.001   0.000   23.4    54   13.6   23.5   9.87 1.1810    17.2   21.1   21.7    22    1     95.7    1 
27/09/26   3:58   17.3   17.3   17.2    78   13.4   0.0     N   0.00   3.2     N   17.3   17.3   17.3  1020.5  0.00   0.0   0.001   0.000   23.4    54   13.6   23.5   9.87 1.1809    17.2   21.1   21.7    23    1    100.0    1 
27/09/26   3:59   17.3   17.3   17.2    78   13.4   3.2     N   0.05   4.8     N   17.3   17.3   17.3  1020.5  0.00   0.0   0.001   0.000   23.4    54   13.6   23.5   9.87 1.1810    17.2   21.1   21.7    24    1    100.0    1 
27/09/26   4:00   17.3   17.3   17.2    78   13.4   3.2     N   0.05   4.8     N   17.3   17.3   17.3  1020.5  0.00   0.0   0.001   0.000   23.4    54   13.6   23.5   9.87 1.1810    17.2   21.1   21.7    23    1    100.0    1 
27/09/26   4:01   17.2   17.3   17.2    78   13.4   3.2     N   0.05   3.2     N   17.2   17.2   17.2  1020.5  0.00   0.0   0.001   0.000   23.4    54   13.6   23.5   9.87 1.1810    17.2   21.1   21.7    23    1    100.0    1 
27/09/26   4:02   17.2   17.3   17.2    78   13.4   3.2     N   0.05   4.8     N   17.2   17.2   17.2  1020.5  0.00   0.0   0.001   0.000   23.4    54   13.6   23.5   9.87 1.1810    17.2   21.1   21.7    24    1    100.0    1 
27/09/26   4:03   17.2   17.2   17.2    78   13.4   3.2     N   0.05   6.4     N   17.2   17.2   17.2  1020.5  0.00   0.0   0.001   0.000   23.4    54   13.6   23.5   9.87 1.1810    17.2   21.1   21.7    23    1    100.0    1 
27/09/26   4:04   17.2   17.2   17.2    78   13.4   3.2     N   0.05   4.8     N   17.2   17.2   17.2  1020.5  0.00   0.0   0.001   0.000   23.4    54   13.6   23.5   9.87 1.1810    17.2   21.1   21.7    23    1    100.0    1 
27/09/26   4:05   17.2   17.2   17.2    78   13.4   4.8     N   0.08   4.8     N   17.2   17.2   17.2  1020.5  0.00   0.0   0.001   0.000   23.4    54   13.6   23.5   9.87 1.1809    17.2   21.1   21.7    23    1    100.0    1 
27/09/26   4:06   17.2   17.2   17.2    78   13.4   1.6     N   0.03   3.2     N   17.2   17.2   17.2  1020.5  0.00   0.0   0.001   0.000   23.4    54   13.6   23.5   9.87 1.1809    17.2   21.1   21.7    23    1    100.0    1 
27/09/26   4:07   17.2   17.2   17.2    78   13.4   1.6     N   0.03   3.2     N   17.2   17.2   17.2  1020.5  0.00   0.0   0.001   0.000   23.4    54   13.6   23.5   9.87 1.1809    17.2   21.1   21.7    24    1    100.0    1 
27/09/26   4:08   17.2   17.2   17.2    78   13.4   3.2     N   0.05   4.8     N   17.2   17.2   17.2  1020.5  0.00   0.0   0.001   0.000   23.4    54   13.6   23.5   9.87 1.1810    17.2   21.1   21.7    23    1    100.0    1 
27/09/26   4:09   17.2   17.2   17.2    78   13.4   4.8     N   0.08   6.4     N   17.2   17.2   17.2  1020.4  0.00   0.0   0.001   0.000   23.4    54   13.6   23.5   9.87 1.1809    17.2   21.1   21.7    23    1    100.0    1 
27/09/26   4:10   17.2   17.2   17.2    78   13.4   4.8     N   0.08   6.4    NE   17.2   17.2   17.2  1020.5  0.00   0.0   0.001   0.000   23.4    54   13.6   23.5   9.87 1.1809    17.2   21.1   21.7    22    1     95.7    1 
27/09/26   4:11   17.2   17.2   17.2    78   13.4   4.8    NE   0.08   6.4    NE   17.2   17.2   17.2  1020.4  0.00   0.0   0.001   0.000   23.4    54   13.6   23.5   9.87 1.1809    17.2   21.1   21.7    22    1     95.7    1 
27/09/26   4:12   17.2   17.2   17.2    78   13.3   3.2   NNE   0.05   4.8   NNE   17.2   17.2   17.2  1020.4  0.00   0.0   0.001   0.000   23.4    54   13.6   23.5   9.87 1.1809    17.2   21.1   21.7    23    1    100.0    1 
27/09/26   4:13   17.2   17.2   17.2    78   13.3   3.2    NE   0.05   4.8   NNE   17.2   17.2   17.2  1020.4  0.00   0.0   0.001   0.000   23.4    54   13.6   23.5   9.87 1.1809    17.2   21.1   21.7    23    1    100.0    1 
27/09/26   4:14   17.2   17.2   17.2    78   13.3   3.2    NE   0.05   4.8    NE   17.2   17.2   17.2  1020.4  0.00   0.0   0.001   0.000   23.4    54   13.6   23.5   9.87 1.1809    17.2   21.1   21.7    22    1     95.7    1 
27/09/26   4:15   17.2   17.2   17.2    78   13.3   3.2    NE   0.05   4.8    NE   17.2   17.2   17.2  1020.4  0.00   0.0   0.001   0.000   23.4    54   13.6   23.5   9.87 1.1809    17.2   21.1   21.7    23    1    100.0    1 
27/09/26   4:16   17.2   17.2   17.2    78   13.3   4.8    NE   0.08   6.4    NE   17.2   17.2   17.2  1020.4  0.00   0.0   0.001   0.000   23.4    54   13.6   23.5   9.87 1.1809    17.2   21.1   21.7    23    1    100.0    1 
27/09/26   4:17   17.2   17.2   17.2    78   13.3   3.2    NE   0.05   4.8    NE   17.2   17.2   17.2  1020.3  0.00   0.0   0.001   0.000   23.4    54   13.6   23.5   9.87 1.1808    17.2   21.1   21.7    22    1     95.7    1 
27/09/26   4:18   17.2   17.2   17.2    78   13.3   4.8    NE   0.08   6.4   ENE   17.2   17.2   17.2  1020.3  0.00   0.0   0.001   0.000   23.4    54   13.6   23.5   9.87 1.1808    17.2   21.1   21.7    22    1     95.7    1 
27/09/26   4:19   17.2   17.2   17.2    78   13.3   4.8     N   0.08   4.8    NE   17.2   17.2   17.2  1020.3  0.00   0.0   0.001   0.000   23.4    54   13.6   23.5   9.87 1.1808    17.2   21.1   21.7    23    1    100.0    1 
27/09/26   4:20   17.1   17.2   17.1    78   13.2   4.8    NE   0.08   4.8    NE   17.1   17.1   17.1  1020.3  0.00   0.0   0.001   0.000   23.4    54   13.6   23.5   9.87 1.1808    17.2   21.1   21.7    20    1     87.0    1 
27/09/26   4:21   17.1   17.1   17.1    78   13.2   1.6    NE   0.03   3.2    NE   17.1   17.1   17.1  1020.3  0.00   0.0   0.001   0.000   23.4    54   13.6   23.5   9.87 1.1807    17.2   21.1   21.7    23    1    100.0    1 
27/09/26   4:22   17.1   17.1   17.1    79   13.4   1.6    NE   0.03   3.2    NE   17.1   17.2   17.2  1020.3  0.00   0.0   0.001   0.000   23.4    54   13.6   23.5   9.87 1.1808    17.2   21.1   21.7    22    1     95.7    1 
27/09/26   4:23   17.1   17.1   17.1    79   13.4   0.0   ---   0.00   0.0   ---   17.1   17.2   17.2  1020.3  0.00   0.0   0.001   0.000   23.4    54   13.6   23.5   9.87 1.1807    17.2   21.1   21.7    22    1     95.7    1 
27/09/26   4:24   17.1   17.1   17.1    79   13.4   0.0    NE   0.00   1.6    NE   17.1   17.2   17.2  1020.3  0.00   0.0   0.001   0.000   23.4    54   13.6   23.5   9.87 1.1807    17.2   21.1   21.7    23    1    100.0    1 
27/09/26   4:25   17.1   17.1   17.1    79   13.4   3.2    NE   0.05   4.8    NE   17.1   17.2   17.2  1020.3  0.00   0.0   0.001   0.000   23.4    54   13.6   23.5   9.87 1.1807    17.2   21.1   21.7    23    1    100.0    1 
27/09/26   4:26   17.1   17.1   17.1    79   13.4   1.6    NE   0.03   3.2    NE   17.1   17.2   17.2  1020.3  0.00   0.0   0.001   0.000   23.4    54   13.6   23.5   9.87 1.1807    17.2   21.1   21.7    21    1     91.3    1 
27/09/26   4:27   17.1   17.1   17.1    79   13.4   1.6    NE   0.03   3.2    NE   17.1   17.2   17.2  1020.2  0.00   0.0   0.001   0.000   23.4    54   13.6   23.5   9.87 1.1807    17.2   21.1   21.7    23    1    100.0    1 
27/09/26   4:28   17.1   17.1   17.1    79   13.4   0.0    NE   0.00   1.6    NE   17.1   17.1   17.1  1020.2  0.00   0.0   0.001   0.000   23.4    54   13.6   23.5   9.87 1.1806    17.2   21.1   21.7    24    1    100.0    1 
27/09/26   4:29   17.1   17.1   17.1    79   13.4   1.6    NE   0.03   3.2    NE   17.1   17.2   17.2  1020.2  0.00   0.0   0.001   0.000   23.4    54   13.6   23.5   9.87 1.1806    17.2   21.1   21.7    21    1     91.3    1 
27/09/26   4:30   17.1   17.1   17.1    79   13.4   0.0    NE   0.00   1.6    NE   17.1   17.1   17.1  1020.2  0.00   0.0   0.001   0.000   23.4    54   13.6   23.5   9.87 1.1806    17.2   21.1   21.7    22    1     95.7    1 
27/09/26   4:31   17.1   17.1   17.1    79   13.4   0.0    NE   0.00   3.2    NE   17.1   17.1   17.1  1020.1  0.00   0.0   0.001   0.000   23.4    54   13.6   23.5   9.87 1.1805    17.2   21.1   21.7    23    1    100.0    1 
27/09/26   4:32   17.1   17.1   17.1    79   13.4   3.2    NE   0.05   4.8    NE   17.1   17.1   17.1  1020.1  0.00   0.0   0.001   0.000   23.4    54   13.6   23.5   9.87 1.1805    17.2   21.1   21.7    23    1    100.0    1 
27/09/26   4:33   17.1   17.1   17.1    79   13.4   3.2    NE   0.05   4.8    NE   17.1   17.1   17.1  1020.1  0.00   0.0   0.001   0.000   23.4    54   13.6   23.5   9.87 1.1805    17.2   21.1   21.7    24    1    100.0    1 
27/09/26   4:34   17.1   17.1   17.1    79   13.4   3.2    NE   0.05   4.8    NE   17.1   17.1   17.1  1020.1  0.00   0.0   0.001   0.000   23.4    54   13.6   23.5   9.87 1.1805    17.2   21.1   21.7    22    1     95.7    1 
27/09/26   4:35   17.1   17.1   17.1    79   13.4   3.2   ENE   0.05   4.8   ENE   17.1   17.1   17.1  1020.1  0.00   0.0   0.001   0.000   23.4    54   13.6   23.5   9.87 1.1805    17.2   21.1   21.7    21    1     91.3    1 
27/09/26   4:36   17.1   17.1   17.1    79   13.4   3.2   ENE   0.05   3.2   ENE   17.1   17.1   17.1  1020.1  0.00   0.0   0.001   0.000   23.4    54   13.6   23.5   9.87 1.1805    17.2   21.1   21.7    23    1    100.0    1 
27/09/26   4:37   17.1   17.1   17.1    79   13.4   3.2   ENE   0.05   4.8   ENE   17.1   17.1   17.1  1020.1  0.00   0.0   0.001   0.000   23.4    54   13.6   23.5   9.87 1.1805    17.2   21.1   21.7    22    1     95.7    1 
27/09/26   4:38   17.0   17.1   17.0    79   13.3   0.0   ---   0.00   0.0   ---   17.0   17.1   17.1  1020.1  0.00   0.0   0.001   0.000   23.4    54   13.6   23.5   9.87 1.1805    17.2   21.1   21.7    20    1     87.0    1 
27/09/26   4:39   17.0   17.1   17.0    79   13.3   0.0   ---   0.00   0.0   ---   17.0   17.1   17.1  1020.1  0.00   0.0   0.001   0.000   23.4    54   13.6   23.5   9.87 1.1805    17.2   21.1   21.7    22    1     95.7    1 
27/09/26   4:40   17.1   17.1   17.1    79   13.4   0.0   ENE   0.00   1.6   ENE   17.1   17.1   17.1  1020.1  0.00   0.0   0.001   0.000   23.4    54   13.6   23.5   9.87 1.1805    17.2   21.1   21.7    21    1     91.3    1 
27/09/26   4:41   17.1   17.1   17.0    79   13.4   0.0   ---   0.00   0.0   ---   17.1   17.1   17.1  1020.1  0.00   0.0   0.001   0.000   23.4    54   13.6   23.5   9.87 1.1805    17.2   21.1   21.7    23    1    100.0    1 
27/09/26   4:42   17.0   17.1   17.0    79   13.3   0.0   ---   0.00   0.0   ---   17.0   17.1   17.1  1020.1  0.00   0.0   0.001   0.000   23.4    54   13.6   23.5   9.87 1.1805    17.2   21.1   21.7    22    1     95.7    1 
27/09/26   4:43   17.0   17.0   17.0    79   13.3   0.0   ---   0.00   0.0   ---   17.0   17.1   17.1  1020.1  0.00   0.0   0.001   0.000   23.4    54   13.6   23.5   9.87 1.1805    17.2   21.1   21.7    23    1    100.0    1 
27/09/26   4:44   17.0   17.1   17.0    79   13.3   0.0   ---   0.00   0.0   ---   17.0   17.1   17.1  1020.1  0.00   0.0   0.001   0.000   23.4    54   13.6   23.5   9.87 1.1805    17.2   21.1   21.7    22    1     95.7    1 
27/09/26   4:45   17.0   17.0   17.0    79   13.3   0.0   ---   0.00   0.0   ---   17.0   17.1   17.1  1020.1  0.00   0.0   0.001   0.000   23.4    54   13.6   23.5   9.87 1.1805    17.2   21.1   21.7    22    1     95.7    1 
27/09/26   4:46   17.0   17.0   17.0    79   13.3   0.0   ---   0.00   0.0   ---   17.0   17.1   17.1  1020.1  0.00   0.0   0.001   0.000   23.4    54   13.6   23.5   9.87 1.1805    17.2   21.1   21.7    22    1     95.7    1 
27/09/26   4:47   17.0   17.0   17.0    79   13.3   0.0   ---   0.00   0.0   ---   17.0   17.1   17.1  1020.0  0.00   0.0   0.001   0.000   23.4    54   13.6   23.5   9.87 1.1804    17.2   21.1   21.7    21    1     91.3    1 
27/09/26   4:48   17.0   17.0   17.0    79   13.3   0.0   ---   0.00   0.0   ---   17.0   17.1   17.1  1020.0  0.00   0.0   0.001   0.000   23.4    54   13.6   23.5   9.87 1.1804    17.2   21.1   21.7    24    1    100.0    1 
27/09/26   4:49   17.0   17.0   17.0    79   13.3   0.0   ---   0.00   0.0   ---   17.0   17.1   17.1  1020.1  0.00   0.0   0.001   0.000   23.4    54   13.6   23.5   9.87 1.1805    17.2   21.1   21.7    21    1     91.3    1 
27/09/26   4:50   17.0   17.0   17.0    79   13.3   0.0   ---   0.00   0.0   ---   17.0   17.1   17.1  1020.1  0.00   0.0   0.001   0.000   23.4    54   13.6   23.5   9.87 1.1805    17.2   21.1   21.7    24    1    100.0    1 
27/09/26   4:51   17.0   17.0   17.0    79   13.3   3.2     E   0.05   4.8   ENE   17.0   17.1   17.1  1020.0  0.00   0.0   0.001   0.000   23.4    54   13.6   23.5   9.87 1.1804    17.2   21.1   21.7    22    1     95.7    1 
27/09/26   4:52   17.0   17.0   17.0    79   13.3   1.6     E   0.03   3.2     E   17.0   17.1   17.1  1020.0  0.00   0.0   0.001   0.000   23.4    54   13.6   23.5   9.87 1.1804    17.2   21.1   21.7    23    1    100.0    1 
27/09/26   4:53   17.0   17.0   16.9    79   13.3   1.6     E   0.03   3.2     E   17.0   17.1   17.1  1020.0  0.00   0.0   0.001   0.000   23.4    54   13.6   23.5   9.87 1.1804    17.2   21.1   21.7    23    1    100.0    1 
27/09/26   4:54   17.0   17.0   17.0    79   13.3   0.0     E   0.00   1.6     E   17.0   17.1   17.1  1020.0  0.00   0.0   0.001   0.000   23.4    54   13.6   23.5   9.87 1.1804    17.2   21.1   21.7    21    1     91.3    1 
27/09/26   4:55   17.0   17.0   17.0    79   13.3   1.6     E   0.03   3.2     E   17.0   17.1   17.1  1019.9  0.00   0.0   0.001   0.000   23.4    54   13.6   23.5   9.87 1.1803    17.2   21.1   21.7    24    1    100.0    1 
27/09/26   4:56   17.0   17.0   17.0    79   13.3   1.6     E   0.03   4.8     E   17.0   17.1   17.1  1019.9  0.00   0.0   0.001   0.000   23.4    54   13.6   23.5   9.87 1.1803    17.2   21.1   21.7    22    1     95.7    1 
27/09/26   4:57   17.0   17.0   17.0    79   13.3   4.8    SE   0.08   6.4     E   17.0   17.1   17.1  1019.9  0.00   0.0   0.001   0.000   23.4    54   13.6   23.5   9.87 1.1803    17.2   21.1   21.7    24    1    100.0    1 
27/09/26   4:58   17.0   17.0   17.0    79   13.3   1.6    SE   0.03   3.2    SE   17.0   17.1   17.1  1019.9  0.00   0.0   0.001   0.000   23.4    54   13.6   23.5   9.87 1.1803    17.2   21.1   21.7    21    1     91.3    1 
27/09/26   4:59   17.0   17.1   17.0    79   13.3   0.0    SE   0.00   1.6    SE   17.0   17.1   17.1  1019.9  0.00   0.0   0.001   0.000   23.4    54   13.6   23.5   9.87 1.1803    17.2   21.1   21.7    22    1     95.7    1 
27/09/26   5:00   17.0   17.1   17.0    79   13.3   0.0    SE   0.00   1.6    SE   17.0   17.1   17.1  1019.9  0.00   0.0   0.001   0.000   23.4    54   13.6   23.5   9.87 1.1803    17.2   21.1   21.7    23    1    100.0    1 
27/09/26   5:01   17.0   17.0   17.0    79   13.3   1.6    SE   0.03   3.2    SE   17.0   17.1   17.1  1019.9  0.00   0.0   0.001   0.000   23.4    54   13.6   23.5   9.87 1.1803    17.2   21.1   21.7    22    1     95.7    1 
27/09/26   5:02   17.1   17.1   17.0    79   13.4   3.2    SE   0.05   6.4    SE   17.1   17.1   17.1  1019.9  0.00   0.0   0.001   0.000   23.4    55   13.9   23.5  10.07 1.1800    17.2   21.1   21.7    22    1     95.7    1 
27/09/26   5:03   17.1   17.1   17.0    79   13.4   1.6    SE   0.03   3.2    SE   17.1   17.1   17.1  1019.9  0.00   0.0   0.001   0.000   23.4    55   13.9   23.5  10.07 1.1800    17.2   21.1   21.7    22    1     95.7    1 
27/09/26   5:04   17.1   17.1   17.1    79   13.4   0.0   ---   0.00   0.0   ---   17.1   17.1   17.1  1019.9  0.00   0.0   0.001   0.000   23.4    55   13.9   23.5  10.07 1.1800    17.2   21.1   21.7    21    1     91.3    1 
27/09/26   5:05   17.1   17.1   17.1    79   13.4   0.0   ---   0.00   0.0   ---   17.1   17.1   17.1  1019.9  0.00   0.0   0.001   0.000   23.4    55   13.9   23.5  10.07 1.1800    17.2   21.1   21.7    23    1    100.0    1 
27/09/26   5:06   17.1   17.1   17.1    79   13.4   0.0   ---   0.00   0.0   ---   17.1   17.1   17.1  1019.9  0.00   0.0   0.001   0.000   23.4    55   13.9   23.5  10.07 1.1800    17.2   21.1   21.7    22    1     95.7    1 
27/09/26   5:07   17.1   17.1   17.1    79   13.4   0.0    SE   0.00   1.6    SE   17.1   17.1   17.1  1019.9  0.00   0.0   0.001   0.000   23.4    55   13.9   23.5  10.07 1.1800    17.2   21.1   21.7    23    1    100.0    1 
27/09/26   5:08   17.1   17.1   17.1    79   13.4   0.0    SE   0.00   1.6    SE   17.1   17.1   17.1  1019.9  0.00   0.0   0.001   0.000   23.4    55   13.9   23.5  10.07 1.1800    17.2   21.1   21.7    22    1     95.7    1 
27/09/26   5:09   17.1   17.1   17.1    79   13.4   0.0   ---   0.00   0.0   ---   17.1   17.2   17.2  1019.9  0.00   0.0   0.001   0.000   23.4    55   13.9   23.5  10.07 1.1800    17.2   21.1   21.7    24    1    100.0    1 
27/09/26   5:10   17.1   17.1   17.1    79   13.4   0.0    SE   0.00   1.6    SE   17.1   17.2   17.2  1019.9  0.00   0.0   0.001   0.000   23.4    55   13.9   23.5  10.07 1.1800    17.2   21.1   21.7    22    1     95.7    1 
27/09/26   5:11   17.1   17.1   17.1    79   13.4   0.0   ---   0.00   0.0   ---   17.1   17.2   17.2  1019.9  0.00   0.0   0.001   0.000   23.4    55   13.9   23.5  10.07 1.1799    17.2   21.1   21.7    23    1    100.0    1 
27/09/26   5:12   17.1   17.1   17.1    79   13.4   0.0    SE   0.00   1.6    SE   17.1   17.2   17.2  1019.9  0.00   0.0   0.001   0.000   23.4    55   13.9   23.5  10.07 1.1800    17.2   21.1   21.7    24    1    100.0    1 
27/09/26   5:13   17.1   17.1   17.1    79   13.4   0.0   ---   0.00   0.0   ---   17.1   17.2   17.2  1019.8  0.00   0.0   0.001   0.000   23.4    55   13.9   23.5  10.07 1.1799    17.2   21.1   21.7    23    1    100.0    1 
27/09/26   5:14   17.1   17.1   17.1    79   13.4   0.0   ---   0.00   0.0   ---   17.1   17.2   17.2  1019.8  0.00   0.0   0.001   0.000   23.4    55   13.9   23.5  10.07 1.1799    17.2   21.1   21.7    23    1    100.0    1 
27/09/26   5:15   17.1   17.1   17.1    79   13.4   0.0   ---   0.00   0.0   ---   17.1   17.2   17.2  1019.8  0.00   0.0   0.001   0.000   23.4    55   13.9   23.5  10.07 1.1799    17.2   21.1   21.7    23    1    100.0    1 
27/09/26   5:16   17.2   17.2   17.1    79   13.5   1.6    SE   0.03   6.4    SE   17.2   17.2   17.2  1019.8  0.00   0.0   0.001   0.000   23.4    55   13.9   23.5  10.07 1.1799    17.2   21.1   21.7    23    1    100.0    1 
27/09/26   5:17   17.2   17.2   17.2    79   13.5   1.6    SE   0.03   6.4    SE   17.2   17.2   17.2  1019.8  0.00   0.0   0.001   0.000   23.4    55   13.9   23.5  10.07 1.1799    17.2   21.1   21.7    24    1    100.0    1 
27/09/26   5:18   17.2   17.2   17.2    79   13.5   0.0    SE   0.00   3.2    SE   17.2   17.2   17.2  1019.8  0.00   0.0   0.001   0.000   23.3    55   13.8   23.4  10.07 1.1804    17.2   21.1   21.7    23    1    100.0    1 
27/09/26   5:19   17.2   17.2   17.2    79   13.5   1.6   SSE   0.03   6.4   SSE   17.2   17.3   17.3  1019.8  0.00   0.0   0.001   0.000   23.4    55   13.9   23.5  10.07 1.1799    17.2   21.1   21.7    24    1    100.0    1 
27/09/26   5:20   17.2   17.2   17.2    79   13.5   3.2   SSE   0.05   3.2   SSE   17.2   17.3   17.3  1019.8  0.00   0.0   0.001   0.000   23.4    55   13.9   23.5  10.07 1.1799    17.2   21.1   21.7    23    1    100.0    1 
27/09/26   5:21   17.2   17.2   17.2    78   13.3   3.2    SE   0.05   8.0    SE   17.2   17.2   17.2  1019.8  0.00   0.0   0.001   0.000   23.4    55   13.9   23.5  10.07 1.1799    17.2   21.1   21.7    24    1    100.0    1 
27/09/26   5:22   17.2   17.2   17.2    78   13.3   4.8    SE   0.08   8.0    SE   17.2   17.2   17.2  1019.8  0.00   0.0   0.001   0.000   23.3    55   13.8   23.4  10.07 1.1804    17.2   21.1   21.7    23    1    100.0    1 
27/09/26   5:23   17.2   17.2   17.2    78   13.3   6.4    SE   0.11   9.7    SE   17.2   17.2   17.2  1019.8  0.00   0.0   0.001   0.000   23.3    55   13.8   23.4  10.07 1.1804    17.2   21.1   21.7    23    1    100.0    1 
27/09/26   5:24   17.2   17.2   17.1    78   13.3   4.8   SSE   0.08   6.4    SE   17.2   17.2   17.2  1019.8  0.00   0.0   0.001   0.000   23.3    55   13.8   23.4  10.07 1.1804    17.2   21.1   21.7    24    1    100.0    1 
27/09/26   5:25   17.1   17.1   17.1    78   13.2   4.8   SSE   0.08   6.4   SSE   17.1   17.1   17.1  1019.8  0.00   0.0   0.001   0.000   23.3    55   13.8   23.4  10.07 1.1804    17.2   21.1   21.7    23    1    100.0    1 
27/09/26   5:26   17.1   17.1   17.1    78   13.2   4.8   SSE   0.08   8.0   SSE   17.1   17.1   17.1  1019.8  0.00   0.0   0.001   0.000   23.3    55   13.8   23.4  10.07 1.1804    17.2   21.1   21.7    24    1    100.0    1 
27/09/26   5:27   17.1   17.1   17.1    79   13.4   6.4    SE   0.11   9.7    SE   17.1   17.1   17.1  1019.7  0.00   0.0   0.001   0.000   23.3    55   13.8   23.4  10.07 1.1803    17.2   21.1   21.7    23    1    100.0    1 
27/09/26   5:28   17.0   17.1   17.0    79   13.3   6.4    SE   0.11   8.0    SE   17.0   17.1   17.1  1019.7  0.00   0.0   0.001   0.000   23.3    55   13.8   23.4  10.07 1.1803    17.2   21.1   21.7    23    1    100.0    1 
27/09/26   5:29   17.0   17.0   17.0    79   13.3   6.4    SE   0.11   9.7    SE   17.0   17.1   17.1  1019.7  0.00   0.0   0.001   0.000   23.3    55   13.8   23.4  10.07 1.1803    17.2   21.1   21.7    23    1    100.0    1 
27/09/26   5:30   17.0   17.0   17.0    79   13.3   4.8   ESE   0.08   8.0   SSE   17.0   17.1   17.1  1019.7  0.00   0.0   0.001   0.000   23.3    55   13.8   23.4  10.07 1.1803    17.2   21.1   21.7    23    1    100.0    1 
27/09/26   5:31   16.9   17.0   16.9    79   13.3   3.2   SSE   0.05   8.0    SE   16.9   17.0   17.0  1019.7  0.00   0.0   0.001   0.000   23.3    55   13.8   23.4  10.07 1.1803    17.2   21.1   21.7    24    1    100.0    1 
27/09/26   5:32   16.9   16.9   16.9    79   13.3   6.4    SE   0.11   8.0     S   16.9   17.0   17.0  1019.6  0.00   0.0   0.001   0.000   23.3    55   13.8   23.4  10.07 1.1802    17.2   21.1   21.7    23    1    100.0    1 
27/09/26   5:33   16.9   16.9   16.9    79   13.3   4.8     E   0.08   8.0     E   16.9   17.0   17.0  1019.6  0.00   0.0   0.001   0.000   23.3    55   13.8   23.4  10.07 1.1802    17.2   21.1   21.7    24    1    100.0    1 
27/09/26   5:34   16.9   16.9   16.9    79   13.3   3.2    SE   0.05   6.4    SE   16.9   17.0   17.0  1019.6  0.00   0.0   0.001   0.000   23.3    55   13.8   23.4  10.07 1.1802    17.2   21.1   21.7    23    1    100.0    1 
27/09/26   5:35   16.9   16.9   16.9    79   13.3   3.2    SE   0.05   6.4    SE   16.9   17.0   17.0  1019.6  0.00   0.0   0.001   0.000   23.3    55   13.8   23.4  10.07 1.1801    17.2   21.1   21.7    23    1    100.0    1 
27/09/26   5:36   16.9   16.9   16.9    79   13.3   1.6    SE   0.03   3.2    SE   16.9   17.0   17.0  1019.6  0.00   0.0   0.001   0.000   23.3    55   13.8   23.4  10.07 1.1801    17.2   21.1   21.7    24    1    100.0    1 
27/09/26   5:37   16.9   16.9   16.9    79   13.3   3.2    SE   0.05   9.7   ESE   16.9   17.0   17.0  1019.6  0.00   0.0   0.001   0.000   23.3    55   13.8   23.4  10.07 1.1801    17.2   21.1   21.7    23    1    100.0    1 
27/09/26   5:38   16.9   16.9   16.9    79   13.3   1.6   ESE   0.03   3.2   ESE   16.9   17.0   17.0  1019.6  0.00   0.0   0.001   0.000   23.3    55   13.8   23.4  10.07 1.1801    17.2   21.1   21.7    24    1    100.0    1 
27/09/26   5:39   16.9   16.9   16.9    79   13.3   3.2    SE   0.05   6.4   ESE   16.9   17.0   17.0  1019.6  0.00   0.0   0.001   0.000   23.3    55   13.8   23.4  10.07 1.1802    17.2   21.1   21.7    22    1     95.7    1 
27/09/26   5:40   16.9   16.9   16.9    79   13.3   3.2    SE   0.05   8.0    SE   16.9   17.0   17.0  1019.6  0.00   0.0   0.001   0.000   23.3    55   13.8   23.4  10.07 1.1801    17.2   21.1   21.7    23    1    100.0    1 
27/09/26   5:41   16.9   16.9   16.9    79   13.3   3.2    SE   0.05   6.4    SE   16.9   17.0   17.0  1019.6  0.00   0.0   0.001   0.000   23.3    55   13.8   23.4  10.07 1.1801    17.2   21.1   21.7    24    1    100.0    1 
27/09/26   5:42   17.0   17.0   17.0    79   13.3   1.6    SE   0.03   3.2    SE   17.0   17.1   17.1  1019.6  0.00   0.0   0.001   0.000   23.3    55   13.8   23.4  10.07 1.1801    17.2   21.1   21.7    23    1    100.0    1 
27/09/26   5:43   17.0   17.0   17.0    79   13.3   3.2    SE   0.05   6.4    SE   17.0   17.1   17.1  1019.6  0.00   0.0   0.001   0.000   23.3    55   13.8   23.4  10.07 1.1801    17.2   21.1   21.7    24    1    100.0    1 
27/09/26   5:44   17.0   17.0   16.9    79   13.3   1.6   ESE   0.03   6.4    SE   17.0   17.1   17.1  1019.5  0.00   0.0   0.001   0.000   23.3    55   13.8   23.4  10.07 1.1801    17.2   21.1   21.7    23    1    100.0    1 
27/09/26   5:45   16.9   16.9   16.9    79   13.3   1.6   SSE   0.03   3.2   ESE   16.9   17.0   17.0  1019.6  0.00   0.0   0.001   0.000   23.3    55   13.8   23.4  10.07 1.1801    17.2   21.1   21.7    23    1    100.0    1 
27/09/26   5:46   16.9   16.9   16.9    79   13.3   0.0   SSE   0.00   3.2   SSE   16.9   17.0   17.0  1019.6  0.00   0.0   0.001   0.000   23.3    55   13.8   23.4  10.07 1.1802    17.2   21.1   21.7    24    1    100.0    1 
27/09/26   5:47   16.9   16.9   16.9    79   13.3   0.0   ---   0.00   0.0   ---   16.9   17.0   17.0  1019.6  0.00   0.0   0.001   0.000   23.3    55   13.8   23.4  10.07 1.1801    17.2   21.1   21.7    21    1     91.3    1 
27/09/26   5:48   16.9   16.9   16.9    79   13.2   1.6   ESE   0.03   3.2   ESE   16.9   16.9   16.9  1019.5  0.00   0.0   0.001   0.000   23.3    55   13.8   23.4  10.07 1.1801    16.7   21.1   21.7    24    1    100.0    1 
27/09/26   5:49   16.9   16.9   16.9    79   13.2   1.6   ESE   0.03   3.2   ESE   16.9   16.9   16.9  1019.5  0.00   0.0   0.001   0.000   23.3    55   13.8   23.4  10.07 1.1801    16.7   21.1   21.7    21    1     91.3    1 
27/09/26   5:50   16.9   16.9   16.9    79   13.2   3.2     E   0.05   8.0     E   16.9   16.9   16.9  1019.5  0.00   0.0   0.001   0.000   23.3    55   13.8   23.4  10.07 1.1800    16.7   21.1   21.7    23    1    100.0    1 
27/09/26   5:51   16.8   16.8   16.8    79   13.2   1.6     E   0.03   1.6     E   16.8   16.8   16.8  1019.5  0.00   0.0   0.001   0.000   23.3    55   13.8   23.4  10.07 1.1800    16.7   21.1   21.7    22    1     95.7    1 
27/09/26   5:52   16.8   16.8   16.8    79   13.2   0.0     E   0.00   1.6     E   16.8   16.8   16.8  1019.4  0.00   0.0   0.001   0.000   23.3    55   13.8   23.4  10.07 1.1800    16.7   21.1   21.7    22    1     95.7    1 
27/09/26   5:53   16.8   16.8   16.8    79   13.2   0.0   ---   0.00   0.0   ---   16.8   16.8   16.8  1019.4  0.00   0.0   0.001   0.000   23.3    55   13.8   23.4  10.07 1.1800    16.7   21.1   21.7    23    1    100.0    1 
27/09/26   5:54   16.8   16.8   16.8    79   13.1   0.0   ---   0.00   0.0   ---   16.8   16.8   16.8  1019.4  0.00   0.0   0.001   0.000   23.3    55   13.8   23.4  10.07 1.1800    16.7   21.1   21.7    23    1    100.0    1 
27/09/26   5:55   16.8   16.8   16.8    80   13.3   0.0   ---   0.00   0.0   ---   16.8   16.8   16.8  1019.4  0.00   0.0   0.001   0.000   23.3    55   13.8   23.4  10.07 1.1800    16.7   21.1   21.7    23    1    100.0    1 
27/09/26   5:56   16.8   16.8   16.8    80   13.3   0.0   ---   0.00   0.0   ---   16.8   16.8   16.8  1019.5  0.00   0.0   0.001   0.000   23.3    55   13.8   23.4  10.07 1.1800    16.7   21.1   21.7    22    1     95.7    1 
27/09/26   5:57   16.8   16.8   16.8    80   13.3   3.2   ESE   0.05   8.0   ESE   16.8   16.8   16.8  1019.5  0.00   0.0   0.001   0.000   23.3    55   13.8   23.4  10.07 1.1800    16.7   21.1   21.7    23    1    100.0    1 
27/09/26   5:58   16.8   16.8   16.8    80   13.3   1.6   ESE   0.03   3.2   ESE   16.8   16.8   16.8  1019.5  0.00   0.0   0.001   0.000   23.3    55   13.8   23.4  10.07 1.1800    16.7   21.1   21.7    23    1    100.0    1 
27/09/26   5:59   16.8   16.8   16.8    80   13.3   1.6   ESE   0.03   6.4    SE   16.8   16.8   16.8  1019.5  0.00   0.0   0.001   0.000   23.3    55   13.8   23.4  10.07 1.1800    16.7   21.1   21.7    23    1    100.0    1 
27/09/26   6:00   16.8   16.8   16.8    80   13.3   3.2   ESE   0.05   6.4     E   16.8   16.8   16.8  1019.5  0.00   0.0   0.001   0.000   23.3    55   13.8   23.4  10.07 1.1800    16.7   21.1   21.7    24    1    100.0    1 
27/09/26   6:01   16.7   16.8   16.7    80   13.3   0.0   ESE   0.00   1.6   ESE   16.7   16.8   16.8  1019.5  0.00   0.0   0.001   0.000   23.3    55   13.8   23.4  10.07 1.1800    16.7   21.1   21.7    23    1    100.0    1 
27/09/26   6:02   16.8   16.8   16.8    80   13.3   1.6   ESE   0.03   6.4    SE   16.8   16.8   16.8  1019.5  0.00   0.0   0.001   0.000   23.3    55   13.8   23.4  10.07 1.1800    16.7   21.1   21.7    24    1    100.0    1 
27/09/26   6:03   16.8   16.8   16.8    80   13.3   3.2    SE   0.05   6.4    SE   16.8   16.8   16.8  1019.5  0.00   0.0   0.001   0.000   23.3    55   13.8   23.4  10.07 1.1800    16.7   21.1   21.7    23    1    100.0    1 
27/09/26   6:04   16.8   16.8   16.8    80   13.3   1.6   ESE   0.03   3.2   ESE   16.8   16.8   16.8  1019.4  0.00   0.0   0.001   0.000   23.3    55   13.8   23.4  10.07 1.1800    16.7   21.1   21.7    22    1     95.7    1 
27/09/26   6:05   16.7   16.8   16.7    80   13.3   0.0   ESE   0.00   3.2   ESE   16.7   16.8   16.8  1019.4  0.00   0.0   0.001   0.000   23.3    55   13.8   23.4  10.07 1.1799    16.7   21.1   21.7    24    1    100.0    1 
27/09/26   6:06   16.7   16.7   16.7    80   13.3   1.6   ESE   0.03   3.2   ESE   16.7   16.8   16.8  1019.3  0.00   0.0   0.001   0.000   23.3    55   13.8   23.4  10.07 1.1798    16.7   21.1   21.7    23    1    100.0    1 
27/09/26   6:07   16.7   16.7   16.7    80   13.3   4.8    SE   0.08   9.7    SE   16.7   16.8   16.8  1019.4  0.00   0.0   0.001   0.000   23.3    55   13.8   23.4  10.07 1.1799    16.7   21.1   21.7    24    1    100.0    1 
27/09/26   6:08   16.7   16.7   16.7    80   13.2   6.4   ESE   0.11   8.0   ESE   16.7   16.7   16.7  1019.3  0.00   0.0   0.001   0.000   23.3    55   13.8   23.4  10.07 1.1798    16.7   21.1   21.7    23    1    100.0    1 
27/09/26   6:09   16.7   16.7   16.7    80   13.2   6.4    SE   0.11   8.0    SE   16.7   16.7   16.7  1019.3  0.00   0.0   0.001   0.000   23.3    55   13.8   23.4  10.07 1.1798    16.7   21.1   21.7    23    1    100.0    1 
27/09/26   6:10   16.6   16.7   16.6    80   13.1   6.4    SE   0.11   8.0    SE   16.6   16.7   16.7  1019.3  0.00   0.0   0.001   0.000   23.3    55   13.8   23.4  10.07 1.1798    16.7   21.1   21.7    24    1    100.0    1 
27/09/26   6:11   16.6   16.6   16.6    80   13.1   4.8    SE   0.08   8.0   SSE   16.6   16.7   16.7  1019.3  0.00   0.0   0.001   0.000   23.3    55   13.8   23.4  10.07 1.1798    16.7   21.1   21.7    23    1    100.0    1 
27/09/26   6:12   16.6   16.6   16.6    80   13.1   4.8   ESE   0.08   6.4   ESE   16.6   16.6   16.6  1019.3  0.00   0.0   0.001   0.000   23.3    55   13.8   23.4  10.07 1.1798    16.7   21.1   21.7    24    1    100.0    1 
27/09/26   6:13   16.5   16.6   16.5    80   13.0   3.2   ESE   0.05   6.4    SE   16.5   16.5   16.5  1019.3  0.00   0.0   0.001   0.000   23.3    55   13.8   23.4  10.07 1.1798    16.7   21.1   21.7    23    1    100.0    1 
27/09/26   6:14   16.5   16.5   16.5    80   13.0   1.6   ESE   0.03   6.4    SE   16.5   16.5   16.5  1019.3  0.00   0.0   0.001   0.000   23.3    55   13.8   23.4  10.07 1.1798    16.7   21.1   21.7    24    1    100.0    1 
27/09/26   6:15   16.4   16.5   16.4    80   13.0   6.4   SSE   0.11   8.0    SE   16.4   16.4   16.4  1019.3  0.00   0.0   0.001   0.000   23.3    55   13.8   23.4  10.07 1.1798    16.7   21.1   21.7    23    1    100.0    1 
27/09/26   6:16   16.4   16.4   16.4    81   13.2   3.2   SSE   0.05   8.0    SE   16.4   16.4   16.4  1019.3  0.00   0.0   0.001   0.000   23.3    55   13.8   23.4  10.07 1.1798    16.7   21.1   21.7    23    1    100.0    1 
27/09/26   6:17   16.4   16.4   16.4    81   13.2   3.2   SSE   0.05   6.4   SSE   16.4   16.4   16.4  1019.3  0.00   0.0   0.001   0.000   23.3    55   13.8   23.4  10.07 1.1798    16.7   21.1   21.7    24    1    100.0    1 
27/09/26   6:18   16.4   16.4   16.4    81   13.2   3.2    SE   0.05   8.0    SE   16.4   16.4   16.4  1019.3  0.00   0.0   0.001   0.000   23.3    55   13.8   23.4  10.07 1.1798    16.7   21.1   21.7    23    1    100.0    1 
27/09/26   6:19   16.4   16.4   16.4    81   13.2   4.8    SE   0.08  11.3    SE   16.4   16.4   16.4  1019.3  0.00   0.0   0.001   0.000   23.3    55   13.8   23.4  10.07 1.1798    16.7   21.1   21.7    24    1    100.0    1 
27/09/26   6:20   16.4   16.4   16.4    81   13.2   4.8    SE   0.08   8.0    SE   16.4   16.4   16.4  1019.3  0.00   0.0   0.001   0.000   23.3    55   13.8   23.4  10.07 1.1798    16.7   21.1   21.7    22    1     95.7    1 
27/09/26   6:21   16.4   16.4   16.4    81   13.1   6.4    SE   0.11   8.0    SE   16.4   16.4   16.4  1019.2  0.00   0.0   0.001   0.000   23.3    55   13.8   23.4  10.07 1.1797    16.7   21.1   21.7    23    1    100.0    1 
27/09/26   6:22   16.3   16.4   16.3    81   13.1   4.8    SE   0.08   8.0    SE   16.3   16.3   16.3  1019.3  0.00   0.0   0.001   0.000   23.3    55   13.8   23.4  10.07 1.1798    16.1   21.1   21.7    24    1    100.0    1 
27/09/26   6:23   16.3   16.3   16.3    81   13.1   1.6    SE   0.03   6.4    SE   16.3   16.3   16.3  1019.3  0.00   0.0   0.001   0.000   23.3    55   13.8   23.4  10.07 1.1798    16.1   21.1   21.7    23    1    100.0    1 
27/09/26   6:24   16.3   16.3   16.3    81   13.1   4.8    SE   0.08   8.0    SE   16.3   16.3   16.3  1019.3  0.00   0.0   0.001   0.000   23.3    55   13.8   23.4  10.07 1.1798    16.1   21.1   21.7    24    1    100.0    1 
27/09/26   6:25   16.3   16.3   16.3    81   13.1   3.2    SE   0.05   8.0    SE   16.3   16.3   16.3  1019.3  0.00   0.0   0.001   0.000   23.3    55   13.8   23.4  10.07 1.1798    16.1   21.1   21.7    22    1     95.7    1 
27/09/26   6:26   16.3   16.3   16.3    81   13.0   1.6    SE   0.03   3.2    SE   16.3   16.3   16.3  1019.3  0.00   0.0   0.001   0.000   23.3    55   13.8   23.4  10.07 1.1798    16.1   21.1   21.7    23    1    100.0    1 
27/09/26   6:27   16.3   16.3   16.3    81   13.0   4.8    SE   0.08   8.0    SE   16.3   16.3   16.3  1019.3  0.00   0.0   0.001   0.000   23.3    55   13.8   23.4  10.07 1.1798    16.1   21.1   21.7    24    1    100.0    1 
27/09/26   6:28   16.3   16.3   16.3    81   13.0   1.6    SE   0.03   3.2    SE   16.3   16.3   16.3  1019.3  0.00   0.0   0.001   0.000   23.3    55   13.8   23.4  10.07 1.1798    16.1   21.1   21.7    23    1    100.0    1 
27/09/26   6:29   16.2   16.3   16.2    81   13.0   3.2    SE   0.05   6.4    SE   16.2   16.2   16.2  1019.3  0.00   0.0   0.001   0.000   23.3    55   13.8   23.4  10.07 1.1798    16.1   21.1   21.7    23    1    100.0    1 
27/09/26   6:30   16.2   16.2   16.2    81   13.0   0.0   ESE   0.00   3.2   ESE   16.2   16.2   16.2  1019.3  0.00   0.0   0.001   0.000   23.3    55   13.8   23.4  10.07 1.1798    16.1   21.1   21.7    22    1     95.7    1 
27/09/26   6:31   16.2   16.2   16.2    81   13.0   0.0    SE   0.00   3.2    SE   16.2   16.2   16.2  1019.3  0.00   0.0   0.001   0.000   23.3    55   13.8   23.4  10.07 1.1798    16.1   21.1   21.7    23    1    100.0    1 
27/09/26   6:32   16.2   16.2   16.2    82   13.1   1.6    SE   0.03   3.2    SE   16.2   16.2   16.2  1019.3  0.00   0.0   0.001   0.000   23.3    55   13.8   23.4  10.07 1.1798    16.1   21.1   21.7    22    1     95.7    1 
27/09/26   6:33   16.2   16.2   16.2    82   13.1   1.6     E   0.03   3.2     E   16.2   16.2   16.2  1019.3  0.00   0.0   0.002   0.000   23.3    55   13.8   23.4  10.07 1.1798    16.1   21.1   21.7    22    1     95.7    1 
27/09/26   6:34   16.2   16.2   16.2    82   13.1   1.6   ESE   0.03   3.2    SE   16.2   16.2   16.2  1019.3  0.00   0.0   0.002   0.000   23.3    55   13.8   23.4  10.07 1.1798    16.1   21.1   21.7    23    1    100.0    1 
27/09/26   6:35   16.2   16.2   16.2    82   13.1   0.0   ---   0.00   0.0   ---   16.2   16.2   16.2  1019.3  0.00   0.0   0.002   0.000   23.3    55   13.8   23.4  10.07 1.1798    16.1   21.1   21.7    22    1     95.7    1 
27/09/26   6:36   16.2   16.2   16.2    82   13.1   0.0   ESE   0.00   1.6   ESE   16.2   16.2   16.2  1019.3  0.00   0.0   0.002   0.000   23.3    55   13.8   23.4  10.07 1.1798    16.1   21.1   21.7    22    1     95.7    1 
27/09/26   6:37   16.2   16.2   16.2    82   13.1   0.0   ESE   0.00   3.2   ESE   16.2   16.2   16.2  1019.2  0.00   0.0   0.002   0.000   23.3    55   13.8   23.4  10.07 1.1797    16.1   21.1   21.7    23    1    100.0    1 
27/09/26   6:38   16.2   16.2   16.2    82   13.1   1.6   ESE   0.03   6.4   ESE   16.2   16.2   16.2  1019.3  0.00   0.0   0.002   0.000   23.4    55   13.9   23.5  10.07 1.1792    16.1   21.1   21.7    20    1     87.0    1 
27/09/26   6:39   16.2   16.2   16.2    82   13.1   3.2   SSE   0.05   6.4   ESE   16.2   16.2   16.2  1019.3  0.00   0.0   0.001   0.000   23.4    55   13.9   23.5  10.07 1.1792    16.1   21.1   21.7    22    1     95.7    1 
27/09/26   6:40   16.2   16.2   16.2    82   13.1   3.2   SSE   0.05   6.4    SE   16.2   16.2   16.2  1019.2  0.00   0.0   0.001   0.000   23.4    55   13.9   23.5  10.07 1.1792    16.1   21.1   21.7    22    1     95.7    1 
27/09/26   6:41   16.2   16.2   16.2    82   13.1   3.2   SSE   0.05   6.4   SSE   16.2   16.2   16.2  1019.3  0.00   0.0   0.001   0.000   23.4    55   13.9   23.5  10.07 1.1792    16.1   21.1   21.7    23    1    100.0    1 
27/09/26   6:42   16.2   16.2   16.2    82   13.1   1.6   SSE   0.03   3.2   SSE   16.2   16.2   16.2  1019.3  0.00   0.0   0.001   0.000   23.4    55   13.9   23.5  10.07 1.1792    16.1   21.1   21.7    21    1     91.3    1 
27/09/26   6:43   16.2   16.2   16.2    82   13.1   0.0   ---   0.00   0.0   ---   16.2   16.2   16.2  1019.3  0.00   0.0   0.001   0.000   23.4    55   13.9   23.5  10.07 1.1792    16.1   21.1   21.7    23    1    100.0    1 
27/09/26   6:44   16.2   16.2   16.2    82   13.1   1.6   SSE   0.03   3.2   SSE   16.2   16.2   16.2  1019.3  0.00   0.0   0.001   0.000   23.4    55   13.9   23.5  10.07 1.1792    16.1   21.1   21.7    22    1     95.7    1 
27/09/26   6:45   16.2   16.2   16.2    82   13.1   0.0   SSE   0.00   1.6   SSE   16.2   16.2   16.2  1019.3  0.00   0.0   0.001   0.000   23.4    55   13.9   23.5  10.07 1.1792    16.1   21.1   21.7    21    1     91.3    1 
27/09/26   6:46   16.2   16.2   16.2    82   13.1   3.2   SSE   0.05   6.4   SSE   16.2   16.2   16.2  1019.3  0.00   0.0   0.001   0.000   23.4    55   13.9   23.5  10.07 1.1793    16.1   21.1   21.7    23    1    100.0    1 
27/09/26   6:47   16.2   16.2   16.2    82   13.1   1.6   SSE   0.03   3.2   SSE   16.2   16.2   16.2  1019.4  0.00   0.0   0.002   0.000   23.4    55   13.9   23.5  10.07 1.1793    16.1   21.1   21.7    21    1     91.3    1 
27/09/26   6:48   16.2   16.2   16.2    82   13.1   0.0   SSE   0.00   3.2   SSE   16.2   16.2   16.2  1019.3  0.00   0.0   0.002   0.000   23.4    55   13.9   23.5  10.07 1.1793    16.1   21.1   21.7    24    1    100.0    1 
27/09/26   6:49   16.1   16.2   16.1    82   13.0   0.0   SSE   0.00   1.6   SSE   16.1   16.1   16.1  1019.4  0.00   0.0   0.002   0.000   23.4    55   13.9   23.5  10.07 1.1793    16.1   21.1   21.7    22    1     95.7    1 
27/09/26   6:50   16.1   16.2   16.1    82   13.0   1.6   SSE   0.03   3.2   SSE   16.1   16.1   16.1  1019.3  0.00   0.0   0.002   0.000   23.4    55   13.9   23.5  10.07 1.1793    16.1   21.1   21.7    23    1    100.0    1 
27/09/26   6:51   16.1   16.1   16.1    82   13.0   0.0   SSE   0.00   1.6   SSE   16.1   16.1   16.1  1019.4  0.00   0.0   0.002   0.000   23.4    55   13.9   23.5  10.07 1.1794    16.1   21.1   21.7    23    1    100.0    1 
27/09/26   6:52   16.1   16.1   16.1    82   13.0   0.0   SSE   0.00   1.6   SSE   16.1   16.1   16.1  1019.4  0.00   0.0   0.002   0.000   23.4    55   13.9   23.5  10.07 1.1794    16.1   21.1   21.7    23    1    100.0    1 
27/09/26   6:53   16.1   16.2   16.1    82   13.0   1.6   SSE   0.03   6.4   SSE   16.1   16.1   16.1  1019.4  0.00   0.0   0.002   0.000   23.4    55   13.9   23.5  10.07 1.1794    16.1   21.1   21.7    23    1    100.0    1 
27/09/26   6:54   16.1   16.1   16.1    82   13.0   0.0   ---   0.00   0.0   ---   16.1   16.1   16.1  1019.4  0.00   0.0   0.002   0.000   23.4    55   13.9   23.5  10.07 1.1794    16.1   21.1   21.7    23    1    100.0    1 
27/09/26   6:55   16.1   16.1   16.1    82   13.0   0.0   ---   0.00   0.0   ---   16.1   16.1   16.1  1019.4  0.00   0.0   0.002   0.000   23.4    55   13.9   23.5  10.07 1.1793    16.1   21.1   21.7    23    1    100.0    1 
27/09/26   6:56   16.1   16.1   16.1    82   13.0   0.0   SSE   0.00   3.2   SSE   16.1   16.1   16.1  1019.4  0.00   0.0   0.002   0.000   23.4    55   13.9   23.5  10.07 1.1793    16.1   21.1   21.7    23    1    100.0    1 
27/09/26   6:57   16.1   16.1   16.1    82   13.0   3.2   SSE   0.05   8.0   SSE   16.1   16.1   16.1  1019.3  0.00   0.0   0.002   0.000   23.4    55   13.9   23.5  10.07 1.1792    16.1   21.1   21.7    22    1     95.7    1 
27/09/26   6:58   16.1   16.1   16.1    82   13.0   3.2   SSE   0.05   6.4   SSE   16.1   16.1   16.1  1019.4  0.00   0.0   0.002   0.000   23.4    55   13.9   23.5  10.07 1.1794    16.1   21.1   21.7    23    1    100.0    1 
27/09/26   6:59   16.1   16.1   16.1    82   13.0   3.2   SSE   0.05   6.4   SSE   16.1   16.1   16.1  1019.4  0.00   0.0   0.002   0.000   23.4    55   13.9   23.5  10.07 1.1793    16.1   21.1   21.7    23    1    100.0    1 
27/09/26   7:00   16.2   16.2   16.1    83   13.3   3.2   SSE   0.05   3.2   SSE   16.2   16.2   16.2  1019.4  0.00   0.0   0.002   0.000   23.4    55   13.9   23.5  10.07 1.1794    16.1   21.1   21.7    24    1    100.0    1 
27/09/26   7:01   16.2   16.2   16.2    83   13.3   3.2   SSE   0.05   6.4   SSE   16.2   16.2   16.2  1019.4  0.00   0.0   0.002   0.000   23.4    55   13.9   23.5  10.07 1.1794    16.1   21.1   21.7    23    1    100.0    1 
27/09/26   7:02   16.2   16.2   16.2    83   13.3   3.2     S   0.05   4.8   SSW   16.2   16.2   16.2  1019.4  0.00   0.0   0.002   0.000   23.4    55   13.9   23.5  10.07 1.1794    16.1   21.1   21.7    23    1    100.0    1 
27/09/26   7:03   16.2   16.2   16.2    83   13.3   1.6     S   0.03   1.6     S   16.2   16.2   16.2  1019.4  0.00   0.0   0.002   0.000   23.4    55   13.9   23.5  10.07 1.1794    16.1   21.1   21.7    24    1    100.0    1 
27/09/26   7:04   16.2   16.2   16.2    83   13.3   0.0     S   0.00   1.6     S   16.2   16.2   16.2  1019.4  0.00   0.0   0.001   0.000   23.4    55   13.9   23.5  10.07 1.1794    16.1   21.1   21.7    22    1     95.7    1 
27/09/26   7:05   16.2   16.2   16.2    83   13.3   3.2     S   0.05   4.8     S   16.2   16.2   16.2  1019.4  0.00   0.0   0.001   0.000   23.4    55   13.9   23.5  10.07 1.1794    16.1   21.1   21.7    24    1    100.0    1 
27/09/26   7:06   16.2   16.2   16.2    83   13.3   1.6     S   0.03   3.2     S   16.2   16.2   16.2  1019.4  0.00   0.0   0.001   0.000   23.4    55   13.9   23.5  10.07 1.1794    16.1   21.1   21.7    23    1    100.0    1 
27/09/26   7:07   16.2   16.2   16.2    83   13.3   3.2     S   0.05   6.4     S   16.2   16.2   16.2  1019.4  0.00   0.0   0.001   0.000   23.4    55   13.9   23.5  10.07 1.1794    16.1   21.1   21.7    22    1     95.7    1 
27/09/26   7:08   16.2   16.2   16.2    83   13.3   1.6     S   0.03   3.2     S   16.2   16.2   16.2  1019.4  0.00   0.0   0.001   0.000   23.4    55   13.9   23.5  10.07 1.1793    16.1   21.1   21.7    24    1    100.0    1 
27/09/26   7:09   16.2   16.2   16.2    82   13.1   0.0     S   0.00   1.6     S   16.2   16.2   16.2  1019.4  0.00   0.0   0.001   0.000   23.4    55   13.9   23.5  10.07 1.1794    16.1   21.1   21.7    22    1     95.7    1 
27/09/26   7:10   16.2   16.2   16.2    82   13.1   0.0   ---   0.00   0.0   ---   16.2   16.2   16.2  1019.4  0.00   0.0   0.001   0.000   23.4    55   13.9   23.5  10.07 1.1793    16.1   21.1   21.7    24    1    100.0    1 
27/09/26   7:11   16.2   16.2   16.2    82   13.1   1.6     S   0.03   1.6     S   16.2   16.2   16.2  1019.4  0.00   0.0   0.001   0.000   23.4    55   13.9   23.5  10.07 1.1794    16.1   21.1   21.7    23    1    100.0    1 
27/09/26   7:12   16.2   16.2   16.2    82   13.1   0.0     S   0.00   1.6     S   16.2   16.2   16.2  1019.4  0.00   0.0   0.002   0.000   23.3    55   13.8   23.4  10.07 1.1799    16.1   21.1   21.7    24    1    100.0    1 
27/09/26   7:13   16.2   16.2   16.2    82   13.1   0.0     S   0.00   1.6     S   16.2   16.2   16.2  1019.4  0.00   0.0   0.002   0.000   23.3    55   13.8   23.4  10.07 1.1799    16.1   21.1   21.7    23    1    100.0    1 
27/09/26   7:14   16.2   16.2   16.2    82   13.1   3.2   SSE   0.05   6.4   SSE   16.2   16.2   16.2  1019.3  0.00   0.0   0.002   0.000   23.3    55   13.8   23.4  10.07 1.1798    16.1   21.1   21.7    21    1     91.3    1 
27/09/26   7:15   16.2   16.2   16.2    82   13.1   3.2   SSE   0.05   6.4   SSE   16.2   16.2   16.2  1019.3  0.00   0.0   0.002   0.000   23.3    55   13.8   23.4  10.07 1.1798    16.1   21.1   21.7    24    1    100.0    1 
27/09/26   7:16   16.1   16.2   16.1    82   13.0   1.6   SSE   0.03   3.2   SSE   16.1   16.1   16.1  1019.3  0.00   0.0   0.002   0.000   23.3    55   13.8   23.4  10.07 1.1798    16.1   21.1   21.7    23    1    100.0    1 
27/09/26   7:17   16.1   16.1   16.1    82   13.0   3.2   SSE   0.05   6.4   SSE   16.1   16.1   16.1  1019.3  0.00   0.0   0.002   0.000   23.3    55   13.8   23.4  10.07 1.1798    16.1   21.1   21.7    24    1    100.0    1 
27/09/26   7:18   16.1   16.1   16.1    82   13.0   1.6   SSE   0.03   3.2   SSE   16.1   16.1   16.1  1019.3  0.00   0.0   0.002   0.000   23.3    55   13.8   23.4  10.07 1.1798    16.1   21.1   21.7    23    1    100.0    1 
27/09/26   7:19   16.1   16.1   16.1    82   13.0   3.2   SSE   0.05   6.4   SSE   16.1   16.1   16.1  1019.2  0.00   0.0   0.002   0.000   23.3    55   13.8   23.4  10.07 1.1797    16.1   21.1   21.7    23    1    100.0    1 
27/09/26   7:20   16.1   16.1   16.1    82   13.0   3.2   SSE   0.05   6.4   SSE   16.1   16.1   16.1  1019.3  0.00   0.0   0.002   0.000   23.3    55   13.8   23.4  10.07 1.1798    16.1   21.1   21.7    24    1    100.0    1 
27/09/26   7:21   16.1   16.1   16.1    82   13.0   3.2   SSE   0.05   6.4   SSE   16.1   16.1   16.1  1019.3  0.00   0.0   0.002   0.000   23.3    55   13.8   23.4  10.07 1.1798    16.1   21.1   21.7    23    1    100.0    1 
27/09/26   7:22   16.1   16.1   16.1    82   13.0   1.6   SSE   0.03   3.2   SSE   16.1   16.1   16.1  1019.3  0.00   0.0   0.002   0.000   23.3    55   13.8   23.4  10.07 1.1798    16.1   21.1   21.7    24    1    100.0    1 
27/09/26   7:23   16.1   16.1   16.1    83   13.2   1.6   SSE   0.03   3.2   SSE   16.1   16.1   16.1  1019.3  0.00   0.0   0.002   0.000   23.3    55   13.8   23.4  10.07 1.1798    16.1   21.1   21.7    23    1    100.0    1 
27/09/26   7:24   16.1   16.1   16.1    83   13.2   3.2   SSE   0.05   6.4   SSE   16.1   16.1   16.1  1019.2  0.00   0.0   0.002   0.000   23.3    55   13.8   23.4  10.07 1.1797    16.1   21.1   21.7    23    1    100.0    1 
27/09/26   7:25   16.1   16.1   16.1    83   13.2   3.2   SSE   0.05   6.4   SSE   16.1   16.1   16.1  1019.2  0.00   0.0   0.002   0.000   23.3    55   13.8   23.4  10.07 1.1797    16.1   21.1   21.7    23    1    100.0    1 
27/09/26   7:26   16.1   16.1   16.1    83   13.2   3.2   SSE   0.05   6.4   SSE   16.1   16.1   16.1  1019.2  0.00   0.0   0.002   0.000   23.3    55   13.8   23.4  10.07 1.1796    16.1   21.1   21.7    22    1     95.7    1 
27/09/26   7:27   16.1   16.1   16.1    83   13.2   3.2   SSE   0.05   6.4   SSE   16.1   16.1   16.1  1019.1  0.00   0.0   0.002   0.000   23.3    55   13.8   23.4  10.07 1.1796    16.1   21.1   21.7    23    1    100.0    1 
27/09/26   7:28   16.1   16.1   16.1    83   13.2   1.6   SSE   0.03   3.2   SSE   16.1   16.1   16.1  1019.1  0.00   0.0   0.002   0.000   23.3    55   13.8   23.4  10.07 1.1796    16.1   21.1   21.7    22    1     95.7    1 
27/09/26   7:29   16.1   16.1   16.1    83   13.2   3.2   SSE   0.05   3.2   SSE   16.1   16.1   16.1  1019.1  0.00   0.0   0.002   0.000   23.3    55   13.8   23.4  10.07 1.1796    16.1   21.1   21.7    24    1    100.0    1 
27/09/26   7:30   16.1   16.2   16.1    83   13.2   3.2   SSE   0.05   6.4   SSE   16.1   16.1   16.1  1019.1  0.00   0.0   0.002   0.000   23.3    55   13.8   23.4  10.07 1.1796    16.1   21.1   21.7    22    1     95.7    1 
27/09/26   7:31   16.2   16.2   16.1    83   13.3   3.2     S   0.05   6.4     S   16.2   16.2   16.2  1019.1  0.00   0.0   0.002   0.000   23.3    55   13.8   23.4  10.07 1.1796    16.1   21.1   21.7    22    1     95.7    1 
27/09/26   7:32   16.2   16.2   16.1    83   13.3   3.2   SSE   0.05   6.4   SSE   16.2   16.2   16.2  1019.1  0.00   0.0   0.002   0.000   23.3    55   13.8   23.4  10.07 1.1796    16.1   21.1   21.7    23    1    100.0    1 
27/09/26   7:33   16.2   16.2   16.2    83   13.3   1.6     S   0.03   3.2     S   16.2   16.2   16.2  1019.1  0.00   0.0   0.002   0.000   23.3    55   13.8   23.4  10.07 1.1796    16.1   21.1   21.7    22    1     95.7    1 
27/09/26   7:34   16.2   16.2   16.1    83   13.3   1.6   SSE   0.03   6.4     S   16.2   16.2   16.2  1019.2  0.00   0.0   0.002   0.000   23.3    55   13.8   23.4  10.07 1.1796    16.1   21.1   21.7    24    1    100.0    1 
27/09/26   7:35   16.2   16.2   16.1    83   13.3   3.2   SSE   0.05   8.0     S   16.2   16.2   16.2  1019.1  0.00   0.0   0.002   0.000   23.3    55   13.8   23.4  10.07 1.1796    16.1   21.1   21.7    22    1     95.7    1 
27/09/26   7:36   16.1   16.1   16.1    83   13.2   1.6   SSE   0.03   3.2   SSE   16.1   16.1   16.1  1019.2  0.00   0.0   0.002   0.000   23.3    55   13.8   23.4  10.07 1.1797    16.1   21.1   21.7    24    1    100.0    1 
27/09/26   7:37   16.1   16.1   16.1    82   13.0   1.6   SSE   0.03   3.2   SSE   16.1   16.1   16.1  1019.2  0.00   0.0   0.002   0.000   23.3    55   13.8   23.4  10.07 1.1796    16.1   21.1   21.7    23    1    100.0    1 
27/09/26   7:38   16.1   16.1   16.1    82   13.0   3.2   SSE   0.05   8.0     S   16.1   16.1   16.1  1019.2  0.00   0.0   0.002   0.000   23.3    55   13.8   23.4  10.07 1.1797    16.1   21.1   21.7    23    1    100.0    1 
27/09/26   7:39   16.1   16.1   16.1    82   13.0   4.8     S   0.08   8.0     S   16.1   16.1   16.1  1019.1  0.00   0.0   0.002   0.000   23.3    55   13.8   23.4  10.07 1.1796    16.1   21.1   21.7    24    1    100.0    1 
27/09/26   7:40   16.1   16.1   16.1    82   13.0   6.4   SSE   0.11   9.7   ESE   16.1   16.1   16.1  1019.2  0.00   0.0   0.002   0.000   23.3    55   13.8   23.4  10.07 1.1796    16.1   21.1   21.7    23    1    100.0    1 
27/09/26   7:41   16.0   16.1   16.0    82   12.9   6.4    SE   0.11   8.0   SSE   16.0   16.0   16.0  1019.2  0.00   0.0   0.002   0.000   23.3    55   13.8   23.4  10.07 1.1796    16.1   21.1   21.7    24    1    100.0    1 
27/09/26   7:42   16.0   16.0   16.0    82   12.9   8.0    SE   0.13   9.7    SE   16.0   16.0   16.0  1019.2  0.00   0.0   0.002   0.000   23.3    55   13.8   23.4  10.07 1.1796    16.1   21.1   21.7    22    1     95.7    1 
27/09/26   7:43   15.9   16.0   15.9    82   12.9   6.4     S   0.11   6.4    SE   15.9   15.9   15.9  1019.2  0.00   0.0   0.002   0.000   23.3    55   13.8   23.4  10.07 1.1796    16.1   21.1   21.7    22    1     95.7    1 
27/09/26   7:44   15.9   15.9   15.9    83   13.1   4.8     S   0.08   8.0     S   15.9   15.9   15.9  1019.1  0.00   0.0   0.002   0.000   23.3    55   13.8   23.4  10.07 1.1796    16.1   21.1   21.7    23    1    100.0    1 
27/09/26   7:45   15.9   15.9   15.9    83   13.1   3.2     S   0.05   4.8     S   15.9   15.9   15.9  1019.1  0.00   0.0   0.002   0.000   23.3    55   13.8   23.4  10.07 1.1796    16.1   21.1   21.7    23    1    100.0    1 
27/09/26   7:46   15.9   15.9   15.9    83   13.1   1.6   SSE   0.03   6.4     S   15.9   15.9   15.9  1019.1  0.00   0.0   0.002   0.000   23.3    55   13.8   23.4  10.07 1.1796    16.1   21.1   21.7    24    1    100.0    1 
27/09/26   7:47   15.9   15.9   15.9    83   13.1   3.2   ESE   0.05   6.4   ESE   15.9   15.9   15.9  1019.2  0.00   0.0   0.002   0.000   23.3    55   13.8   23.4  10.07 1.1796    16.1   21.1   21.7    23    1    100.0    1 
27/09/26   7:48   15.9   15.9   15.9    83   13.1   3.2   SSE   0.05   6.4   SSE   15.9   15.9   15.9  1019.1  0.00   0.0   0.002   0.000   23.3    55   13.8   23.4  10.07 1.1796    16.1   21.1   21.7    24    1    100.0    1 
27/09/26   7:49   15.9   15.9   15.9    83   13.0   3.2    SE   0.05   6.4   SSE   15.9   15.9   15.9  1019.1  0.00   0.0   0.002   0.000   23.3    55   13.8   23.4  10.07 1.1796    16.1   21.1   21.7    22    1     95.7    1 
27/09/26   7:50   15.9   15.9   15.9    83   13.0   3.2    SE   0.05   6.4    SE   15.9   15.9   15.9  1019.1  0.00   0.0   0.002   0.000   23.3    55   13.8   23.4  10.07 1.1796    16.1   21.1   21.7    23    1    100.0    1 
27/09/26   7:51   15.9   15.9   15.9    83   13.0   3.2    SE   0.05   6.4   SSE   15.9   15.9   15.9  1019.1  0.00   0.0   0.002   0.000   23.3    55   13.8   23.4  10.07 1.1796    16.1   21.1   21.7    24    1    100.0    1 
27/09/26   7:52   15.9   15.9   15.9    83   13.0   4.8     S   0.08   8.0     S   15.9   15.9   15.9  1019.1  0.00   0.0   0.002   0.000   23.3    55   13.8   23.4  10.07 1.1796    16.1   21.1   21.7    23    1    100.0    1 
27/09/26   7:53   15.8   15.9   15.8    83   12.9   4.8   SSE   0.08   9.7   SSE   15.8   15.8   15.8  1019.1  0.00   0.0   0.002   0.000   23.3    55   13.8   23.4  10.07 1.1796    16.1   21.1   21.7    24    1    100.0    1 
27/09/26   7:54   15.8   15.8   15.8    83   12.9   0.0   SSE   0.00   1.6   SSE   15.8   15.8   15.8  1019.1  0.00   0.0   0.002   0.000   23.3    55   13.8   23.4  10.07 1.1796    16.1   21.1   21.7    23    1    100.0    1 
27/09/26   7:55   15.8   15.8   15.8    83   12.9   0.0   ---   0.00   0.0   ---   15.8   15.8   15.8  1019.1  0.00   0.0   0.002   0.000   23.3    55   13.8   23.4  10.07 1.1796    16.1   21.1   21.7    23    1    100.0    1 
27/09/26   7:56   15.8   15.8   15.8    83   12.9   0.0   SSE   0.00   1.6   SSE   15.8   15.8   15.8  1019.2  0.00   0.0   0.002   0.000   23.3    55   13.8   23.4  10.07 1.1796    16.1   21.1   21.7    24    1    100.0    1 
27/09/26   7:57   15.8   15.8   15.8    83   12.9   1.6   SSE   0.03   6.4     S   15.8   15.8   15.8  1019.2  0.00   0.0   0.002   0.000   23.3    55   13.8   23.4  10.07 1.1796    16.1   21.1   21.7    23    1    100.0    1 
27/09/26   7:58   15.8   15.9   15.8    83   12.9   1.6     S   0.03   3.2     S   15.8   15.8   15.8  1019.2  0.00   0.0   0.002   0.000   23.3    55   13.8   23.4  10.07 1.1797    16.1   21.1   21.7    24    1    100.0    1 
27/09/26   7:59   15.9   15.9   15.8    83   13.0   1.6     S   0.03   3.2     S   15.9   15.9   15.9  1019.2  0.00   0.0   0.002   0.000   23.3    55   13.8   23.4  10.07 1.1796    16.1   21.1   21.7    23    1    100.0    1 
27/09/26   8:00   15.8   15.8   15.8    83   12.9   1.6     S   0.03   3.2     S   15.8   15.8   15.8  1019.2  0.00   0.0   0.002   0.000   23.3    55   13.8   23.4  10.07 1.1797    16.1   21.1   21.7    22    1     95.7    1 
27/09/26   8:01   15.8   15.8   15.8    83   12.9   0.0     S   0.00   1.6     S   15.8   15.8   15.8  1019.2  0.00   0.0   0.002   0.000   23.3    55   13.8   23.4  10.07 1.1796    16.1   21.1   21.7    23    1    100.0    1 
27/09/26   8:02   15.8   15.8   15.8    83   12.9   1.6     S   0.03   3.2     S   15.8   15.8   15.8  1019.2  0.00   0.0   0.002   0.000   23.2    55   13.7   23.3  10.07 1.1802    16.1   21.1   21.7    23    1    100.0    1 
27/09/26   8:03   15.8   15.8   15.8    83   12.9   1.6     S   0.03   1.6     S   15.8   15.8   15.8  1019.1  0.00   0.0   0.002   0.000   23.2    55   13.7   23.3  10.07 1.1802    16.1   21.1   21.7    24    1    100.0    1 
27/09/26   8:04   15.9   15.9   15.9    83   13.0   3.2   SSE   0.05   6.4   SSE   15.9   15.9   15.9  1019.1  0.00   0.0   0.002   0.000   23.2    55   13.7   23.3  10.07 1.1801    16.1   21.1   21.7    22    1     95.7    1 
27/09/26   8:05   15.9   15.9   15.9    83   13.0   3.2   SSE   0.05   6.4   SSE   15.9   15.9   15.9  1019.1  0.00   0.0   0.002   0.000   23.2    55   13.7   23.3  10.07 1.1801    16.1   21.1   21.7    23    1    100.0    1 
27/09/26   8:06   15.9   15.9   15.9    83   13.0   1.6    SE   0.03   3.2    SE   15.9   15.9   15.9  1019.0  0.00   0.0   0.002   0.000   23.2    55   13.7   23.3  10.07 1.1800    16.1   21.1   21.7    23    1    100.0    1 
27/09/26   8:07   15.9   15.9   15.9    83   13.0   1.6    SE   0.03   3.2    SE   15.9   15.9   15.9  1019.0  0.00   0.0   0.002   0.000   23.2    55   13.7   23.3  10.07 1.1800    16.1   21.1   21.7    23    1    100.0    1 
27/09/26   8:08   15.9   15.9   15.9    83   13.0   3.2    SE   0.05   6.4    SE   15.9   15.9   15.9  1019.1  0.00   0.0   0.002   0.000   23.2    55   13.7   23.3  10.07 1.1801    16.1   21.1   21.7    23    1    100.0    1 
27/09/26   8:09   15.9   15.9   15.9    83   13.0   1.6    SE   0.03   3.2    SE   15.9   15.9   15.9  1019.0  0.00   0.0   0.002   0.000   23.2    55   13.7   23.3  10.07 1.1801    16.1   21.1   21.7    23    1    100.0    1 
27/09/26   8:10   15.8   15.9   15.8    83   12.9   1.6    SE   0.03   3.2    SE   15.8   15.8   15.8  1019.0  0.00   0.0   0.002   0.000   23.2    55   13.7   23.3  10.07 1.1800    16.1   21.1   21.7    24    1    100.0    1 
27/09/26   8:11   15.8   15.8   15.8    83   12.9   3.2    SE   0.05   6.4    SE   15.8   15.8   15.8  1019.0  0.00   0.0   0.002   0.000   23.2    56   14.0   23.3  10.27 1.1797    16.1   21.1   21.7    23    1    100.0    1 
27/09/26   8:12   15.8   15.8   15.8    83   12.9   3.2   SSE   0.05   6.4    SE   15.8   15.8   15.8  1019.0  0.00   0.0   0.002   0.000   23.2    56   14.0   23.3  10.27 1.1797    16.1   21.1   21.7    22    1     95.7    1 
27/09/26   8:13   15.8   15.8   15.8    83   12.9   0.0   SSE   0.00   3.2   SSE   15.8   15.8   15.8  1019.1  0.00   0.0   0.002   0.000   23.2    56   14.0   23.3  10.27 1.1798    16.1   21.1   21.7    23    1    100.0    1 
27/09/26   8:14   15.8   15.8   15.8    83   12.9   3.2   SSE   0.05   6.4   SSE   15.8   15.8   15.8  1019.1  0.00   0.0   0.002   0.000   23.3    56   14.1   23.4  10.27 1.1792    16.1   21.1   21.7    22    1     95.7    1 
27/09/26   8:15   15.8   15.8   15.8    83   12.9   0.0   ---   0.00   0.0   ---   15.8   15.8   15.8  1019.1  0.00   0.0   0.002   0.000   23.3    56   14.1   23.4  10.27 1.1792    16.1   21.1   21.7    24    1    100.0    1 
27/09/26   8:16   15.8   15.8   15.8    83   12.9   0.0   SSE   0.00   1.6   SSE   15.8   15.8   15.8  1019.1  0.00   0.0   0.002   0.000   23.3    56   14.1   23.4  10.27 1.1792    16.1   21.1   21.7    22    1     95.7    1 
27/09/26   8:17   15.8   15.8   15.8    83   12.9   1.6   SSE   0.03   3.2   SSE   15.8   15.8   15.8  1019.2  0.00   0.0   0.002   0.000   23.3    56   14.1   23.4  10.27 1.1793    16.1   21.1   21.7    24    1    100.0    1 
27/09/26   8:18   15.8   15.8   15.8    83   12.9   1.6   SSE   0.03   3.2   SSE   15.8   15.8   15.8  1019.2  0.00   0.0   0.002   0.000   23.3    56   14.1   23.4  10.27 1.1794    16.1   21.1   21.7    22    1     95.7    1 
27/09/26   8:19   15.8   15.8   15.8    83   12.9   0.0   ---   0.00   0.0   ---   15.8   15.8   15.8  1019.2  0.00   0.0   0.002   0.000   23.3    56   14.1   23.4  10.27 1.1793    16.1   21.1   21.7    23    1    100.0    1 
27/09/26   8:20   15.8   15.9   15.8    83   12.9   0.0   SSE   0.00   3.2     S   15.8   15.8   15.8  1019.2  0.00   0.0   0.002   0.000   23.3    56   14.1   23.4  10.27 1.1793    16.1   21.1   21.7    22    1     95.7    1 
27/09/26   8:21   15.8   15.9   15.8    83   12.9   4.8     S   0.08   8.0     S   15.8   15.8   15.8  1019.2  0.00   0.0   0.002   0.000   23.3    56   14.1   23.4  10.27 1.1793    16.1   21.1   21.7    23    1    100.0    1 
27/09/26   8:22   15.8   15.8   15.8    83   12.9   4.8   SSE   0.08   6.4   SSE   15.8   15.8   15.8  1019.2  0.00   0.0   0.002   0.000   23.3    56   14.1   23.4  10.27 1.1794    16.1   21.1   21.7    22    1     95.7    1 
27/09/26   8:23   15.8   15.8   15.8    83   12.9   3.2     S   0.05   4.8     S   15.8   15.8   15.8  1019.2  0.00   0.0   0.002   0.000   23.3    56   14.1   23.4  10.27 1.1793    16.1   21.1   21.7    22    1     95.7    1 
27/09/26   8:24   15.8   15.8   15.8    83   12.9   4.8     S   0.08   6.4     S   15.8   15.8   15.8  1019.2  0.00   0.0   0.002   0.000   23.3    56   14.1   23.4  10.27 1.1793    15.6   21.1   21.7    21    1     91.3    1 
27/09/26   8:25   15.8   15.8   15.8    83   12.9   3.2     S   0.05   6.4     S   15.8   15.8   15.8  1019.2  0.00   0.0   0.002   0.000   23.3    56   14.1   23.4  10.27 1.1793    15.6   21.1   21.7    23    1    100.0    1 
27/09/26   8:26   15.8   15.8   15.8    83   12.9   1.6     S   0.03   6.4     S   15.8   15.8   15.8  1019.2  0.00   0.0   0.002   0.000   23.3    56   14.1   23.4  10.27 1.1793    15.6   21.1   21.7    22    1     95.7    1 
27/09/26   8:27   15.8   15.8   15.8    83   12.9   3.2     S   0.05   8.0     S   15.8   15.8   15.8  1019.2  0.00   0.0   0.002   0.000   23.3    56   14.1   23.4  10.27 1.1793    15.6   21.1   21.7    23    1    100.0    1 
27/09/26   8:28   15.8   15.8   15.8    83   12.9   3.2     S   0.05   4.8     S   15.8   15.8   15.8  1019.2  0.00   0.0   0.002   0.000   23.2    56   14.0   23.3  10.27 1.1799    15.6   21.1   21.7    23    1    100.0    1 
27/09/26   8:29   15.8   15.8   15.8    83   12.9   3.2     S   0.05   4.8     S   15.8   15.8   15.8  1019.2  0.00   0.0   0.002   0.000   23.2    56   14.0   23.3  10.27 1.1799    15.6   21.1   21.7    22    1     95.7    1 
27/09/26   8:30   15.8   15.8   15.8    83   12.9   1.6     S   0.03   3.2     S   15.8   15.8   15.8  1019.2  0.00   0.0   0.002   0.000   23.2    56   14.0   23.3  10.27 1.1799    15.6   21.1   21.7    23    1    100.0    1 
27/09/26   8:31   15.8   15.8   15.8    83   12.9   1.6    SE   0.03   3.2    SE   15.8   15.8   15.8  1019.1  0.00   0.0   0.002   0.000   23.2    56   14.0   23.3  10.27 1.1798    15.6   21.1   21.7    22    1     95.7    1 
27/09/26   8:32   15.8   15.8   15.8    83   12.9   1.6     S   0.03   6.4   SSE   15.8   15.8   15.8  1019.1  0.00   0.0   0.002   0.000   23.2    56   14.0   23.3  10.27 1.1798    15.6   21.1   21.7    24    1    100.0    1 
27/09/26   8:33   15.8   15.8   15.8    83   12.9   0.0     S   0.00   1.6     S   15.8   15.8   15.8  1019.1  0.00   0.0   0.002   0.000   23.2    56   14.0   23.3  10.27 1.1798    16.1   21.1   21.7    22    1     95.7    1 
27/09/26   8:34   15.8   15.8   15.8    83   12.9   1.6     S   0.03   3.2     S   15.8   15.8   15.8  1019.1  0.00   0.0   0.002   0.000   23.2    56   14.0   23.3  10.27 1.1798    16.1   21.1   21.7    24    1    100.0    1 
27/09/26   8:35   15.8   15.8   15.8    83   12.9   0.0     S   0.00   1.6     S   15.8   15.8   15.8  1019.2  0.00   0.0   0.002   0.000   23.2    56   14.0   23.3  10.27 1.1799    16.1   21.1   21.7    22    1     95.7    1 
27/09/26   8:36   15.8   15.8   15.8    83   12.9   0.0     S   0.00   1.6     S   15.8   15.8   15.8  1019.1  0.00   0.0   0.002   0.000   23.2    56   14.0   23.3  10.27 1.1798    16.1   21.1   21.7    23    1    100.0    1 
27/09/26   8:37   15.8   15.8   15.8    83   12.9   0.0   ---   0.00   0.0   ---   15.8   15.8   15.8  1019.1  0.00   0.0   0.002   0.000   23.2    56   14.0   23.3  10.27 1.1798    16.1   21.1   21.7    23    1    100.0    1 
27/09/26   8:38   15.8   15.8   15.8    83   12.9   0.0   ---   0.00   0.0   ---   15.8   15.8   15.8  1019.1  0.00   0.0   0.002   0.000   23.2    56   14.0   23.3  10.27 1.1798    15.6   21.1   21.7    21    1     91.3    1 
27/09/26   8:39   15.8   15.8   15.8    83   12.9   0.0   ---   0.00   0.0   ---   15.8   15.8   15.8  1019.1  0.00   0.0   0.002   0.000   23.2    56   14.0   23.3  10.27 1.1798    15.6   21.1   21.7    23    1    100.0    1 
27/09/26   8:40   15.8   15.8   15.8    83   12.9   0.0   SSE   0.00   6.4   SSE   15.8   15.8   15.8  1019.1  0.00   0.0   0.002   0.000   23.2    56   14.0   23.3  10.27 1.1798    15.6   21.1   21.7    22    1     95.7    1 
27/09/26   8:41   15.8   15.8   15.8    83   12.9   4.8   SSE   0.08   6.4   SSE   15.8   15.8   15.8  1019.1  0.00   0.0   0.002   0.000   23.2    56   14.0   23.3  10.27 1.1798    15.6   21.1   21.7    23    1    100.0    1 
27/09/26   8:42   15.8   15.8   15.8    83   12.9   3.2   SSE   0.05   6.4   SSE   15.8   15.8   15.8  1019.0  0.00   0.0   0.002   0.000   23.2    56   14.0   23.3  10.27 1.1797    15.6   21.1   21.7    23    1    100.0    1 
27/09/26   8:43   15.8   15.8   15.8    83   12.9   3.2   SSE   0.05   6.4   SSE   15.8   15.8   15.8  1019.0  0.00   0.0   0.002   0.000   23.2    56   14.0   23.3  10.27 1.1797    15.6   21.1   21.7    23    1    100.0    1 
27/09/26   8:44   15.7   15.8   15.7    83   12.8   1.6   SSE   0.03   3.2   SSE   15.7   15.7   15.7  1019.0  0.00   0.0   0.002   0.000   23.2    56   14.0   23.3  10.27 1.1797    15.6   21.1   21.7    23    1    100.0    1 
27/09/26   8:45   15.7   15.7   15.7    83   12.8   1.6   SSE   0.03   3.2   SSE   15.7   15.7   15.7  1019.0  0.00   0.0   0.002   0.000   23.2    56   14.0   23.3  10.27 1.1797    15.6   21.1   21.7    23    1    100.0    1 
27/09/26   8:46   15.7   15.8   15.7    83   12.8   1.6   SSE   0.03   6.4   SSE   15.7   15.7   15.7  1019.0  0.00   0.0   0.002   0.000   23.2    56   14.0   23.3  10.27 1.1796    15.6   21.1   21.7    23    1    100.0    1 
27/09/26   8:47   15.7   15.7   15.7    83   12.8   3.2   SSE   0.05   6.4   SSE   15.7   15.7   15.7  1019.0  0.00   0.0   0.002   0.000   23.2    56   14.0   23.3  10.27 1.1797    15.6   21.1   21.7    23    1    100.0    1 
27/09/26   8:48   15.7   15.7   15.7    83   12.8   1.6   SSW   0.03   3.2   SSW   15.7   15.7   15.7  1019.0  0.00   0.0   0.002   0.000   23.2    56   14.0   23.3  10.27 1.1797    15.6   21.1   21.7    22    1     95.7    1 
27/09/26   8:49   15.8   15.8   15.7    83   12.9   3.2    SE   0.05   6.4   SSE   15.8   15.8   15.8  1019.0  0.00   0.0   0.002   0.000   23.2    56   14.0   23.3  10.27 1.1797    15.6   21.1   21.7    23    1    100.0    1 
27/09/26   8:50   15.8   15.8   15.8    83   12.9   4.8    SE   0.08   8.0    SE   15.8   15.8   15.8  1019.0  0.00   0.0   0.002   0.000   23.2    56   14.0   23.3  10.27 1.1797    15.6   21.1   21.7    23    1    100.0    1 
27/09/26   8:51   15.8   15.8   15.8    83   12.9   4.8    SE   0.08   8.0    SE   15.8   15.8   15.8  1019.0  0.00   0.0   0.002   0.000   23.2    56   14.0   23.3  10.27 1.1796    16.1   21.1   21.7    24    1    100.0    1 
27/09/26   8:52   15.8   15.8   15.8    83   12.9   3.2   SSW   0.05   6.4   SSE   15.8   15.8   15.8  1019.0  0.00   0.0   0.002   0.000   23.2    56   14.0   23.3  10.27 1.1797    16.1   21.1   21.7    23    1    100.0    1 
27/09/26   8:53   15.8   15.8   15.8    83   12.9   1.6   SSW   0.03   4.8   SSW   15.8   15.8   15.8  1019.0  0.00   0.0   0.002   0.000   23.2    56   14.0   23.3  10.27 1.1797    16.1   21.1   21.7    22    1     95.7    1 
27/09/26   8:54   15.8   15.8   15.8    83   12.9   3.2   SSE   0.05   6.4    SE   15.8   15.8   15.8  1019.0  0.00   0.0   0.002   0.000   23.2    56   14.0   23.3  10.27 1.1797    16.1   21.1   21.7    23    1    100.0    1 
27/09/26   8:55   15.8   15.8   15.8    83   12.9   4.8   SSE   0.08   6.4   SSE   15.8   15.8   15.8  1019.0  0.00   0.0   0.002   0.000   23.2    56   14.0   23.3  10.27 1.1797    16.1   21.1   21.7    23    1    100.0    1 
27/09/26   8:56   15.8   15.8   15.8    83   12.9   3.2   SSE   0.05   6.4   SSE   15.8   15.8   15.8  1019.0  0.00   0.0   0.002   0.000   23.2    56   14.0   23.3  10.27 1.1796    16.1   21.1   21.7    24    1    100.0    1 
27/09/26   8:57   15.8   15.8   15.8    83   12.9   4.8   SSE   0.08   6.4   SSE   15.8   15.8   15.8  1019.0  0.00   0.0   0.002   0.000   23.2    56   14.0   23.3  10.27 1.1796    16.1   21.1   21.7    23    1    100.0    1 
27/09/26   8:58   15.8   15.8   15.8    83   12.9   0.0     S   0.00   3.2     S   15.8   15.8   15.8  1019.0  0.00   0.0   0.002   0.000   23.2    56   14.0   23.3  10.27 1.1797    16.1   21.1   21.7    24    1    100.0    1 
27/09/26   8:59   15.8   15.8   15.8    83   12.9   1.6     S   0.03   3.2     S   15.8   15.8   15.8  1019.0  0.00   0.0   0.002   0.000   23.2    56   14.0   23.3  10.27 1.1796    16.1   21.1   21.7    23    1    100.0    1 
27/09/26   9:00   15.8   15.8   15.8    83   12.9   3.2   SSE   0.05   6.4   SSE   15.8   15.8   15.8  1019.0  0.00   0.0   0.002   0.000   23.2    56   14.0   23.3  10.27 1.1796    16.1   21.1   21.7    23    1    100.0    1 
27/09/26   9:01   15.8   15.8   15.8    83   12.9   3.2     S   0.05   6.4    SE   15.8   15.8   15.8  1019.0  0.00   0.0   0.002   0.000   23.2    56   14.0   23.3  10.27 1.1796    15.6   21.1   21.7    22    1     95.7    1 
27/09/26   9:02   15.8   15.8   15.8    83   12.9   4.8    SE   0.08   6.4    SE   15.8   15.8   15.8  1019.0  0.00   0.0   0.002   0.000   23.2    56   14.0   23.3  10.27 1.1796    15.6   21.1   21.7    23    1    100.0    1 
27/09/26   9:03   15.8   15.8   15.8    83   12.9   4.8   SSE   0.08   8.0   ESE   15.8   15.8   15.8  1019.0  0.00   0.0   0.002   0.000   23.2    56   14.0   23.3  10.27 1.1796    15.6   21.1   21.7    23    1    100.0    1 
27/09/26   9:04   15.8   15.8   15.8    83   12.9   6.4   SSE   0.11   8.0   SSE   15.8   15.8   15.8  1018.9  0.00   0.0   0.002   0.000   23.2    56   14.0   23.3  10.27 1.1796    15.6   21.1   21.7    22    1     95.7    1 
27/09/26   9:05   15.8   15.8   15.8    82   12.7   6.4   SSE   0.11   8.0   SSE   15.8   15.7   15.7  1018.9  0.00   0.0   0.002   0.000   23.2    56   14.0   23.3  10.27 1.1796    15.6   21.1   21.7    22    1     95.7    1 
27/09/26   9:06   15.7   15.8   15.7    82   12.7   3.2    SE   0.05   6.4    SE   15.7   15.7   15.7  1018.9  0.00   0.0   0.002   0.000   23.2    56   14.0   23.3  10.27 1.1796    15.6   21.1   21.7    23    1    100.0    1 
27/09/26   9:07   15.7   15.7   15.7    83   12.8   1.6   SSE   0.03   3.2   SSE   15.7   15.7   15.7  1018.9  0.00   0.0   0.002   0.000   23.2    56   14.0   23.3  10.27 1.1796    15.6   21.1   21.7    23    1    100.0    1 
27/09/26   9:08   15.7   15.7   15.7    83   12.8   3.2   SSE   0.05   6.4   SSE   15.7   15.7   15.7  1018.9  0.00   0.0   0.002   0.000   23.2    56   14.0   23.3  10.27 1.1795    15.6   21.1   21.7    22    1     95.7    1 
27/09/26   9:09   15.7   15.7   15.7    83   12.8   3.2   SSE   0.05   6.4     S   15.7   15.7   15.7  1018.8  0.00   0.0   0.002   0.000   23.2    56   14.0   23.3  10.27 1.1795    15.6   21.1   21.7    23    1    100.0    1 
27/09/26   9:10   15.7   15.7   15.7    83   12.8   3.2     S   0.05   8.0   SSE   15.7   15.7   15.7  1018.9  0.00   0.0   0.002   0.000   23.2    56   14.0   23.3  10.27 1.1795    15.6   21.1   21.7    23    1    100.0    1 
27/09/26   9:11   15.7   15.7   15.7    83   12.8   1.6     S   0.03   3.2     S   15.7   15.7   15.7  1018.9  0.00   0.0   0.002   0.000   23.2    56   14.0   23.3  10.27 1.1795    15.6   21.1   21.7    23    1    100.0    1 
27/09/26   9:12   15.8   15.8   15.7    83   12.9   1.6     S   0.03   3.2     S   15.8   15.8   15.8  1018.8  0.00   0.0   0.002   0.000   23.1    56   13.9   23.2  10.28 1.1800    15.6   21.1   21.7    22    1     95.7    1 
27/09/26   9:13   15.8   15.8   15.8    83   12.9   1.6     S   0.03   3.2     S   15.8   15.8   15.8  1018.9  0.00   0.0   0.002   0.000   23.1    56   13.9   23.2  10.28 1.1801    15.6   21.1   21.7    24    1    100.0    1 
27/09/26   9:14   15.8   15.8   15.8    83   12.9   3.2     S   0.05   6.4    SE   15.8   15.8   15.8  1018.9  0.00   0.0   0.002   0.000   23.1    56   13.9   23.2  10.28 1.1801    16.1   21.1   21.7    23    1    100.0    1 
27/09/26   9:15   15.8   15.8   15.8    83   12.9   3.2    SE   0.05   6.4    SE   15.8   15.8   15.8  1018.9  0.00   0.0   0.002   0.000   23.1    56   13.9   23.2  10.28 1.1801    16.1   21.1   21.7    24    1    100.0    1 
27/09/26   9:16   15.8   15.8   15.8    83   12.9   4.8   SSE   0.08   8.0    SE   15.8   15.8   15.8  1018.9  0.00   0.0   0.002   0.000   23.1    56   13.9   23.2  10.28 1.1801    16.1   21.1   21.7    22    1     95.7    1 
27/09/26   9:17   15.8   15.8   15.8    82   12.8   4.8   SSE   0.08   6.4     S   15.8   15.8   15.8  1018.9  0.00   0.0   0.002   0.000   23.1    56   13.9   23.2  10.28 1.1802    16.1   21.1   21.7    21    1     91.3    1 
27/09/26   9:18   15.8   15.8   15.8    82   12.7   4.8     S   0.08   8.0     S   15.8   15.7   15.7  1018.9  0.00   0.0   0.002   0.000   23.1    56   13.9   23.2  10.28 1.1802    15.6   21.1   21.7    24    1    100.0    1 
27/09/26   9:19   15.8   15.8   15.8    82   12.7   4.8    SE   0.08   8.0    SE   15.8   15.7   15.7  1018.9  0.00   0.0   0.002   0.000   23.1    56   13.9   23.2  10.28 1.1802    15.6   21.1   21.7    23    1    100.0    1 
27/09/26   9:20   15.8   15.8   15.8    82   12.7   3.2   SSE   0.05   6.4   SSE   15.8   15.7   15.7  1018.9  0.00   0.0   0.002   0.000   23.1    56   13.9   23.2  10.28 1.1802    15.6   21.1   21.7    24    1    100.0    1 
27/09/26   9:21   15.8   15.8   15.8    82   12.7   3.2   SSE   0.05   8.0    SE   15.8   15.7   15.7  1018.9  0.00   0.0   0.002   0.000   23.1    56   13.9   23.2  10.28 1.1801    15.6   21.1   21.7    23    1    100.0    1 
27/09/26   9:22   15.8   15.8   15.8    82   12.7   3.2    SE   0.05   6.4   SSE   15.8   15.7   15.7  1018.9  0.00   0.0   0.002   0.000   23.1    56   13.9   23.2  10.28 1.1801    15.6   21.1   21.7    23    1    100.0    1 
27/09/26   9:23   15.8   15.8   15.8    82   12.7   3.2    SE   0.05   6.4   ESE   15.8   15.7   15.7  1018.9  0.00   0.0   0.002   0.000   23.1    56   13.9   23.2  10.28 1.1801    15.6   21.1   21.7    23    1    100.0    1 
27/09/26   9:24   15.8   15.8   15.8    82   12.7   3.2   SSE   0.05   6.4   SSE   15.8   15.7   15.7  1018.9  0.00   0.0   0.002   0.000   23.1    56   13.9   23.2  10.28 1.1801    15.6   21.1   21.7    23    1    100.0    1 
27/09/26   9:25   15.8   15.8   15.8    82   12.7   3.2   SSE   0.05   8.0   SSE   15.8   15.7   15.7  1018.9  0.00   0.0   0.002   0.000   23.1    56   13.9   23.2  10.28 1.1801    15.6   21.1   21.7    24    1    100.0    1 
27/09/26   9:26   15.8   15.8   15.8    82   12.7   1.6   SSE   0.03   3.2   SSE   15.8   15.7   15.7  1018.9  0.00   0.0   0.002   0.000   23.1    56   13.9   23.2  10.28 1.1801    15.6   21.1   21.7    23    1    100.0    1 
27/09/26   9:27   15.8   15.8   15.8    83   12.9   4.8    SE   0.08   6.4    SE   15.8   15.8   15.8  1018.9  0.00   0.0   0.002   0.000   23.1    55   13.6   23.1  10.08 1.1805    15.6   21.1   21.7    24    1    100.0    1 
27/09/26   9:28   15.8   15.8   15.8    83   12.9   3.2   SSE   0.05   6.4   SSE   15.8   15.8   15.8  1018.9  0.00   0.0   0.002   0.000   23.1    55   13.6   23.1  10.08 1.1804    15.6   21.1   21.7    22    1     95.7    1 
27/09/26   9:29   15.8   15.8   15.8    83   12.9   3.2   SSE   0.05   6.4   SSE   15.8   15.8   15.8  1018.9  0.00   0.0   0.002   0.000   23.1    56   13.9   23.2  10.28 1.1801    15.6   21.1   21.7    22    1     95.7    1 
27/09/26   9:30   15.8   15.8   15.8    83   12.9   0.0   SSE   0.00   1.6   SSE   15.8   15.8   15.8  1018.9  0.00   0.0   0.002   0.000   23.1    56   13.9   23.2  10.28 1.1801    15.6   21.1   21.7    24    1    100.0    1 
27/09/26   9:31   15.8   15.8   15.8    83   12.9   3.2   SSE   0.05   8.0   SSE   15.8   15.8   15.8  1018.8  0.00   0.0   0.002   0.000   23.1    55   13.6   23.1  10.08 1.1804    16.1   21.1   21.7    22    1     95.7    1 
27/09/26   9:32   15.8   15.8   15.8    83   12.9   4.8     S   0.08   8.0    SE   15.8   15.8   15.8  1018.8  0.00   0.0   0.002   0.000   23.1    55   13.6   23.1  10.08 1.1803    16.1   21.1   21.7    23    1    100.0    1 
27/09/26   9:33   15.9   15.9   15.8    83   13.0   4.8    SE   0.08   9.7   ESE   15.9   15.9   15.9  1018.8  0.00   0.0   0.002   0.000   23.1    56   13.9   23.2  10.28 1.1800    16.1   21.1   21.7    23    1    100.0    1 
27/09/26   9:34   15.9   15.9   15.9    83   13.0   4.8   SSE   0.08   8.0     S   15.9   15.9   15.9  1018.8  0.00   0.0   0.002   0.000   23.1    55   13.6   23.1  10.08 1.1804    16.1   21.1   21.7    23    1    100.0    1 
27/09/26   9:35   15.9   15.9   15.9    82   12.9   6.4     S   0.11   9.7     S   15.9   15.9   15.9  1018.8  0.00   0.0   0.002   0.000   23.1    55   13.6   23.1  10.08 1.1804    16.1   21.1   21.7    24    1    100.0    1 
27/09/26   9:36   15.9   15.9   15.9    82   12.9   8.0     S   0.13   9.7   SSW   15.9   15.9   15.9  1018.8  0.00   0.0   0.002   0.000   23.1    55   13.6   23.1  10.08 1.1804    16.1   21.1   21.7    23    1    100.0    1 
27/09/26   9:37   15.9   15.9   15.9    82   12.9   8.0   SSE   0.13  11.3   SSW   15.9   15.9   15.9  1018.8  0.00   0.0   0.002   0.000   23.1    55   13.6   23.1  10.08 1.1804    16.1   21.1   21.7    24    1    100.0    1 
27/09/26   9:38   16.0   16.0   15.9    82   12.9   6.4     S   0.11   9.7     S   16.0   16.0   16.0  1018.8  0.00   0.0   0.002   0.000   23.1    55   13.6   23.1  10.08 1.1803    16.1   21.1   21.7    23    1    100.0    1 
27/09/26   9:39   15.9   16.0   15.9    82   12.9   4.8     S   0.08   8.0   SSE   15.9   15.9   15.9  1018.8  0.00   0.0   0.002   0.000   23.1    55   13.6   23.1  10.08 1.1803    16.1   21.1   21.7    23    1    100.0    1 
27/09/26   9:40   16.0   16.0   15.9    82   12.9   1.6   SSW   0.03   6.4   SSW   16.0   16.0   16.0  1018.8  0.00   0.0   0.002   0.000   23.1    55   13.6   23.1  10.08 1.1803    16.1   21.1   21.7    22    1     95.7    1 
27/09/26   9:41   16.0   16.0   16.0    82   12.9   1.6   SSW   0.03   3.2   SSW   16.0   16.0   16.0  1018.8  0.00   0.0   0.002   0.000   23.1    55   13.6   23.1  10.08 1.1804    16.1   21.1   21.7    23    1    100.0    1 
27/09/26   9:42   16.1   16.1   16.0    82   13.0   1.6   SSW   0.03   4.8   SSW   16.1   16.1   16.1  1018.8  0.00   0.0   0.002   0.000   23.1    55   13.6   23.1  10.08 1.1804    16.1   21.1   21.7    24    1    100.0    1 
27/09/26   9:43   16.1   16.1   16.1    82   13.0   3.2     S   0.05   6.4     S   16.1   16.1   16.1  1018.8  0.00   0.0   0.002   0.000   23.1    55   13.5   23.1  10.08 1.1807    16.1   21.1   21.7    23    1    100.0    1 
27/09/26   9:44   16.1   16.1   16.1    82   13.0   1.6     S   0.03   3.2     S   16.1   16.1   16.1  1018.8  0.00   0.0   0.002   0.000   23.1    55   13.5   23.1  10.08 1.1806    16.1   21.1   21.7    24    1    100.0    1 
27/09/26   9:45   16.1   16.1   16.1    82   13.0   3.2     S   0.05   6.4     S   16.1   16.1   16.1  1018.8  0.00   0.0   0.002   0.000   23.1    55   13.5   23.1  10.08 1.1806    16.1   21.1   21.7    23    1    100.0    1 
27/09/26   9:46   16.1   16.1   16.1    82   13.0   3.2     S   0.05   6.4     S   16.1   16.1   16.1  1018.8  0.00   0.0   0.002   0.000   23.1    55   13.5   23.1  10.08 1.1807    16.1   21.1   21.7    23    1    100.0    1 
27/09/26   9:47   16.1   16.2   16.1    82   13.0   3.2     S   0.05   4.8     S   16.1   16.1   16.1  1018.8  0.00   0.0   0.002   0.000   23.1    55   13.5   23.1  10.08 1.1806    16.1   21.1   21.7    24    1    100.0    1 
27/09/26   9:48   16.1   16.2   16.1    82   13.0   4.8     S   0.08   6.4     S   16.1   16.1   16.1  1018.8  0.00   0.0   0.002   0.000   23.1    55   13.5   23.1  10.08 1.1806    16.1   21.1   21.7    23    1    100.0    1 
27/09/26   9:49   16.2   16.2   16.1    82   13.1   3.2   SSE   0.05   6.4    SE   16.2   16.2   16.2  1018.8  0.00   0.0   0.002   0.000   23.1    55   13.5   23.1  10.08 1.1806    16.1   21.1   21.7    23    1    100.0    1 
27/09/26   9:50   16.2   16.2   16.2    82   13.1   1.6    SE   0.03   3.2    SE   16.2   16.2   16.2  1018.8  0.00   0.0   0.002   0.000   23.1    55   13.5   23.1  10.08 1.1806    16.1   21.1   21.7    23    1    100.0    1 
27/09/26   9:51   16.2   16.2   16.2    82   13.1   3.2   SSW   0.05   4.8   SSW   16.2   16.2   16.2  1018.8  0.00   0.0   0.001   0.000   23.1    55   13.5   23.1  10.08 1.1806    16.1   21.1   21.7    23    1    100.0    1 
27/09/26   9:52   16.2   16.2   16.2    82   13.1   3.2   SSW   0.05   4.8   SSW   16.2   16.2   16.2  1018.8  0.00   0.0   0.001   0.000   23.1    55   13.5   23.1  10.08 1.1807    16.1   21.1   21.7    22    1     95.7    1 
27/09/26   9:53   16.3   16.3   16.3    81   13.0   1.6   SSW   0.03   3.2     S   16.3   16.3   16.3  1018.8  0.00   0.0   0.001   0.000   23.1    55   13.5   23.1  10.08 1.1806    16.1   21.1   21.7    22    1     95.7    1 
27/09/26   9:54   16.3   16.3   16.3    82   13.3   3.2     S   0.05   8.0     S   16.3   16.3   16.3  1018.8  0.00   0.0   0.001   0.000   23.1    55   13.5   23.1  10.08 1.1806    16.1   21.1   21.7    24    1    100.0    1 
27/09/26   9:55   16.4   16.4   16.3    82   13.3   6.4   SSW   0.11   8.0    SW   16.4   16.4   16.4  1018.8  0.00   0.0   0.001   0.000   23.1    55   13.5   23.1  10.08 1.1806    16.7   21.1   21.7    22    1     95.7    1 
27/09/26   9:56   16.4   16.4   16.4    81   13.1   4.8     S   0.08   9.7   SSE   16.4   16.4   16.4  1018.8  0.00   0.0   0.001   0.000   23.1    55   13.5   23.1  10.08 1.1806    16.7   21.1   21.7    24    1    100.0    1 
27/09/26   9:57   16.4   16.4   16.4    81   13.2   1.6     S   0.03   3.2     S   16.4   16.4   16.4  1018.8  0.00   0.0   0.001   0.000   23.1    55   13.5   23.1  10.08 1.1806    16.7   21.1   21.7    22    1     95.7    1 
27/09/26   9:58   16.5   16.5   16.4    81   13.2   3.2     S   0.05   8.0   SSE   16.5   16.6   16.6  1018.8  0.00   0.0   0.001   0.000   23.1    55   13.5   23.1  10.08 1.1806    16.7   21.1   21.7    21    1     91.3    1 
27/09/26   9:59   16.5   16.5   16.5    81   13.2   3.2   SSE   0.05   6.4    SE   16.5   16.6   16.6  1018.8  0.00   0.0   0.001   0.000   23.1    55   13.5   23.1  10.08 1.1806    16.7   21.1   21.7    24    1    100.0    1 
27/09/26  10:00   16.6   16.6   16.5    81   13.3   3.2    SE   0.05   6.4    SE   16.6   16.6   16.6  1018.8  0.00   0.0   0.001   0.000   23.1    55   13.5   23.1  10.08 1.1806    16.7   21.1   21.7    22    1     95.7    1 
27/09/26  10:01   16.6   16.6   16.6    81   13.3   4.8     S   0.08   8.0     S   16.6   16.7   16.7  1018.8  0.00   0.0   0.001   0.000   23.1    55   13.5   23.1  10.08 1.1807    16.7   21.1   21.7    24    1    100.0    1 
27/09/26  10:02   16.7   16.7   16.6    81   13.4   1.6     S   0.03   3.2     S   16.7   16.7   16.7  1018.8  0.00   0.0   0.001   0.000   23.1    55   13.5   23.1  10.08 1.1807    16.7   21.1   21.7    23    1    100.0    1 
27/09/26  10:03   16.7   16.7   16.7    81   13.4   1.6     S   0.03   1.6     S   16.7   16.8   16.8  1018.8  0.00   0.0   0.001   0.000   23.1    55   13.5   23.1  10.08 1.1806    16.7   21.1   21.7    24    1    100.0    1 
27/09/26  10:04   16.7   16.7   16.7    81   13.4   1.6     S   0.03   3.2     S   16.7   16.8   16.8  1018.8  0.00   0.0   0.001   0.000   23.1    55   13.5   23.1  10.08 1.1807    16.7   21.1   21.7    22    1     95.7    1 
27/09/26  10:05   16.8   16.8   16.7    81   13.5   6.4   SSE   0.11   9.7    SE   16.8   16.8   16.8  1018.8  0.00   0.0   0.001   0.000   23.1    55   13.5   23.1  10.08 1.1806    16.7   21.1   21.7    23    1    100.0    1 
27/09/26  10:06   16.8   16.8   16.8    80   13.3   4.8   SSE   0.08   8.0   SSE   16.8   16.8   16.8  1018.8  0.00   0.0   0.001   0.000   23.1    55   13.5   23.1  10.08 1.1806    16.7   21.1   21.7    24    1    100.0    1 
27/09/26  10:07   16.8   16.8   16.8    80   13.4   4.8     S   0.08   6.4   SSE   16.8   16.9   16.9  1018.9  0.00   0.0   0.001   0.000   23.1    55   13.5   23.1  10.08 1.1807    16.7   21.1   21.7    23    1    100.0    1 
27/09/26  10:08   16.9   16.9   16.8    80   13.4   4.8    SE   0.08   6.4    SE   16.9   16.9   16.9  1018.8  0.00   0.0   0.001   0.000   23.1    55   13.5   23.1  10.08 1.1807    16.7   21.1   21.7    23    1    100.0    1 
27/09/26  10:09   16.9   16.9   16.9    80   13.4   4.8   ESE   0.08   8.0    SE   16.9   16.9   16.9  1018.8  0.00   0.0   0.001   0.000   23.1    55   13.5   23.1  10.08 1.1807    16.7   21.1   21.7    21    1     91.3    1 
27/09/26  10:10   16.9   16.9   16.9    80   13.5   3.2   ESE   0.05   8.0   SSE   16.9   17.1   17.1  1018.8  0.00   0.0   0.001   0.000   23.1    55   13.5   23.1  10.08 1.1806    17.2   21.1   21.7    22    1     95.7    1 
27/09/26  10:11   17.0   17.0   16.9    79   13.3   6.4    SE   0.11   8.0    SE   17.0   17.1   17.1  1018.8  0.00   0.0   0.001   0.000   23.1    55   13.5   23.1  10.08 1.1807    17.2   21.1   21.7    23    1    100.0    1 
27/09/26  10:12   17.0   17.0   17.0    79   13.3   4.8   SSE   0.08   6.4   SSE   17.0   17.1   17.1  1018.8  0.00   0.0   0.001   0.000   23.1    55   13.5   23.1  10.08 1.1807    17.2   21.1   21.7    23    1    100.0    1 
27/09/26  10:13   17.1   17.1   17.0    79   13.4   3.2   SSE   0.05   6.4   SSE   17.1   17.1   17.1  1018.8  0.00   0.0   0.001   0.000   23.1    55   13.5   23.1  10.08 1.1806    17.2   21.1   21.7    23    1    100.0    1 
27/09/26  10:14   17.1   17.1   17.1    79   13.4   0.0   SSE   0.00   1.6   SSE   17.1   17.1   17.1  1018.8  0.00   0.0   0.001   0.000   23.1    55   13.5   23.1  10.08 1.1806    17.2   21.1   21.7    23    1    100.0    1 
27/09/26  10:15   17.1   17.1   17.1    79   13.4   1.6   SSE   0.03   3.2   SSE   17.1   17.2   17.2  1018.7  0.00   0.0   0.001   0.000   23.1    55   13.5   23.1  10.08 1.1805    17.2   21.1   21.7    22    1     95.7    1 
27/09/26  10:16   17.2   17.2   17.2    79   13.5   3.2   SSE   0.05   6.4   SSE   17.2   17.3   17.3  1018.7  0.00   0.0   0.001   0.000   23.1    55   13.5   23.1  10.08 1.1805    17.2   21.1   21.7    24    1    100.0    1 
27/09/26  10:17   17.3   17.3   17.2    79   13.6   6.4   SSE   0.11   9.7    SE   17.3   17.3   17.3  1018.7  0.00   0.0   0.001   0.000   23.1    55   13.5   23.1  10.08 1.1805    17.2   21.1   21.7    22    1     95.7    1 
27/09/26  10:18   17.3   17.3   17.3    79   13.7   4.8     S   0.08   8.0     S   17.3   17.4   17.4  1018.7  0.00   0.0   0.001   0.000   23.1    55   13.5   23.1  10.08 1.1805    17.2   21.1   21.7    24    1    100.0    1 
27/09/26  10:19   17.4   17.4   17.3    78   13.5   6.4   SSE   0.11   9.7   ESE   17.4   17.4   17.4  1018.7  0.00   0.0   0.001   0.000   23.1    55   13.5   23.1  10.08 1.1805    17.2   21.1   21.7    22    1     95.7    1 
27/09/26  10:20   17.4   17.4   17.4    78   13.6   6.4     S   0.11   9.7   SSE   17.4   17.5   17.5  1018.7  0.00   0.0   0.001   0.000   23.1    55   13.5   23.1  10.08 1.1805    17.2   21.1   21.7    23    1    100.0    1 
27/09/26  10:21   17.4   17.4   17.4    78   13.6   6.4     S   0.11  11.3     S   17.4   17.5   17.5  1018.6  0.00   0.0   0.001   0.000   23.1    55   13.5   23.1  10.08 1.1804    17.2   21.1   21.7    22    1     95.7    1 
27/09/26  10:22   17.5   17.5   17.4    78   13.6   6.4   SSE   0.11   8.0   SSE   17.5   17.6   17.6  1018.7  0.00   0.0   0.001   0.000   23.1    55   13.5   23.1  10.08 1.1805    17.8   21.1   21.7    22    1     95.7    1 
27/09/26  10:23   17.5   17.5   17.5    78   13.6   6.4   SSE   0.11   9.7   SSE   17.5   17.6   17.6  1018.6  0.00   0.0   0.001   0.000   23.1    55   13.5   23.1  10.08 1.1804    17.8   21.1   21.7    24    1    100.0    1 
27/09/26  10:24   17.6   17.6   17.5    78   13.7   4.8   SSE   0.08   8.0     S   17.6   17.6   17.6  1018.6  0.00   0.0   0.001   0.000   23.1    55   13.5   23.1  10.08 1.1804    17.8   21.1   21.7    21    1     91.3    1 
27/09/26  10:25   17.6   17.6   17.6    77   13.5   3.2     S   0.05   6.4     S   17.6   17.6   17.6  1018.6  0.00   0.0   0.001   0.000   23.1    55   13.5   23.1  10.08 1.1804    17.8   21.1   21.7    24    1    100.0    1 
27/09/26  10:26   17.6   17.6   17.6    77   13.5   3.2     S   0.05   6.4   SSE   17.6   17.7   17.7  1018.6  0.00   0.0   0.001   0.000   23.1    55   13.5   23.1  10.08 1.1804    17.8   21.1   21.7    22    1     95.7    1 
27/09/26  10:27   17.7   17.7   17.6    77   13.6   3.2   SSE   0.05   6.4   SSE   17.7   17.7   17.7  1018.6  0.00   0.0   0.000   0.000   23.1    55   13.5   23.1  10.08 1.1804    17.8   21.1   21.7    22    1     95.7    1 
27/09/26  10:28   17.7   17.7   17.7    77   13.6   4.8   SSE   0.08   8.0     S   17.7   17.8   17.8  1018.5  0.00   0.0   0.000   0.000   23.1    55   13.5   23.1  10.08 1.1803    17.8   21.1   21.7    23    1    100.0    1 
27/09/26  10:29   17.8   17.8   17.7    77   13.7   1.6   SSE   0.03   6.4    SE   17.8   17.8   17.8  1018.6  0.00   0.0   0.000   0.000   23.1    55   13.5   23.1  10.08 1.1803    17.8   21.1   21.7    23    1    100.0    1 
27/09/26  10:30   17.8   17.8   17.8    77   13.7   6.4    SE   0.11   8.0    SE   17.8   17.9   17.9  1018.6  0.00   0.0   0.000   0.000   23.1    55   13.5   23.1  10.08 1.1803    17.8   21.1   21.7    23    1    100.0    1 
27/09/26  10:31   17.9   17.9   17.8    77   13.8   1.6   SSE   0.03   3.2   SSE   17.9   17.9   17.9  1018.6  0.00   0.0   0.000   0.000   23.1    55   13.5   23.1  10.08 1.1803    17.8   21.1   21.7    22    1     95.7    1 
27/09/26  10:32   17.9   17.9   17.9    77   13.9   1.6   SSE   0.03   6.4   SSE   17.9   18.0   18.0  1018.5  0.00   0.0   0.000   0.000   23.1    55   13.5   23.1  10.08 1.1803    17.8   21.1   21.7    23    1    100.0    1 
27/09/26  10:33   18.1   18.1   18.0    76   13.8   4.8   SSE   0.08   8.0     S   18.1   18.1   18.1  1018.6  0.00   0.0   0.000   0.000   23.1    56   13.8   23.1  10.28 1.1800    18.3   21.1   21.7    22    1     95.7    1 
27/09/26  10:34   18.1   18.1   18.1    76   13.8   4.8     S   0.08   8.0    SE   18.1   18.2   18.2  1018.6  0.00   0.0   0.000   0.000   23.1    56   13.8   23.1  10.28 1.1801    18.3   21.1   21.7    22    1     95.7    1 
27/09/26  10:35   18.2   18.2   18.1    76   13.9   1.6   SSE   0.03   3.2   SSE   18.2   18.2   18.2  1018.6  0.00   0.0   0.000   0.000   23.1    56   13.8   23.1  10.28 1.1800    18.3   21.1   21.7    24    1    100.0    1 
27/09/26  10:36   18.2   18.2   18.2    76   13.9   0.0   ---   0.00   0.0   ---   18.2   18.3   18.3  1018.6  0.00   0.0   0.000   0.000   23.1    56   13.8   23.1  10.28 1.1801    18.3   21.1   21.7    22    1     95.7    1 
27/09/26  10:37   18.3   18.3   18.2    76   14.0   0.0     S   0.00   1.6     S   18.3   18.4   18.4  1018.6  0.00   0.0   0.000   0.000   23.1    56   13.8   23.1  10.28 1.1801    18.3   21.1   21.7    24    1    100.0    1 
27/09/26  10:38   18.4   18.4   18.3    75   13.9   4.8   SSW   0.08   8.0   SSW   18.4   18.4   18.4  1018.6  0.00   0.0   0.000   0.000   23.1    56   13.8   23.1  10.28 1.1800    18.3   21.1   21.7    22    1     95.7    1 
27/09/26  10:39   18.4   18.4   18.3    75   13.9   1.6   SSW   0.03   3.2   SSW   18.4   18.4   18.4  1018.5  0.00   0.0   0.000   0.000   23.1    56   13.8   23.1  10.28 1.1799    18.3   21.1   21.7    23    1    100.0    1 
27/09/26  10:40   18.4   18.4   18.4    75   13.9   8.0    SE   0.13  11.3    SE   18.4   18.5   18.5  1018.5  0.00   0.0   0.000   0.000   23.1    56   13.8   23.1  10.28 1.1799    18.3   21.1   21.7    21    1     91.3    1 
27/09/26  10:41   18.4   18.4   18.4    75   13.9   6.4   SSE   0.11   8.0   SSE   18.4   18.5   18.5  1018.5  0.00   0.0   0.000   0.000   23.1    56   13.8   23.1  10.28 1.1799    18.3   21.1   21.7    22    1     95.7    1 
27/09/26  10:42   18.5   18.5   18.4    75   14.0   4.8    SW   0.08   8.0     S   18.5   18.6   18.6  1018.5  0.00   0.0   0.000   0.000   23.1    56   13.8   23.1  10.28 1.1799    18.3   21.1   21.7    24    1    100.0    1 
27/09/26  10:43   18.5   18.5   18.5    74   13.8   6.4     S   0.11  11.3   SSW   18.5   18.6   18.6  1018.4  0.00   0.0   0.000   0.000   23.1    56   13.8   23.1  10.28 1.1799    18.3   21.1   21.7    22    1     95.7    1 
27/09/26  10:44   18.6   18.6   18.5    74   13.8   1.6   SSE   0.03   6.4     S   18.6   18.6   18.6  1018.5  0.00   0.0   0.000   0.000   23.1    56   13.8   23.1  10.28 1.1799    18.3   21.1   21.7    24    1    100.0    1 
27/09/26  10:45   18.6   18.6   18.6    74   13.8   3.2    SE   0.05   6.4     S   18.6   18.6   18.6  1018.5  0.00   0.0   0.000   0.000   23.1    56   13.8   23.1  10.28 1.1799    18.3   21.1   21.7    23    1    100.0    1 
27/09/26  10:46   18.6   18.6   18.6    74   13.9   0.0   SSE   0.00   1.6   SSE   18.6   18.7   18.7  1018.5  0.00   0.0   0.000   0.000   23.1    56   13.8   23.1  10.28 1.1799    18.9   21.1   21.7    23    1    100.0    1 
27/09/26  10:47   18.7   18.7   18.6    74   13.9   4.8   ESE   0.08   9.7    SE   18.7   18.7   18.7  1018.5  0.00   0.0   0.000   0.000   23.1    56   13.8   23.1  10.28 1.1799    18.9   21.1   21.7    24    1    100.0    1 
27/09/26  10:48   18.7   18.7   18.7    74   13.9   4.8   SSE   0.08   9.7   SSE   18.7   18.7   18.7  1018.6  0.00   0.0   0.000   0.000   23.1    56   13.8   23.1  10.28 1.1800    18.9   21.1   21.7    23    1    100.0    1 
27/09/26  10:49   18.7   18.7   18.7    74   14.0   1.6     E   0.03   6.4   ESE   18.7   18.8   18.8  1018.5  0.00   0.0   0.000   0.000   23.1    56   13.8   23.1  10.28 1.1799    18.9   21.1   21.7    23    1    100.0    1 
27/09/26  10:50   18.8   18.8   18.7    73   13.8   3.2    SE   0.05   8.0   SSE   18.8   18.8   18.8  1018.5  0.00   0.0   0.000   0.000   23.1    56   13.8   23.1  10.28 1.1799    18.9   21.1   21.7    23    1    100.0    1 
27/09/26  10:51   18.8   18.8   18.8    74   14.0   3.2    SE   0.05   8.0    SE   18.8   18.9   18.9  1018.5  0.00   0.0   0.000   0.000   23.1    56   13.8   23.1  10.28 1.1799    18.9   21.1   21.7    23    1    100.0    1 
27/09/26  10:52   18.9   18.9   18.8    74   14.2   6.4   SSE   0.11   9.7   ESE   18.9   19.0   19.0  1018.5  0.00   0.0   0.000   0.000   23.1    56   13.8   23.1  10.28 1.1799    18.9   21.1   21.7    24    1    100.0    1 
27/09/26  10:53   18.9   18.9   18.9    73   14.0   4.8   SSE   0.08   8.0   SSE   18.9   19.1   19.1  1018.5  0.00   0.0   0.000   0.000   23.1    56   13.8   23.1  10.28 1.1799    18.9   21.1   21.7    23    1    100.0    1 
27/09/26  10:54   18.9   18.9   18.9    73   14.0   6.4     S   0.11   9.7     S   18.9   19.1   19.1  1018.5  0.00   0.0   0.000   0.000   23.1    56   13.8   23.1  10.28 1.1799    18.9   21.1   21.7    23    1    100.0    1 
27/09/26  10:55   19.0   19.0   18.9    73   14.0   6.4     S   0.11   8.0   SSE   19.0   19.1   19.1  1018.5  0.00   0.0   0.000   0.000   23.1    56   13.8   23.1  10.28 1.1799    18.9   21.1   21.7    23    1    100.0    1 
27/09/26  10:56   19.0   19.0   19.0    73   14.0   3.2   SSE   0.05   6.4    SE   19.0   19.1   19.1  1018.5  0.00   0.0   0.000   0.000   23.1    56   13.8   23.1  10.28 1.1799    18.9   21.1   21.7    24    1    100.0    1 
27/09/26  10:57   19.1   19.1   19.0    73   14.1   3.2   SSE   0.05   6.4     S   19.1   19.2   19.2  1018.5  0.00   0.0   0.000   0.001   23.1    56   13.8   23.1  10.28 1.1799    18.9   21.1   21.7    23    1    100.0    1 
27/09/26  10:58   19.1   19.1   19.0    73   14.1   6.4   SSE   0.11   9.7    SE   19.1   19.2   19.2  1018.5  0.00   0.0   0.000   0.001   23.1    56   13.8   23.1  10.28 1.1799    18.9   21.1   21.7    23    1    100.0    1 
27/09/26  10:59   19.1   19.1   19.1    72   13.9   8.0    SE   0.13   9.7    SE   19.1   19.1   19.1  1018.5  0.00   0.0   0.000   0.001   23.1    56   13.8   23.1  10.28 1.1799    18.9   21.1   21.7    24    1    100.0    1 
27/09/26  11:00   19.1   19.1   19.1    72   13.9   6.4    SE   0.11  11.3   SSE   19.1   19.1   19.1  1018.5  0.00   0.0   0.000   0.001   23.1    56   13.8   23.1  10.28 1.1799    18.9   21.1   21.7    23    1    100.0    1 
27/09/26  11:01   19.1   19.1   19.1    72   13.9   8.0    SE   0.13  12.9   SSE   19.1   19.2   19.2  1018.4  0.00   0.0   0.000   0.001   23.1    56   13.8   23.1  10.28 1.1799    18.9   21.1   21.7    24    1    100.0    1 
27/09/26  11:02   19.1   19.1   19.1    72   13.9   6.4   SSE   0.11   8.0   SSE   19.1   19.1   19.1  1018.5  0.00   0.0   0.000   0.001   23.1    56   13.8   23.1  10.28 1.1799    18.9   21.1   21.7    23    1    100.0    1 
27/09/26  11:03   19.1   19.1   19.1    72   13.9   6.4   SSE   0.11  11.3     S   19.1   19.1   19.1  1018.5  0.00   0.0   0.000   0.001   23.1    56   13.8   23.1  10.28 1.1799    18.9   21.1   21.7    23    1    100.0    1 
27/09/26  11:04   19.0   19.0   19.0    72   13.8   3.2    SE   0.05   9.7     S   19.0   19.1   19.1  1018.4  0.00   0.0   0.000   0.000   23.1    56   13.8   23.1  10.28 1.1799    18.9   21.1   21.7    23    1    100.0    1 
27/09/26  11:05   19.0   19.0   19.0    72   13.8   3.2     S   0.05   9.7     S   19.0   19.1   19.1  1018.4  0.00   0.0   0.000   0.000   23.1    56   13.8   23.1  10.28 1.1798    18.9   21.1   21.7    23    1    100.0    1 
27/09/26  11:06   19.0   19.1   19.0    72   13.8   9.7     S   0.16  14.5   SSE   19.0   19.1   19.1  1018.5  0.00   0.0   0.000   0.000   23.1    56   13.8   23.1  10.28 1.1799    18.9   21.1   21.7    24    1    100.0    1 
27/09/26  11:07   19.0   19.1   19.0    72   13.8   4.8     S   0.08  14.5   SSE   19.0   19.1   19.1  1018.5  0.00   0.0   0.000   0.000   23.1    56   13.8   23.1  10.28 1.1799    18.9   21.1   21.7    23    1    100.0    1 
27/09/26  11:08   19.0   19.0   19.0    73   14.0   4.8   SSW   0.08   8.0   SSE   19.0   19.1   19.1  1018.6  0.00   0.0   0.000   0.000   23.1    56   13.8   23.1  10.28 1.1800    18.9   21.1   21.7    23    1    100.0    1 
27/09/26  11:09   19.1   19.1   19.0    73   14.1   8.0     S   0.13  11.3     S   19.1   19.2   19.2  1018.6  0.00   0.0   0.000   0.001   23.1    56   13.8   23.1  10.28 1.1800    18.9   21.1   21.7    24    1    100.0    1 
27/09/26  11:10   19.0   19.1   19.0    73   14.0   6.4   SSE   0.11   9.7   SSE   19.0   19.1   19.1  1018.6  0.00   0.0   0.000   0.000   23.1    56   13.8   23.1  10.28 1.1800    18.9   21.1   21.7    23    1    100.0    1 
27/09/26  11:11   19.0   19.1   19.0    73   14.0   6.4     S   0.11   9.7     S   19.0   19.1   19.1  1018.5  0.00   0.0   0.000   0.000   23.1    56   13.8   23.1  10.28 1.1799    18.9   21.1   21.7    24    1    100.0    1 
27/09/26  11:12   19.0   19.0   19.0    73   14.0   4.8   SSE   0.08   8.0     S   19.0   19.1   19.1  1018.5  0.00   0.0   0.000   0.000   23.1    56   13.8   23.1  10.28 1.1799    18.9   21.1   21.7    22    1     95.7    1 
27/09/26  11:13   19.1   19.1   19.0    73   14.1   4.8   SSE   0.08   8.0    SE   19.1   19.2   19.2  1018.5  0.00   0.0   0.000   0.001   23.1    56   13.8   23.1  10.28 1.1799    18.9   21.1   21.7    24    1    100.0    1 
27/09/26  11:14   19.1   19.1   19.1    73   14.1   3.2   SSW   0.05   4.8   SSW   19.1   19.2   19.2  1018.5  0.00   0.0   0.000   0.001   23.1    56   13.8   23.1  10.28 1.1799    18.9   21.1   21.7    23    1    100.0    1 
27/09/26  11:15   19.1   19.1   19.1    73   14.2   4.8     S   0.08   8.0     S   19.1   19.2   19.2  1018.5  0.00   0.0   0.000   0.001   23.1    56   13.8   23.1  10.28 1.1799    18.9   21.1   21.7    22    1     95.7    1 
27/09/26  11:16   19.2   19.2   19.1    73   14.2   4.8     S   0.08   8.0     S   19.2   19.3   19.3  1018.6  0.00   0.0   0.000   0.001   23.1    56   13.8   23.1  10.28 1.1800    19.4   21.1   21.7    24    1    100.0    1 
27/09/26  11:17   19.2   19.2   19.2    73   14.2   4.8   SSE   0.08   8.0   SSW   19.2   19.3   19.3  1018.5  0.00   0.0   0.000   0.001   23.1    56   13.8   23.1  10.28 1.1799    19.4   21.1   21.7    21    1     91.3    1 
27/09/26  11:18   19.2   19.2   19.2    72   14.0   8.0     S   0.13  11.3     S   19.2   19.3   19.3  1018.6  0.00   0.0   0.000   0.001   23.1    56   13.8   23.1  10.28 1.1800    19.4   21.1   21.7    22    1     95.7    1 
27/09/26  11:19   19.3   19.3   19.2    72   14.1   6.4     S   0.11  12.9     S   19.3   19.4   19.4  1018.5  0.00   0.0   0.000   0.001   23.1    56   13.8   23.1  10.28 1.1799    19.4   21.1   21.7    22    1     95.7    1 
27/09/26  11:20   19.3   19.3   19.3    72   14.1   4.8     S   0.08   9.7     S   19.3   19.4   19.4  1018.6  0.00   0.0   0.000   0.001   23.1    56   13.8   23.1  10.28 1.1800    19.4   21.1   21.7    23    1    100.0    1 
27/09/26  11:21   19.3   19.3   19.3    72   14.1   6.4     S   0.11  11.3     S   19.3   19.4   19.4  1018.5  0.00   0.0   0.000   0.001   23.1    56   13.8   23.1  10.28 1.1799    19.4   21.1   21.7    22    1     95.7    1 
27/09/26  11:22   19.3   19.3   19.3    72   14.1   4.8   SSE   0.08   9.7    SE   19.3   19.4   19.4  1018.5  0.00   0.0   0.000   0.001   23.1    56   13.8   23.1  10.28 1.1799    19.4   21.1   21.7    23    1    100.0    1 
27/09/26  11:23   19.3   19.3   19.3    72   14.2   3.2     S   0.05   6.4    SE   19.3   19.4   19.4  1018.4  0.00   0.0   0.000   0.001   23.1    56   13.8   23.1  10.28 1.1799    19.4   21.1   21.7    23    1    100.0    1 
27/09/26  11:24   19.4   19.4   19.3    72   14.2   6.4   SSE   0.11   8.0    SE   19.4   19.5   19.5  1018.4  0.00   0.0   0.000   0.001   23.1    56   13.8   23.1  10.28 1.1799    19.4   21.1   21.7    22    1     95.7    1 
27/09/26  11:25   19.4   19.4   19.4    72   14.2   3.2     S   0.05   6.4   SSE   19.4   19.5   19.5  1018.5  0.00   0.0   0.000   0.001   23.1    56   13.8   23.1  10.28 1.1799    19.4   21.1   21.7    24    1    100.0    1 
27/09/26  11:26   19.4   19.4   19.4    72   14.3   4.8   SSE   0.08   8.0   SSE   19.4   19.6   19.6  1018.5  0.00   0.0   0.000   0.001   23.1    56   13.8   23.1  10.28 1.1799    19.4   21.1   21.7    21    1     91.3    1 
27/09/26  11:27   19.4   19.4   19.4    71   14.0   6.4     S   0.11   8.0    SE   19.4   19.6   19.6  1018.5  0.00   0.0   0.000   0.001   23.1    56   13.8   23.1  10.28 1.1799    19.4   21.1   21.7    23    1    100.0    1 
27/09/26  11:28   19.5   19.5   19.4    71   14.1   1.6    SE   0.03   6.4    SE   19.5   19.6   19.6  1018.4  0.00   0.0   0.000   0.001   23.1    56   13.8   23.1  10.28 1.1799    19.4   21.1   21.7    24    1    100.0    1 
27/09/26  11:29   19.5   19.5   19.5    71   14.1   1.6    SE   0.03   6.4    SE   19.5   19.6   19.6  1018.5  0.00   0.0   0.000   0.001   23.1    56   13.8   23.1  10.28 1.1799    19.4   21.1   21.7    23    1    100.0    1 
27/09/26  11:30   19.6   19.6   19.5    71   14.2   4.8   SSE   0.08   9.7   SSE   19.6   19.7   19.7  1018.4  0.00   0.0   0.000   0.001   23.1    56   13.8   23.1  10.28 1.1799    19.4   21.1   21.7    24    1    100.0    1 
27/09/26  11:31   19.6   19.6   19.6    71   14.2   4.8     S   0.08   8.0   SSE   19.6   19.7   19.7  1018.5  0.00   0.0   0.000   0.001   23.1    56   13.8   23.1  10.28 1.1799    19.4   21.1   21.7    23    1    100.0    1 
27/09/26  11:32   19.6   19.6   19.6    71   14.2   4.8   SSE   0.08   9.7   SSE   19.6   19.7   19.7  1018.5  0.00   0.0   0.000   0.001   23.1    56   13.8   23.1  10.28 1.1799    19.4   21.1   21.7    23    1    100.0    1 
27/09/26  11:33   19.7   19.7   19.6    71   14.3   3.2    SE   0.05  11.3   SSE   19.7   19.8   19.8  1018.5  0.00   0.0   0.000   0.001   23.1    56   13.8   23.1  10.28 1.1799    19.4   21.1   21.7    24    1    100.0    1 
27/09/26  11:34   19.7   19.7   19.7    71   14.3   6.4    SE   0.11   9.7   SSE   19.7   19.8   19.8  1018.5  0.00   0.0   0.000   0.001   23.1    56   13.8   23.1  10.28 1.1799    19.4   21.1   21.7    22    1     95.7    1 
27/09/26  11:35   19.7   19.7   19.7    71   14.3   6.4   SSE   0.11   9.7   SSE   19.7   19.8   19.8  1018.5  0.00   0.0   0.000   0.001   23.1    56   13.8   23.1  10.28 1.1799    19.4   21.1   21.7    23    1    100.0    1 
27/09/26  11:36   19.7   19.7   19.7    71   14.3   6.4     S   0.11   8.0     S   19.7   19.9   19.9  1018.5  0.00   0.0   0.000   0.001   23.1    56   13.8   23.1  10.28 1.1799    20.0   21.1   21.7    23    1    100.0    1 
27/09/26  11:37   19.7   19.7   19.7    71   14.3   4.8    SE   0.08   8.0   SSE   19.7   19.9   19.9  1018.4  0.00   0.0   0.000   0.001   23.1    56   13.8   23.1  10.28 1.1798    20.0   21.1   21.7    23    1    100.0    1 
27/09/26  11:38   19.8   19.8   19.7    71   14.4   4.8   SSE   0.08   8.0   SSE   19.8   19.9   19.9  1018.4  0.00   0.0   0.000   0.001   23.1    56   13.8   23.1  10.28 1.1798    20.0   21.1   21.7    22    1     95.7    1 
27/09/26  11:39   19.8   19.8   19.8    71   14.4   6.4   SSE   0.11   8.0   SSW   19.8   19.9   19.9  1018.4  0.00   0.0   0.000   0.001   23.1    56   13.8   23.1  10.28 1.1798    20.0   21.1   21.7    22    1     95.7    1 
27/09/26  11:40   19.8   19.8   19.8    70   14.2   4.8   SSE   0.08   8.0   SSW   19.8   19.9   19.9  1018.4  0.00   0.0   0.000   0.001   23.1    56   13.8   23.1  10.28 1.1798    20.0   21.1   21.7    23    1    100.0    1 
27/09/26  11:41   19.9   19.9   19.8    70   14.3   8.0     S   0.13  11.3     S   19.9   20.1   20.1  1018.4  0.00   0.0   0.000   0.001   23.1    56   13.8   23.1  10.28 1.1798    20.0   21.1   21.7    23    1    100.0    1 
27/09/26  11:42   19.9   19.9   19.9    70   14.3   9.7     S   0.16  14.5     S   19.9   20.1   20.1  1018.4  0.00   0.0   0.000   0.001   23.1    56   13.8   23.1  10.28 1.1798    20.0   21.1   21.7    23    1    100.0    1 
27/09/26  11:43   19.9   19.9   19.9    70   14.3   6.4     S   0.11  11.3     S   19.9   20.1   20.1  1018.4  0.00   0.0   0.000   0.001   23.1    56   13.8   23.1  10.28 1.1798    20.0   21.1   21.7    23    1    100.0    1 
27/09/26  11:44   19.9   19.9   19.9    69   14.1   8.0     S   0.13  11.3   SSW   19.9   20.1   20.1  1018.4  0.00   0.0   0.000   0.001   23.1    56   13.8   23.1  10.28 1.1799    20.0   21.1   21.7    21    1     91.3    1 
27/09/26  11:45   19.9   19.9   19.9    70   14.3   8.0   SSW   0.13  11.3     S   19.9   20.1   20.1  1018.4  0.00   0.0   0.000   0.001   23.1    56   13.8   23.1  10.28 1.1798    20.0   21.1   21.7    24    1    100.0    1 
27/09/26  11:46   19.9   19.9   19.9    70   14.3   4.8   SSW   0.08   8.0   SSW   19.9   20.1   20.1  1018.3  0.00   0.0   0.000   0.001   23.1    56   13.8   23.1  10.28 1.1797    20.0   21.1   21.7    22    1     95.7    1 
27/09/26  11:47   20.0   20.0   19.9    70   14.4   3.2   SSW   0.05   9.7     S   20.0   20.2   20.2  1018.4  0.00   0.0   0.000   0.001   23.1    56   13.8   23.1  10.28 1.1798    20.0   21.1   21.7    24    1    100.0    1 
27/09/26  11:48   20.1   20.1   20.0    70   14.4   4.8   SSW   0.08   9.7     S   20.1   20.2   20.2  1018.4  0.00   0.0   0.000   0.001   23.1    56   13.8   23.1  10.28 1.1798    20.0   21.1   21.7    22    1     95.7    1 
27/09/26  11:49   20.1   20.1   20.1    69   14.2   3.2   SSE   0.05  11.3   SSW   20.1   20.2   20.2  1018.4  0.00   0.0   0.000   0.001   23.1    56   13.8   23.1  10.28 1.1798    20.0   21.1   21.7    22    1     95.7    1 
27/09/26  11:50   20.1   20.1   20.1    69   14.2  11.3     S   0.19  17.7   SSW   20.1   20.3   20.3  1018.3  0.00   0.0   0.000   0.001   23.1    56   13.8   23.1  10.28 1.1797    20.0   21.1   21.7    24    1    100.0    1 
27/09/26  11:51   20.1   20.1   20.1    69   14.2   8.0     S   0.13  17.7   SSW   20.1   20.3   20.3  1018.4  0.00   0.0   0.000   0.001   23.1    56   13.8   23.1  10.28 1.1798    20.0   21.1   21.7    22    1     95.7    1 
27/09/26  11:52   20.2   20.2   20.1    69   14.3   4.8     S   0.08  11.3     S   20.2   20.3   20.3  1018.4  0.00   0.0   0.000   0.001   23.1    56   13.8   23.1  10.28 1.1798    20.0   21.1   21.7    24    1    100.0    1 
27/09/26  11:53   20.2   20.2   20.1    69   14.3   4.8   SSE   0.08   8.0    SE   20.2   20.3   20.3  1018.4  0.00   0.0   0.000   0.001   23.1    56   13.8   23.1  10.28 1.1798    20.0   21.1   21.7    22    1     95.7    1 
27/09/26  11:54   20.2   20.2   20.2    69   14.3   3.2    SE   0.05   8.0   SSE   20.2   20.4   20.4  1018.4  0.00   0.0   0.000   0.001   23.1    56   13.8   23.1  10.28 1.1798    20.0   21.1   21.7    23    1    100.0    1 
27/09/26  11:55   20.2   20.2   20.2    69   14.3   3.2    SE   0.05   6.4   SSE   20.2   20.4   20.4  1018.3  0.00   0.0   0.000   0.001   23.1    56   13.8   23.1  10.28 1.1797    20.0   21.1   21.7    22    1     95.7    1 
27/09/26  11:56   20.3   20.3   20.2    69   14.4   4.8     S   0.08   8.0    SW   20.3   20.4   20.4  1018.3  0.00   0.0   0.000   0.001   23.1    56   13.8   23.1  10.28 1.1797    20.6   21.1   21.7    23    1    100.0    1 
27/09/26  11:57   20.3   20.3   20.3    69   14.5   4.8     S   0.08   8.0   SSW   20.3   20.5   20.5  1018.3  0.00   0.0   0.000   0.001   23.1    56   13.8   23.1  10.28 1.1797    20.6   21.1   21.7    23    1    100.0    1 
27/09/26  11:58   20.4   20.4   20.3    68   14.3   6.4     S   0.11  11.3     S   20.4   20.6   20.6  1018.3  0.00   0.0   0.000   0.001   23.1    56   13.8   23.1  10.28 1.1797    20.6   21.1   21.7    22    1     95.7    1 
27/09/26  11:59   20.4   20.4   20.4    68   14.3   3.2   SSE   0.05   8.0    SE   20.4   20.6   20.6  1018.3  0.00   0.0   0.000   0.001   23.1    56   13.8   23.1  10.28 1.1797    20.6   21.1   21.7    23    1    100.0    1 
27/09/26  12:00   20.5   20.5   20.4    68   14.4   8.0   SSW   0.13  12.9   SSW   20.5   20.7   20.7  1018.3  0.00   0.0   0.000   0.002   23.1    56   13.8   23.1  10.28 1.1797    20.6   21.1   21.7    22    1     95.7    1 
27/09/26  12:01   20.6   20.6   20.5    68   14.4   4.8   SSW   0.08   8.0   SSW   20.6   20.7   20.7  1018.3  0.00   0.0   0.000   0.002   23.1    56   13.8   23.1  10.28 1.1797    20.6   21.1   21.7    23    1    100.0    1 
27/09/26  12:02   20.6   20.6   20.6    68   14.5   3.2     S   0.05   8.0     S   20.6   20.8   20.8  1018.3  0.00   0.0   0.000   0.002   23.1    56   13.8   23.1  10.28 1.1797    20.6   21.1   21.7    22    1     95.7    1 
27/09/26  12:03   20.7   20.7   20.6    67   14.3   6.4    SE   0.11  11.3    SE   20.7   20.8   20.8  1018.3  0.00   0.0   0.000   0.002   23.1    56   13.8   23.1  10.28 1.1797    20.6   21.1   21.7    22    1     95.7    1 
27/09/26  12:04   20.7   20.7   20.7    67   14.4   6.4   SSE   0.11   9.7   SSE   20.7   20.8   20.8  1018.3  0.00   0.0   0.000   0.002   23.1    56   13.9   23.2  10.28 1.1794    20.6   21.1   21.7    23    1    100.0    1 
27/09/26  12:05   20.8   20.8   20.7    66   14.2   8.0    SE   0.13  11.3    SE   20.8   20.8   20.8  1018.2  0.00   0.0   0.000   0.002   23.1    56   13.9   23.2  10.28 1.1793    20.6   21.1   21.7    23    1    100.0    1 
27/09/26  12:06   20.8   20.8   20.8    66   14.2   4.8   SSW   0.08  11.3    SW   20.8   20.8   20.8  1018.2  0.00   0.0   0.000   0.002   23.1    56   13.9   23.2  10.28 1.1793    20.6   21.1   21.7    23    1    100.0    1 
27/09/26  12:07   20.8   20.8   20.8    66   14.2   4.8     W   0.08  11.3   SSW   20.8   20.8   20.8  1018.2  0.00   0.0   0.000   0.002   23.1    56   13.9   23.2  10.28 1.1793    21.1   21.1   21.7    22    1     95.7    1 
27/09/26  12:08   20.9   20.9   20.8    66   14.3   3.2     S   0.05   6.4   SSW   20.9   20.9   20.9  1018.2  0.00   0.0   0.000   0.002   23.1    56   13.9   23.2  10.28 1.1793    21.1   21.1   21.7    23    1    100.0    1 
27/09/26  12:09   20.9   20.9   20.9    66   14.3   1.6     S   0.03   3.2   ESE   20.9   20.9   20.9  1018.2  0.00   0.0   0.000   0.002   23.1    56   13.9   23.2  10.28 1.1793    21.1   21.1   21.7    23    1    100.0    1 
27/09/26  12:10   20.9   20.9   20.9    66   14.4   4.8     S   0.08   8.0     S   20.9   20.9   20.9  1018.1  0.00   0.0   0.000   0.002   23.1    56   13.9   23.2  10.28 1.1792    21.1   21.1   21.7    23    1    100.0    1 
27/09/26  12:11   21.0   21.0   20.9    66   14.4   3.2     S   0.05   6.4    SE   21.0   20.9   20.9  1018.1  0.00   0.0   0.000   0.002   23.1    56   13.9   23.2  10.28 1.1792    21.1   21.1   21.7    24    1    100.0    1 
27/09/26  12:12   21.0   21.0   21.0    65   14.2   6.4     S   0.11   9.7   SSE   21.0   20.9   20.9  1018.1  0.00   0.0   0.000   0.002   23.1    56   13.9   23.2  10.28 1.1792    21.1   21.1   21.7    23    1    100.0    1 
27/09/26  12:13   21.1   21.1   21.0    65   14.2   4.8    SE   0.08  11.3     S   21.1   20.9   20.9  1018.1  0.00   0.0   0.000   0.002   23.1    56   13.9   23.2  10.28 1.1792    21.1   21.1   21.7    23    1    100.0    1 
27/09/26  12:14   21.1   21.1   21.1    65   14.2   4.8     S   0.08   9.7     S   21.1   20.9   20.9  1018.1  0.00   0.0   0.000   0.002   23.1    55   13.6   23.1  10.08 1.1795    21.1   21.1   21.7    23    1    100.0    1 
27/09/26  12:15   21.1   21.1   21.1    65   14.3   3.2   SSE   0.05   6.4    SE   21.1   21.0   21.0  1018.2  0.00   0.0   0.000   0.002   23.1    55   13.6   23.1  10.08 1.1796    21.1   21.1   21.7    23    1    100.0    1 
27/09/26  12:16   21.1   21.1   21.1    65   14.3   6.4   SSE   0.11   8.0   SSE   21.1   21.0   21.0  1018.2  0.00   0.0   0.000   0.002   23.1    55   13.6   23.1  10.08 1.1796    21.1   21.1   21.7    24    1    100.0    1 
27/09/26  12:17   21.2   21.2   21.2    65   14.4   6.4   SSE   0.11   9.7   SSE   21.2   21.1   21.1  1018.2  0.00   0.0   0.000   0.002   23.1    55   13.6   23.1  10.08 1.1796    21.1   21.1   21.7    22    1     95.7    1 
27/09/26  12:18   21.2   21.2   21.2    65   14.4   6.4     S   0.11  12.9     S   21.2   21.1   21.1  1018.1  0.00   0.0   0.000   0.002   23.1    55   13.6   23.1  10.08 1.1795    21.1   21.1   21.7    24    1    100.0    1 
27/09/26  12:19   21.2   21.2   21.2    65   14.4   4.8   SSE   0.08   8.0   SSW   21.2   21.1   21.1  1018.2  0.00   0.0   0.000   0.002   23.1    55   13.6   23.1  10.08 1.1796    21.1   21.1   21.7    23    1    100.0    1 
27/09/26  12:20   21.3   21.3   21.3    64   14.2   9.7    SE   0.16  14.5   SSE   21.3   21.2   21.2  1018.1  0.00   0.0   0.000   0.002   23.1    55   13.6   23.1  10.08 1.1795    21.1   21.1   21.7    23    1    100.0    1 
27/09/26  12:21   21.3   21.3   21.3    64   14.2   6.4   SSE   0.11  14.5   SSE   21.3   21.2   21.2  1018.1  0.00   0.0   0.000   0.002   23.1    55   13.6   23.1  10.08 1.1795    21.1   21.1   21.7    24    1    100.0    1 
27/09/26  12:22   21.3   21.3   21.3    64   14.2   8.0    SE   0.13  11.3    SE   21.3   21.2   21.2  1018.1  0.00   0.0   0.000   0.002   23.1    55   13.6   23.1  10.08 1.1795    21.1   21.1   21.7    23    1    100.0    1 
27/09/26  12:23   21.3   21.3   21.3    64   14.2   6.4    SE   0.11   9.7    SE   21.3   21.2   21.2  1018.0  0.00   0.0   0.000   0.002   23.1    55   13.6   23.1  10.08 1.1794    21.1   21.1   21.7    24    1    100.0    1 
27/09/26  12:24   21.3   21.3   21.3    65   14.4   1.6    SW   0.03   3.2   SSE   21.3   21.2   21.2  1018.1  0.00   0.0   0.000   0.002   23.1    55   13.6   23.1  10.08 1.1795    21.1   21.1   21.7    23    1    100.0    1 
27/09/26  12:25   21.4   21.4   21.3    65   14.5   4.8   SSE   0.08   6.4    SE   21.4   21.3   21.3  1018.0  0.00   0.0   0.000   0.002   23.1    55   13.6   23.1  10.08 1.1794    21.7   21.1   21.7    23    1    100.0    1 
27/09/26  12:26   21.4   21.4   21.4    65   14.5   3.2   SSW   0.05   4.8   SSW   21.4   21.3   21.3  1018.0  0.00   0.0   0.000   0.002   23.1    55   13.6   23.1  10.08 1.1794    21.7   21.1   21.7    24    1    100.0    1 
27/09/26  12:27   21.4   21.4   21.4    64   14.3   6.4     S   0.11  12.9     S   21.4   21.3   21.3  1018.0  0.00   0.0   0.000   0.002   23.1    55   13.6   23.1  10.08 1.1794    21.7   21.1   21.7    23    1    100.0    1 
27/09/26  12:28   21.5   21.5   21.4    64   14.4   9.7     S   0.16  14.5     S   21.5   21.4   21.4  1018.0  0.00   0.0   0.000   0.002   23.1    55   13.6   23.1  10.08 1.1794    21.7   21.1   21.7    24    1    100.0    1 
27/09/26  12:29   21.5   21.5   21.5    64   14.4   9.7     S   0.16  11.3   SSE   21.5   21.4   21.4  1018.0  0.00   0.0   0.000   0.002   23.1    55   13.6   23.1  10.08 1.1794    21.7   21.1   21.7    22    1     95.7    1 
27/09/26  12:30   21.4   21.5   21.4    64   14.3   8.0     S   0.13  12.9     S   21.4   21.3   21.3  1018.0  0.00   0.0   0.000   0.002   23.1    55   13.6   23.1  10.08 1.1793    21.7   21.1   21.7    23    1    100.0    1 
27/09/26  12:31   21.4   21.4   21.4    64   14.3   9.7     S   0.16  14.5     S   21.4   21.3   21.3  1018.0  0.00   0.0   0.000   0.002   23.1    55   13.6   23.1  10.08 1.1794    21.7   21.1   21.7    23    1    100.0    1 
27/09/26  12:32   21.4   21.4   21.4    64   14.3   8.0     S   0.13  12.9     S   21.4   21.3   21.3  1018.0  0.00   0.0   0.000   0.002   23.1    55   13.6   23.1  10.08 1.1793    21.7   21.1   21.7    21    1     91.3    1 
27/09/26  12:33   21.4   21.4   21.4    64   14.3   6.4   SSE   0.11   9.7    SE   21.4   21.3   21.3  1018.0  0.00   0.0   0.000   0.002   23.1    55   13.6   23.1  10.08 1.1794    21.7   21.1   21.7    24    1    100.0    1 
27/09/26  12:34   21.4   21.4   21.4    64   14.3   6.4     S   0.11   9.7    SE   21.4   21.3   21.3  1018.0  0.00   0.0   0.000   0.002   23.2    55   13.7   23.3  10.07 1.1788    21.7   21.1   21.7    23    1    100.0    1 
27/09/26  12:35   21.4   21.4   21.4    64   14.3   8.0     S   0.13  11.3    SE   21.4   21.3   21.3  1018.0  0.00   0.0   0.000   0.002   23.2    55   13.7   23.3  10.07 1.1788    21.7   21.1   21.7    24    1    100.0    1 
27/09/26  12:36   21.4   21.4   21.4    64   14.3   6.4     S   0.11  12.9     S   21.4   21.3   21.3  1018.0  0.00   0.0   0.000   0.002   23.2    55   13.7   23.3  10.07 1.1788    21.7   21.1   21.7    23    1    100.0    1 
27/09/26  12:37   21.4   21.4   21.4    64   14.3   6.4   SSE   0.11   8.0   SSW   21.4   21.3   21.3  1018.0  0.00   0.0   0.000   0.002   23.2    55   13.7   23.3  10.07 1.1788    21.7   21.1   21.7    23    1    100.0    1 
27/09/26  12:38   21.4   21.4   21.4    64   14.3   8.0   SSE   0.13  11.3     S   21.4   21.3   21.3  1018.0  0.00   0.0   0.000   0.002   23.2    55   13.7   23.3  10.07 1.1788    21.7   21.1   21.7    24    1    100.0    1 
27/09/26  12:39   21.5   21.5   21.4    64   14.4   6.4     S   0.11   9.7     S   21.5   21.4   21.4  1018.0  0.00   0.0   0.000   0.002   23.2    55   13.7   23.3  10.07 1.1788    21.7   21.1   21.7    23    1    100.0    1 
27/09/26  12:40   21.5   21.5   21.5    64   14.4   8.0   SSW   0.13  11.3     S   21.5   21.4   21.4  1017.9  0.00   0.0   0.000   0.002   23.2    55   13.7   23.3  10.07 1.1787    21.7   21.1   21.7    23    1    100.0    1 
27/09/26  12:41   21.5   21.5   21.5    64   14.4   8.0   SSW   0.13  14.5   SSW   21.5   21.4   21.4  1017.9  0.00   0.0   0.000   0.002   23.2    55   13.7   23.3  10.07 1.1787    21.7   21.1   21.7    21    1     91.3    1 
27/09/26  12:42   21.6   21.6   21.5    64   14.5   9.7     S   0.16  12.9    SE   21.6   21.5   21.5  1017.9  0.00   0.0   0.000   0.002   23.2    55   13.7   23.3  10.07 1.1787    21.7   21.1   21.7    22    1     95.7    1 
27/09/26  12:43   21.6   21.6   21.5    64   14.5   8.0     S   0.13  11.3   SSE   21.6   21.5   21.5  1017.9  0.00   0.0   0.000   0.002   23.2    55   13.7   23.3  10.07 1.1787    21.7   21.1   21.7    23    1    100.0    1 
27/09/26  12:44   21.6   21.6   21.6    64   14.5   9.7     S   0.16  12.9     S   21.6   21.5   21.5  1017.9  0.00   0.0   0.000   0.002   23.2    55   13.7   23.3  10.07 1.1787    21.7   21.1   21.7    23    1    100.0    1 
27/09/26  12:45   21.6   21.6   21.6    64   14.5   9.7   SSE   0.16  12.9   SSW   21.6   21.6   21.6  1017.8  0.00   0.0   0.000   0.002   23.2    55   13.7   23.3  10.07 1.1786    21.7   21.1   21.7    23    1    100.0    1 
27/09/26  12:46   21.6   21.6   21.6    64   14.5   8.0     S   0.13  11.3    SW   21.6   21.6   21.6  1017.8  0.00   0.0   0.000   0.002   23.2    55   13.7   23.3  10.07 1.1786    21.7   21.1   21.7    23    1    100.0    1 
27/09/26  12:47   21.6   21.7   21.6    64   14.5   8.0     S   0.13  11.3     S   21.6   21.6   21.6  1017.8  0.00   0.0   0.000   0.002   23.2    55   13.7   23.3  10.07 1.1786    21.7   21.1   21.7    23    1    100.0    1 
27/09/26  12:48   21.7   21.7   21.7    64   14.6   8.0   SSE   0.13  11.3     S   21.7   21.6   21.6  1017.9  0.00   0.0   0.000   0.002   23.2    55   13.7   23.3  10.07 1.1787    21.7   21.1   21.7    22    1     95.7    1 
27/09/26  12:49   21.7   21.7   21.7    63   14.4   4.8   SSE   0.08   8.0   SSE   21.7   21.7   21.7  1017.9  0.00   0.0   0.000   0.002   23.2    55   13.7   23.3  10.07 1.1787    21.7   21.1   21.7    21    1     91.3    1 
27/09/26  12:50   21.8   21.8   21.7    63   14.4   4.8     S   0.08  12.9     S   21.8   21.7   21.7  1017.9  0.00   0.0   0.000   0.002   23.2    55   13.7   23.3  10.07 1.1787    21.7   21.1   21.7    23    1    100.0    1 
27/09/26  12:51   21.8   21.8   21.8    63   14.5  11.3     S   0.19  20.9     S   21.8   21.8   21.8  1017.8  0.00   0.0   0.000   0.002   23.2    55   13.7   23.3  10.07 1.1786    21.7   21.1   21.7    23    1    100.0    1 
27/09/26  12:52   21.9   21.9   21.8    63   14.5  11.3     S   0.19  20.9     S   21.9   21.8   21.8  1017.9  0.00   0.0   0.000   0.002   23.2    55   13.7   23.3  10.07 1.1787    21.7   21.1   21.7    24    1    100.0    1 
27/09/26  12:53   21.9   21.9   21.9    63   14.6   4.8    SE   0.08   9.7   SSW   21.9   21.9   21.9  1017.9  0.00   0.0   0.000   0.003   23.2    55   13.7   23.3  10.07 1.1787    21.7   21.1   21.7    23    1    100.0    1 
27/09/26  12:54   21.9   21.9   21.9    63   14.6   6.4     S   0.11   9.7   SSW   21.9   21.9   21.9  1017.9  0.00   0.0   0.000   0.003   23.2    55   13.7   23.3  10.07 1.1787    22.2   21.1   21.7    23    1    100.0    1 
27/09/26  12:55   22.0   22.0   22.0    63   14.6   9.7   SSW   0.16  16.1     S   22.0   22.0   22.0  1017.9  0.00   0.0   0.000   0.003   23.2    55   13.7   23.3  10.07 1.1787    22.2   21.1   21.7    24    1    100.0    1 
27/09/26  12:56   22.1   22.1   22.1    63   14.7   9.7    SW   0.16  14.5    SW   22.1   22.1   22.1  1017.8  0.00   0.0   0.000   0.003   23.2    55   13.7   23.3  10.07 1.1786    22.2   21.1   21.7    23    1    100.0    1 
27/09/26  12:57   22.1   22.1   22.1    62   14.5   9.7    SW   0.16  14.5    SW   22.1   22.1   22.1  1017.8  0.00   0.0   0.000   0.003   23.2    55   13.7   23.3  10.07 1.1786    22.2   21.1   21.7    23    1    100.0    1 
27/09/26  12:58   22.2   22.2   22.1    62   14.5   9.7     S   0.16  14.5   WSW   22.2   22.2   22.2  1017.8  0.00   0.0   0.000   0.003   23.2    55   13.7   23.3  10.07 1.1786    22.2   21.1   21.7    22    1     95.7    1 
27/09/26  12:59   22.2   22.2   22.2    62   14.6   9.7     S   0.16  12.9     S   22.2   22.2   22.2  1017.9  0.00   0.0   0.000   0.003   23.2    55   13.7   23.3  10.07 1.1787    22.2   21.1   21.7    23    1    100.0    1 
27/09/26  13:00   22.3   22.3   22.2    62   14.6   3.2   SSW   0.05   6.4   SSE   22.3   22.3   22.3  1017.9  0.00   0.0   0.000   0.003   23.2    55   13.7   23.3  10.07 1.1787    22.2   21.1   21.7    23    1    100.0    1 
27/09/26  13:01   22.3   22.3   22.3    62   14.7   6.4   SSE   0.11  12.9     S   22.3   22.4   22.4  1017.9  0.00   0.0   0.000   0.003   23.2    55   13.7   23.3  10.07 1.1787    22.2   21.1   21.7    23    1    100.0    1 
27/09/26  13:02   22.4   22.4   22.3    62   14.7  11.3     S   0.19  16.1     S   22.4   22.4   22.4  1017.9  0.00   0.0   0.000   0.003   23.2    55   13.7   23.3  10.07 1.1787    22.2   21.1   21.7    23    1    100.0    1 
27/09/26  13:03   22.4   22.4   22.4    62   14.8  11.3     S   0.19  14.5     S   22.4   22.6   22.6  1017.9  0.00   0.0   0.000   0.003   23.2    55   13.7   23.3  10.07 1.1787    22.2   21.1   21.7    22    1     95.7    1 
27/09/26  13:04   22.5   22.5   22.4    61   14.6   9.7   SSE   0.16  14.5   SSE   22.5   22.6   22.6  1017.9  0.00   0.0   0.000   0.003   23.2    55   13.7   23.3  10.07 1.1787    22.8   21.1   21.7    23    1    100.0    1 
27/09/26  13:05   22.5   22.5   22.5    61   14.6  11.3     S   0.19  12.9   SSE   22.5   22.6   22.6  1017.9  0.00   0.0   0.000   0.003   23.2    55   13.7   23.3  10.07 1.1787    22.8   21.1   21.7    23    1    100.0    1 
27/09/26  13:06   22.6   22.6   22.6    61   14.7   9.7     S   0.16  14.5     S   22.6   22.7   22.7  1017.9  0.00   0.0   0.000   0.003   23.2    55   13.7   23.3  10.07 1.1787    22.8   21.1   21.7    22    1     95.7    1 
27/09/26  13:07   22.6   22.6   22.6    61   14.7  16.1   SSW   0.27  22.5     S   21.4   22.7   21.5  1017.9  0.00   0.0   0.000   0.003   23.2    55   13.7   23.3  10.07 1.1787    22.8   21.1   21.7    23    1    100.0    1 
27/09/26  13:08   22.6   22.6   22.6    61   14.7  11.3   SSW   0.19  14.5   SSW   22.6   22.7   22.7  1017.9  0.00   0.0   0.000   0.003   23.2    55   13.7   23.3  10.07 1.1787    22.8   21.1   21.7    23    1    100.0    1 
27/09/26  13:09   22.6   22.6   22.6    61   14.7   6.4     S   0.11  12.9    SE   22.6   22.7   22.7  1017.8  0.00   0.0   0.000   0.003   23.2    55   13.7   23.3  10.07 1.1786    22.8   21.1   21.7    23    1    100.0    1 
27/09/26  13:10   22.6   22.6   22.6    61   14.7  12.9     S   0.21  19.3     S   22.3   22.7   22.4  1017.9  0.00   0.0   0.000   0.003   23.2    55   13.7   23.3  10.07 1.1787    22.8   21.1   21.7    23    1    100.0    1 
27/09/26  13:11   22.5   22.6   22.5    61   14.6  11.3     S   0.19  17.7     S   22.5   22.6   22.6  1017.8  0.00   0.0   0.000   0.003   23.2    55   13.7   23.3  10.07 1.1786    22.8   21.1   21.7    23    1    100.0    1 
27/09/26  13:12   22.6   22.6   22.5    61   14.7  11.3   SSW   0.19  19.3     S   22.6   22.7   22.7  1017.8  0.00   0.0   0.000   0.003   23.2    55   13.7   23.3  10.07 1.1786    22.8   21.1   21.7    22    1     95.7    1 
27/09/26  13:13   22.6   22.6   22.6    61   14.7  11.3    SE   0.19  16.1   SSE   22.6   22.7   22.7  1017.7  0.00   0.0   0.000   0.003   23.2    55   13.7   23.3  10.07 1.1785    22.8   21.1   21.7    22    1     95.7    1 
27/09/26  13:14   22.6   22.6   22.6    61   14.7   9.7     S   0.16  16.1     S   22.6   22.7   22.7  1017.7  0.00   0.0   0.000   0.003   23.2    55   13.7   23.3  10.07 1.1785    22.8   21.1   21.7    24    1    100.0    1 
27/09/26  13:15   22.6   22.6   22.6    61   14.7  11.3   SSW   0.19  17.7     S   22.6   22.7   22.7  1017.8  0.00   0.0   0.000   0.003   23.2    55   13.7   23.3  10.07 1.1786    22.8   21.1   21.7    22    1     95.7    1 
27/09/26  13:16   22.6   22.6   22.6    61   14.7  11.3     S   0.19  17.7    SE   22.6   22.7   22.7  1017.8  0.00   0.0   0.000   0.003   23.3    55   13.8   23.4  10.07 1.1780    22.8   21.1   21.7    23    1    100.0    1 
27/09/26  13:17   22.6   22.6   22.6    61   14.7   9.7     S   0.16  12.9   SSE   22.6   22.7   22.7  1017.7  0.00   0.0   0.000   0.003   23.2    55   13.7   23.3  10.07 1.1785    22.8   21.1   21.7    22    1     95.7    1 
27/09/26  13:18   22.6   22.6   22.6    61   14.7   9.7     S   0.16  14.5     S   22.6   22.7   22.7  1017.8  0.00   0.0   0.000   0.003   23.2    55   13.7   23.3  10.07 1.1786    22.8   21.1   21.7    22    1     95.7    1 
27/09/26  13:19   22.7   22.7   22.6    61   14.8  12.9     S   0.21  20.9   SSW   22.4   22.8   22.5  1017.8  0.00   0.0   0.000   0.003   23.3    55   13.8   23.4  10.07 1.1780    22.8   21.1   21.7    23    1    100.0    1 
27/09/26  13:20   22.7   22.7   22.7    61   14.8   8.0   SSW   0.13  19.3    SE   22.7   22.8   22.8  1017.7  0.00   0.0   0.000   0.003   23.3    55   13.8   23.4  10.07 1.1780    22.8   21.1   21.7    22    1     95.7    1 
27/09/26  13:21   22.7   22.7   22.7    60   14.6   9.7     S   0.16  16.1   SSW   22.7   22.8   22.8  1017.7  0.00   0.0   0.000   0.003   23.3    55   13.8   23.4  10.07 1.1780    22.8   21.1   21.7    24    1    100.0    1 
27/09/26  13:22   22.7   22.7   22.7    60   14.6   9.7    SE   0.16  19.3     S   22.7   22.8   22.8  1017.7  0.00   0.0   0.000   0.003   23.3    55   13.8   23.4  10.07 1.1780    22.8   21.1   21.7    22    1     95.7    1 
27/09/26  13:23   22.8   22.8   22.7    60   14.6   8.0     S   0.13  12.9   SSE   22.8   22.9   22.9  1017.7  0.00   0.0   0.000   0.003   23.3    55   13.8   23.4  10.07 1.1780    22.8   21.1   21.7    22    1     95.7    1 
27/09/26  13:24   22.8   22.8   22.8    60   14.6  11.3     S   0.19  16.1     S   22.8   22.9   22.9  1017.7  0.00   0.0   0.000   0.003   23.3    55   13.8   23.4  10.07 1.1780    22.8   21.1   21.7    23    1    100.0    1 
27/09/26  13:25   22.8   22.8   22.8    60   14.6   9.7   SSE   0.16  14.5     S   22.8   22.9   22.9  1017.7  0.00   0.0   0.000   0.003   23.3    55   13.8   23.4  10.07 1.1779    22.8   21.1   21.7    23    1    100.0    1 
27/09/26  13:26   22.8   22.8   22.8    60   14.7   8.0   SSE   0.13  12.9   SSE   22.8   22.9   22.9  1017.7  0.00   0.0   0.000   0.003   23.3    55   13.8   23.4  10.07 1.1779    22.8   21.1   21.7    23    1    100.0    1 
27/09/26  13:27   22.8   22.8   22.8    60   14.7   9.7     S   0.16  12.9   SSE   22.8   22.9   22.9  1017.7  0.00   0.0   0.000   0.003   23.3    55   13.8   23.4  10.07 1.1779    22.8   21.1   21.7    22    1     95.7    1 
27/09/26  13:28   22.8   22.8   22.8    60   14.7   6.4     S   0.11   9.7     S   22.8   22.9   22.9  1017.6  0.00   0.0   0.000   0.003   23.3    55   13.8   23.4  10.07 1.1779    22.8   21.1   21.7    23    1    100.0    1 
27/09/26  13:29   22.8   22.9   22.8    60   14.7   8.0   SSW   0.13  12.9   SSW   22.8   22.9   22.9  1017.6  0.00   0.0   0.000   0.003   23.3    55   13.8   23.4  10.07 1.1779    22.8   21.1   21.7    23    1    100.0    1 
27/09/26  13:30   22.9   22.9   22.8    60   14.7   4.8    SW   0.08   6.4     S   22.9   23.0   23.0  1017.6  0.00   0.0   0.000   0.003   23.3    55   13.8   23.4  10.07 1.1779    22.8   21.1   21.7    22    1     95.7    1 
27/09/26  13:31   22.9   22.9   22.9    60   14.7   3.2     S   0.05   9.7     W   22.9   23.0   23.0  1017.7  0.00   0.0   0.000   0.003   23.3    55   13.8   23.4  10.07 1.1779    22.8   21.1   21.7    24    1    100.0    1 
27/09/26  13:32   22.9   22.9   22.9    61   15.0   4.8   SSE   0.08   6.4     S   22.9   23.1   23.1  1017.6  0.00   0.0   0.000   0.003   23.3    55   13.8   23.4  10.07 1.1779    22.8   21.1   21.7    20    1     87.0    1 
27/09/26  13:33   23.0   23.0   22.9    60   14.8   6.4     S   0.11  11.3   SSE   23.0   23.2   23.2  1017.6  0.00   0.0   0.000   0.003   23.3    55   13.8   23.4  10.07 1.1779    22.8   21.1   21.7    23    1    100.0    1 
27/09/26  13:34   23.1   23.1   23.0    60   14.9   6.4   SSE   0.11  14.5     S   23.1   23.2   23.2  1017.6  0.00   0.0   0.000   0.003   23.3    55   13.8   23.4  10.07 1.1778    23.3   21.1   21.7    23    1    100.0    1 
27/09/26  13:35   23.1   23.1   23.1    60   14.9   9.7   SSW   0.16  14.5     S   23.1   23.2   23.2  1017.6  0.00   0.0   0.000   0.003   23.3    55   13.8   23.4  10.07 1.1778    23.3   21.1   21.7    23    1    100.0    1 
27/09/26  13:36   23.1   23.1   23.1    60   14.9   8.0     S   0.13  11.3   SSW   23.1   23.2   23.2  1017.6  0.00   0.0   0.000   0.003   23.3    55   13.8   23.4  10.07 1.1778    23.3   21.1   21.7    24    1    100.0    1 
27/09/26  13:37   23.0   23.0   23.0    60   14.8   3.2   SSW   0.05   9.7     S   23.0   23.2   23.2  1017.6  0.00   0.0   0.000   0.003   23.3    55   13.8   23.4  10.07 1.1778    22.8   21.1   21.7    23    1    100.0    1 
27/09/26  13:38   23.0   23.0   23.0    60   14.8   3.2   SSE   0.05   6.4    SE   23.0   23.2   23.2  1017.6  0.00   0.0   0.000   0.003   23.3    55   13.8   23.4  10.07 1.1779    22.8   21.1   21.7    24    1    100.0    1 
27/09/26  13:39   23.1   23.1   23.0    60   14.9   9.7     S   0.16  14.5     S   23.1   23.2   23.2  1017.6  0.00   0.0   0.000   0.003   23.3    55   13.8   23.4  10.07 1.1778    23.3   21.1   21.7    23    1    100.0    1 
27/09/26  13:40   23.1   23.1   23.1    60   14.9   8.0   SSW   0.13  14.5   SSE   23.1   23.3   23.3  1017.6  0.00   0.0   0.000   0.003   23.3    55   13.8   23.4  10.07 1.1778    23.3   21.1   21.7    24    1    100.0    1 
27/09/26  13:41   23.1   23.1   23.1    60   14.9   8.0     S   0.13  11.3   SSE   23.1   23.3   23.3  1017.6  0.00   0.0   0.000   0.003   23.3    55   13.8   23.4  10.07 1.1778    23.3   21.1   21.7    23    1    100.0    1 
27/09/26  13:42   23.1   23.1   23.1    60   14.9   9.7     S   0.16  11.3     S   23.1   23.3   23.3  1017.6  0.00   0.0   0.000   0.003   23.3    55   13.8   23.4  10.07 1.1778    23.3   21.1   21.7    21    1     91.3    1 
27/09/26  13:43   23.1   23.1   23.1    60   14.9   4.8   SSE   0.08  11.3    SW   23.1   23.3   23.3  1017.6  0.00   0.0   0.000   0.003   23.3    55   13.8   23.4  10.07 1.1778    23.3   21.1   21.7    24    1    100.0    1 
27/09/26  13:44   23.2   23.2   23.1    60   15.0   6.4   SSE   0.11  11.3   SSE   23.2   23.3   23.3  1017.6  0.00   0.0   0.000   0.003   23.3    55   13.8   23.4  10.07 1.1778    23.3   21.1   21.7    23    1    100.0    1 
27/09/26  13:45   23.2   23.2   23.1    60   15.0   9.7    SE   0.16  17.7    SE   23.2   23.3   23.3  1017.5  0.00   0.0   0.000   0.003   23.3    55   13.8   23.4  10.07 1.1777    23.3   21.1   21.7    24    1    100.0    1 
27/09/26  13:46   23.2   23.2   23.2    60   15.0   6.4     S   0.11   9.7     S   23.2   23.3   23.3  1017.6  0.00   0.0   0.000   0.003   23.3    55   13.8   23.4  10.07 1.1778    23.3   21.1   21.7    23    1    100.0    1 
27/09/26  13:47   23.2   23.2   23.2    60   15.0   4.8     S   0.08   9.7   SSE   23.2   23.3   23.3  1017.5  0.00   0.0   0.000   0.003   23.3    55   13.8   23.4  10.07 1.1777    23.3   21.1   21.7    22    1     95.7    1 
27/09/26  13:48   23.2   23.2   23.2    60   15.0   6.4   SSE   0.11  11.3   SSE   23.2   23.3   23.3  1017.5  0.00   0.0   0.000   0.003   23.3    55   13.8   23.4  10.07 1.1777    23.3   21.1   21.7    23    1    100.0    1 
27/09/26  13:49   23.2   23.2   23.2    60   15.0   6.4   SSE   0.11  11.3    SE   23.2   23.4   23.4  1017.5  0.00   0.0   0.000   0.003   23.4    55   13.9   23.5  10.07 1.1772    23.3   21.1   21.7    22    1     95.7    1 
27/09/26  13:50   23.2   23.2   23.2    60   15.0   6.4     S   0.11   9.7   SSE   23.2   23.4   23.4  1017.5  0.00   0.0   0.000   0.003   23.4    55   13.9   23.5  10.07 1.1771    23.3   21.1   21.7    24    1    100.0    1 
27/09/26  13:51   23.3   23.3   23.2    60   15.1   9.7   SSW   0.16  14.5   SSW   23.3   23.5   23.5  1017.5  0.00   0.0   0.000   0.003   23.4    55   13.9   23.5  10.07 1.1772    23.3   21.1   21.7    23    1    100.0    1 
27/09/26  13:52   23.3   23.3   23.3    59   14.8   8.0   SSW   0.13  12.9   SSE   23.3   23.4   23.4  1017.5  0.00   0.0   0.000   0.003   23.4    55   13.9   23.5  10.07 1.1772    23.3   21.1   21.7    24    1    100.0    1 
27/09/26  13:53   23.3   23.3   23.3    59   14.9   8.0   SSW   0.13   9.7     S   23.3   23.5   23.5  1017.5  0.00   0.0   0.000   0.003   23.4    55   13.9   23.5  10.07 1.1771    23.3   21.1   21.7    23    1    100.0    1 
27/09/26  13:54   23.3   23.3   23.3    59   14.9   8.0     S   0.13  11.3   SSE   23.3   23.5   23.5  1017.4  0.00   0.0   0.000   0.003   23.4    55   13.9   23.5  10.07 1.1771    23.3   21.1   21.7    23    1    100.0    1 
27/09/26  13:55   23.3   23.3   23.3    59   14.8   8.0   SSW   0.13  12.9     S   23.3   23.4   23.4  1017.4  0.00   0.0   0.000   0.003   23.4    55   13.9   23.5  10.07 1.1771    23.3   21.1   21.7    24    1    100.0    1 
27/09/26  13:56   23.3   23.3   23.3    59   14.9   9.7   SSE   0.16  14.5    SE   23.3   23.5   23.5  1017.4  0.00   0.0   0.000   0.003   23.4    55   13.9   23.5  10.07 1.1770    23.3   21.1   21.7    23    1    100.0    1 
27/09/26  13:57   23.3   23.3   23.3    59   14.8  11.3    SE   0.19  17.7   ESE   23.3   23.4   23.4  1017.4  0.00   0.0   0.000   0.003   23.4    55   13.9   23.5  10.07 1.1770    23.3   21.1   21.7    24    1    100.0    1 
27/09/26  13:58   23.3   23.3   23.3    59   14.8   8.0    SE   0.13  11.3    SE   23.3   23.4   23.4  1017.4  0.00   0.0   0.000   0.003   23.4    55   13.9   23.5  10.07 1.1770    23.3   21.1   21.7    23    1    100.0    1 
27/09/26  13:59   23.3   23.3   23.3    59   14.8   8.0   ESE   0.13  12.9     S   23.3   23.4   23.4  1017.4  0.00   0.0   0.000   0.003   23.4    55   13.9   23.5  10.07 1.1770    23.3   21.1   21.7    23    1    100.0    1 
27/09/26  14:00   23.3   23.3   23.3    59   14.8  11.3   SSE   0.19  17.7   ESE   23.3   23.4   23.4  1017.4  0.00   0.0   0.000   0.003   23.4    55   13.9   23.5  10.07 1.1770    23.3   21.1   21.7    23    1    100.0    1 
27/09/26  14:01   23.3   23.3   23.3    59   14.8  11.3    SE   0.19  14.5   SSE   23.3   23.4   23.4  1017.4  0.00   0.0   0.000   0.003   23.4    55   13.9   23.5  10.07 1.1770    23.3   21.1   21.7    23    1    100.0    1 
27/09/26  14:02   23.3   23.3   23.3    59   14.8   8.0   SSE   0.13  11.3   SSE   23.3   23.4   23.4  1017.4  0.00   0.0   0.000   0.003   23.4    55   13.9   23.5  10.07 1.1770    23.3   21.1   21.7    24    1    100.0    1 
27/09/26  14:03   23.3   23.3   23.3    59   14.8   3.2    SE   0.05   6.4   SSE   23.3   23.4   23.4  1017.4  0.00   0.0   0.000   0.003   23.4    55   13.9   23.5  10.07 1.1770    23.3   21.1   21.7    23    1    100.0    1 
27/09/26  14:04   23.3   23.3   23.3    59   14.9   4.8     S   0.08   9.7   SSE   23.3   23.5   23.5  1017.4  0.00   0.0   0.000   0.003   23.4    55   13.9   23.5  10.07 1.1770    23.3   21.1   21.7    23    1    100.0    1 
27/09/26  14:05   23.4   23.4   23.3    59   14.9   6.4     S   0.11  11.3     S   23.4   23.6   23.6  1017.3  0.00   0.0   0.000   0.004   23.4    55   13.9   23.5  10.07 1.1769    23.3   21.1   21.7    23    1    100.0    1 
27/09/26  14:06   23.4   23.4   23.4    59   14.9   6.4     S   0.11   9.7   SSW   23.4   23.6   23.6  1017.3  0.00   0.0   0.000   0.004   23.4    55   13.9   23.5  10.07 1.1769    23.3   21.1   21.7    22    1     95.7    1 
27/09/26  14:07   23.4   23.4   23.4    59   15.0   8.0   SSW   0.13   9.7     S   23.4   23.6   23.6  1017.3  0.00   0.0   0.000   0.004   23.4    55   13.9   23.5  10.07 1.1769    23.3   21.1   21.7    22    1     95.7    1 
27/09/26  14:08   23.5   23.5   23.4    59   15.0   6.4     S   0.11   9.7   SSE   23.5   23.7   23.7  1017.3  0.00   0.0   0.000   0.004   23.4    55   13.9   23.5  10.07 1.1769    23.3   21.1   21.7    23    1    100.0    1 
27/09/26  14:09   23.5   23.5   23.5    59   15.0   6.4     S   0.11   8.0     S   23.5   23.7   23.7  1017.3  0.00   0.0   0.000   0.004   23.4    55   13.9   23.5  10.07 1.1769    23.3   21.1   21.7    23    1    100.0    1 
27/09/26  14:10   23.6   23.6   23.5    59   15.1   1.6   SSW   0.03   4.8   SSW   23.6   23.7   23.7  1017.3  0.00   0.0   0.000   0.004   23.4    55   13.9   23.5  10.07 1.1769    23.3   21.1   21.7    23    1    100.0    1 
27/09/26  14:11   23.6   23.6   23.6    59   15.1   3.2     S   0.05   8.0     S   23.6   23.8   23.8  1017.3  0.00   0.0   0.000   0.004   23.4    55   13.9   23.5  10.07 1.1769    23.9   21.1   21.7    21    1     91.3    1 
27/09/26  14:12   23.7   23.7   23.6    59   15.2   1.6     S   0.03   3.2     S   23.7   23.9   23.9  1017.2  0.00   0.0   0.000   0.004   23.4    55   13.9   23.5  10.07 1.1768    23.9   21.1   21.7    24    1    100.0    1 
27/09/26  14:13   23.8   23.8   23.7    59   15.3   4.8     S   0.08   9.7     S   23.8   24.0   24.0  1017.2  0.00   0.0   0.000   0.004   23.4    55   13.9   23.5  10.07 1.1768    23.9   21.1   21.7    22    1     95.7    1 
27/09/26  14:14   23.8   23.8   23.8    58   15.1   4.8     S   0.08   8.0   SSE   23.8   24.0   24.0  1017.3  0.00   0.0   0.000   0.004   23.4    55   13.9   23.5  10.07 1.1769    23.9   21.1   21.7    23    1    100.0    1 
27/09/26  14:15   23.9   23.9   23.9    58   15.2   8.0     S   0.13  12.9     S   23.9   24.1   24.1  1017.3  0.00   0.0   0.000   0.004   23.4    55   13.9   23.5  10.07 1.1769    23.9   21.1   21.7    22    1     95.7    1 
27/09/26  14:16   24.0   24.0   23.9    58   15.2  11.3     S   0.19  16.1     S   24.0   24.2   24.2  1017.3  0.00   0.0   0.000   0.004   23.5    55   13.9   23.6  10.06 1.1766    23.9   21.1   21.7    22    1     95.7    1 
27/09/26  14:17   24.1   24.1   24.0    58   15.3   8.0     S   0.13   9.7     S   24.1   24.2   24.2  1017.2  0.00   0.0   0.000   0.004   23.5    55   13.9   23.6  10.06 1.1765    23.9   21.1   21.7    24    1    100.0    1 
27/09/26  14:18   24.1   24.1   24.1    57   15.1   8.0   SSW   0.13   9.7   SSE   24.1   24.3   24.3  1017.2  0.00   0.0   0.000   0.004   23.5    55   13.9   23.6  10.06 1.1765    23.9   21.1   21.7    23    1    100.0    1 
27/09/26  14:19   24.2   24.2   24.1    57   15.1   4.8   SSW   0.08  11.3   SSW   24.2   24.3   24.3  1017.2  0.00   0.0   0.000   0.004   23.5    55   13.9   23.6  10.06 1.1765    24.4   21.1   21.7    23    1    100.0    1 
27/09/26  14:20   24.2   24.2   24.2    57   15.1   6.4    SE   0.11  11.3   SSW   24.2   24.3   24.3  1017.2  0.00   0.0   0.000   0.004   23.5    55   13.9   23.6  10.06 1.1765    24.4   21.1   21.7    23    1    100.0    1 
27/09/26  14:21   24.2   24.2   24.2    57   15.2   4.8   SSE   0.08   8.0     S   24.2   24.4   24.4  1017.2  0.00   0.0   0.000   0.004   23.5    55   13.9   23.6  10.06 1.1765    24.4   21.1   21.7    22    1     95.7    1 
27/09/26  14:22   24.3   24.3   24.2    57   15.2   6.4    SE   0.11  11.3    SE   24.3   24.4   24.4  1017.2  0.00   0.0   0.000   0.004   23.5    55   13.9   23.6  10.06 1.1765    24.4   21.1   21.7    23    1    100.0    1 
27/09/26  14:23   24.3   24.3   24.3    57   15.2   4.8   SSW   0.08   6.4   SSW   24.3   24.4   24.4  1017.2  0.00   0.0   0.000   0.004   23.5    55   13.9   23.6  10.06 1.1765    24.4   21.1   21.7    23    1    100.0    1 
27/09/26  14:24   24.3   24.3   24.3    57   15.3   4.8   SSW   0.08   8.0   SSW   24.3   24.5   24.5  1017.1  0.00   0.0   0.000   0.004   23.5    55   13.9   23.6  10.06 1.1764    24.4   21.1   21.7    23    1    100.0    1 
27/09/26  14:25   24.4   24.4   24.3    57   15.3   4.8   SSW   0.08   6.4     S   24.4   24.6   24.6  1017.1  0.00   0.0   0.000   0.004   23.5    55   13.9   23.6  10.06 1.1764    24.4   21.1   21.7    22    1     95.7    1 
27/09/26  14:26   24.4   24.4   24.4    56   15.1   8.0    SW   0.13  14.5     S   24.4   24.6   24.6  1017.1  0.00   0.0   0.000   0.004   23.5    55   13.9   23.6  10.06 1.1764    24.4   21.1   21.7    24    1    100.0    1 
27/09/26  14:27   24.5   24.5   24.4    56   15.1  19.3     S   0.32  24.1     S   23.0   24.7   23.2  1017.1  0.00   0.0   0.000   0.004   23.5    55   13.9   23.6  10.06 1.1764    24.4   21.1   21.7    22    1     95.7    1 
27/09/26  14:28   24.6   24.6   24.5    56   15.2  12.9     S   0.21  17.7     S   24.3   24.7   24.4  1017.0  0.00   0.0   0.000   0.004   23.5    55   13.9   23.6  10.06 1.1763    24.4   21.1   21.7    23    1    100.0    1 
27/09/26  14:29   24.6   24.6   24.6    56   15.2   6.4     S   0.11  24.1     S   24.6   24.8   24.8  1017.1  0.00   0.0   0.000   0.004   23.5    55   13.9   23.6  10.06 1.1763    24.4   21.1   21.7    23    1    100.0    1 
27/09/26  14:30   24.7   24.7   24.6    56   15.4   9.7    SW   0.16  17.7    SW   24.7   24.9   24.9  1017.1  0.00   0.0   0.000   0.004   23.5    55   13.9   23.6  10.06 1.1764    25.0   21.1   21.7    23    1    100.0    1 
27/09/26  14:31   24.8   24.8   24.7    55   15.1   9.7    SW   0.16  16.1    SW   24.8   24.9   24.9  1017.1  0.00   0.0   0.000   0.004   23.5    55   13.9   23.6  10.06 1.1764    25.0   21.1   21.7    23    1    100.0    1 
27/09/26  14:32   24.8   24.8   24.8    55   15.2   8.0     S   0.13  12.9   SSE   24.8   24.9   24.9  1017.1  0.00   0.0   0.000   0.005   23.5    55   13.9   23.6  10.06 1.1763    25.0   21.1   21.7    22    1     95.7    1 
27/09/26  14:33   24.9   24.9   24.8    55   15.2  12.9   SSW   0.21  22.5   SSW   24.6   25.0   24.7  1017.1  0.00   0.0   0.000   0.005   23.5    55   13.9   23.6  10.06 1.1764    25.0   21.1   21.7    23    1    100.0    1 
27/09/26  14:34   24.9   24.9   24.9    54   15.0   6.4     S   0.11  11.3    SW   24.9   25.0   25.0  1017.1  0.00   0.0   0.000   0.005   23.5    55   13.9   23.6  10.06 1.1764    25.0   21.1   21.7    23    1    100.0    1 
27/09/26  14:35   25.1   25.1   25.0    54   15.1   9.7   SSW   0.16  19.3    SW   25.1   25.2   25.2  1017.1  0.00   0.0   0.000   0.005   23.5    55   13.9   23.6  10.06 1.1764    25.0   21.1   21.7    22    1     95.7    1 
27/09/26  14:36   25.1   25.1   25.1    54   15.1   9.7   SSE   0.16  14.5   WSW   25.1   25.2   25.2  1017.1  0.00   0.0   0.000   0.005   23.5    55   13.9   23.6  10.06 1.1764    25.0   21.1   21.7    23    1    100.0    1 
27/09/26  14:37   25.1   25.1   25.1    54   15.1   9.7    SE   0.16  16.1   SSW   25.1   25.2   25.2  1017.1  0.00   0.0   0.000   0.005   23.5    55   13.9   23.6  10.06 1.1764    25.0   21.1   21.7    23    1    100.0    1 
27/09/26  14:38   25.2   25.2   25.2    53   14.9   6.4    SW   0.11  11.3     S   25.2   25.2   25.2  1017.1  0.00   0.0   0.000   0.005   23.5    55   13.9   23.6  10.06 1.1763    25.0   21.1   21.7    23    1    100.0    1 
27/09/26  14:39   25.2   25.2   25.2    53   15.0   8.0   SSE   0.13  11.3   SSW   25.2   25.3   25.3  1017.1  0.00   0.0   0.000   0.005   23.5    55   13.9   23.6  10.06 1.1763    25.0   21.1   21.7    23    1    100.0    1 
27/09/26  14:40   25.2   25.2   25.2    53   15.0   6.4     S   0.11  11.3   SSW   25.2   25.3   25.3  1017.1  0.00   0.0   0.000   0.005   23.5    55   13.9   23.6  10.06 1.1763    25.0   21.1   21.7    22    1     95.7    1 
27/09/26  14:41   25.3   25.3   25.2    53   15.0   4.8     S   0.08   9.7   SSE   25.3   25.3   25.3  1017.0  0.00   0.0   0.000   0.005   23.6    55   14.0   23.7  10.06 1.1757    25.6   21.1   21.7    24    1    100.0    1 
27/09/26  14:42   25.3   25.3   25.3    53   15.0   6.4   WSW   0.11   9.7    SW   25.3   25.3   25.3  1017.0  0.00   0.0   0.000   0.005   23.6    55   14.0   23.7  10.06 1.1757    25.6   21.1   21.7    22    1     95.7    1 
27/09/26  14:43   25.3   25.3   25.3    53   15.1  12.9   SSW   0.21  19.3   WSW   25.1   25.4   25.1  1017.0  0.00   0.0   0.000   0.005   23.6    55   14.0   23.7  10.06 1.1757    25.6   21.1   21.7    24    1    100.0    1 
27/09/26  14:44   25.3   25.3   25.3    53   15.1   8.0     S   0.13  14.5     S   25.3   25.4   25.4  1017.0  0.00   0.0   0.000   0.005   23.6    55   14.0   23.7  10.06 1.1756    25.6   21.1   21.7    22    1     95.7    1 
27/09/26  14:45   25.3   25.3   25.3    52   14.8   9.7     S   0.16  14.5     S   25.3   25.4   25.4  1017.0  0.00   0.0   0.000   0.005   23.6    55   14.0   23.7  10.06 1.1757    25.6   21.1   21.7    24    1    100.0    1 
27/09/26  14:46   25.4   25.4   25.3    53   15.1   8.0     S   0.13  12.9    SE   25.4   25.4   25.4  1016.9  0.00   0.0   0.000   0.005   23.6    55   14.0   23.7  10.06 1.1756    25.6   21.1   21.7    22    1     95.7    1 
27/09/26  14:47   25.4   25.4   25.4    52   14.8   8.0   SSE   0.13  11.3    SE   25.4   25.4   25.4  1016.9  0.00   0.0   0.000   0.005   23.6    55   14.0   23.7  10.06 1.1756    25.6   21.1   21.7    21    1     91.3    1 
27/09/26  14:48   25.4   25.4   25.4    53   15.1   8.0   SSW   0.13  17.7    SE   25.4   25.4   25.4  1016.8  0.00   0.0   0.000   0.005   23.6    55   14.0   23.7  10.06 1.1755    25.6   21.1   21.7    24    1    100.0    1 
27/09/26  14:49   25.4   25.4   25.4    52   14.9  16.1     S   0.27  20.9     S   24.4   25.5   24.5  1016.8  0.00   0.0   0.000   0.005   23.6    55   14.0   23.7  10.06 1.1754    25.6   21.1   21.7    22    1     95.7    1 
27/09/26  14:50   25.4   25.4   25.4    52   14.8   9.7   SSW   0.16  12.9     S   25.4   25.4   25.4  1016.8  0.00   0.0   0.000   0.005   23.6    55   14.0   23.7  10.06 1.1755    25.6   21.1   21.7    23    1    100.0    1 
27/09/26  14:51   25.4   25.4   25.4    52   14.8   6.4     S   0.11   8.0     S   25.4   25.4   25.4  1016.8  0.00   0.0   0.000   0.005   23.6    55   14.0   23.7  10.06 1.1755    25.6   21.1   21.7    23    1    100.0    1 
27/09/26  14:52   25.4   25.4   25.4    52   14.8   6.4   SSW   0.11  11.3   SSW   25.4   25.4   25.4  1016.8  0.00   0.0   0.000   0.005   23.6    55   14.0   23.7  10.06 1.1754    25.6   21.1   21.7    21    1     91.3    1 
27/09/26  14:53   25.4   25.4   25.4    52   14.8   8.0   SSW   0.13  11.3   SSE   25.4   25.4   25.4  1016.8  0.00   0.0   0.000   0.005   23.6    55   14.0   23.7  10.06 1.1755    25.6   21.1   21.7    24    1    100.0    1 
27/09/26  14:54   25.4   25.4   25.4    52   14.9   9.7     S   0.16  12.9   SSW   25.4   25.5   25.5  1016.9  0.00   0.0   0.000   0.005   23.6    55   14.0   23.7  10.06 1.1755    25.6   21.1   21.7    22    1     95.7    1 
27/09/26  14:55   25.5   25.5   25.4    52   14.9  11.3     S   0.19  19.3   SSW   25.5   25.6   25.6  1016.8  0.00   0.0   0.000   0.005   23.6    55   14.0   23.7  10.06 1.1754    25.6   21.1   21.7    24    1    100.0    1 
27/09/26  14:56   25.4   25.4   25.4    52   14.9  11.3     S   0.19  16.1   SSW   25.4   25.5   25.5  1016.8  0.00   0.0   0.000   0.005   23.6    55   14.0   23.7  10.06 1.1754    25.6   21.1   21.7    22    1     95.7    1 
27/09/26  14:57   25.4   25.4   25.4    52   14.9   9.7   SSW   0.16  16.1   SSW   25.4   25.5   25.5  1016.7  0.00   0.0   0.000   0.005   23.6    55   14.0   23.7  10.06 1.1753    25.6   21.1   21.7    24    1    100.0    1 
27/09/26  14:58   25.4   25.4   25.4    52   14.9   9.7     S   0.16  14.5   SSE   25.4   25.5   25.5  1016.7  0.00   0.0   0.000   0.005   23.6    54   13.8   23.7   9.86 1.1757    25.6   21.1   21.7    22    1     95.7    1 
27/09/26  14:59   25.4   25.4   25.4    52   14.9   6.4     S   0.11  12.9   SSE   25.4   25.5   25.5  1016.7  0.00   0.0   0.000   0.005   23.6    54   13.8   23.7   9.86 1.1757    25.6   21.1   21.7    22    1     95.7    1 
27/09/26  15:00   25.5   25.5   25.5    52   14.9   9.7   SSW   0.16  14.5   SSW   25.5   25.6   25.6  1016.7  0.00   0.0   0.000   0.005   23.6    54   13.8   23.7   9.86 1.1756    25.6   21.1   21.7    24    1    100.0    1 
27/09/26  15:01   25.6   25.6   25.5    52   15.0   6.4     S   0.11  11.3     S   25.6   25.6   25.6  1016.7  0.00   0.0   0.000   0.005   23.6    54   13.8   23.7   9.86 1.1756    25.6   21.1   21.7    23    1    100.0    1 
27/09/26  15:02   25.6   25.6   25.6    52   15.0   4.8     S   0.08   9.7    SE   25.6   25.7   25.7  1016.7  0.00   0.0   0.000   0.005   23.6    54   13.8   23.7   9.86 1.1757    25.6   21.1   21.7    22    1     95.7    1 
27/09/26  15:03   25.7   25.7   25.6    52   15.1   6.4     S   0.11  11.3     S   25.7   25.7   25.7  1016.7  0.00   0.0   0.000   0.005   23.6    54   13.8   23.7   9.86 1.1757    25.6   21.1   21.7    22    1     95.7    1 
27/09/26  15:04   25.7   25.7   25.7    52   15.1   6.4   SSE   0.11  11.3   SSE   25.7   25.8   25.8  1016.7  0.00   0.0   0.000   0.005   23.6    54   13.8   23.7   9.86 1.1757    25.6   21.1   21.7    23    1    100.0    1 
27/09/26  15:05   25.8   25.8   25.7    51   14.9   4.8   SSE   0.08   6.4     S   25.8   25.8   25.8  1016.7  0.00   0.0   0.000   0.005   23.6    54   13.8   23.7   9.86 1.1756    25.6   21.1   21.7    24    1    100.0    1 
27/09/26  15:06   25.8   25.8   25.8    51   14.9   8.0     S   0.13  12.9     S   25.8   25.9   25.9  1016.6  0.00   0.0   0.000   0.005   23.6    54   13.8   23.7   9.86 1.1756    26.1   21.1   21.7    23    1    100.0    1 
27/09/26  15:07   25.9   25.9   25.9    51   15.0   8.0     S   0.13  12.9   SSW   25.9   25.9   25.9  1016.6  0.00   0.0   0.000   0.005   23.6    54   13.8   23.7   9.86 1.1755    26.1   21.1   21.7    24    1    100.0    1 
27/09/26  15:08   25.9   25.9   25.9    51   15.0  11.3     S   0.19  19.3     S   25.9   26.0   26.0  1016.6  0.00   0.0   0.000   0.005   23.6    54   13.8   23.7   9.86 1.1756    26.1   21.1   21.7    22    1     95.7    1 
27/09/26  15:09   25.9   25.9   25.9    50   14.7  11.3   SSW   0.19  17.7   SSW   25.9   25.9   25.9  1016.6  0.00   0.0   0.000   0.005   23.6    54   13.8   23.7   9.86 1.1756    26.1   21.1   21.7    23    1    100.0    1 
27/09/26  15:10   25.9   25.9   25.9    50   14.7   8.0     S   0.13  12.9   SSE   25.9   25.9   25.9  1016.6  0.00   0.0   0.000   0.005   23.6    54   13.8   23.7   9.86 1.1755    26.1   21.1   21.7    24    1    100.0    1 
27/09/26  15:11   26.0   26.0   25.9    51   15.1   8.0     S   0.13  12.9     S   26.0   26.1   26.1  1016.6  0.00   0.0   0.000   0.005   23.6    54   13.8   23.7   9.86 1.1755    26.1   21.1   21.7    22    1     95.7    1 
27/09/26  15:12   26.0   26.0   26.0    51   15.1   6.4   SSE   0.11   9.7   SSE   26.0   26.1   26.1  1016.6  0.00   0.0   0.000   0.005   23.7    54   13.9   23.8   9.86 1.1749    26.1   21.1   21.7    24    1    100.0    1 
27/09/26  15:13   26.1   26.1   26.0    50   14.8   9.7     S   0.16  14.5     S   26.1   26.1   26.1  1016.6  0.00   0.0   0.000   0.005   23.6    54   13.8   23.7   9.86 1.1756    26.1   21.1   21.7    23    1    100.0    1 
27/09/26  15:14   26.1   26.1   26.1    50   14.8   9.7     S   0.16  16.1     S   26.1   26.1   26.1  1016.5  0.00   0.0   0.000   0.005   23.7    54   13.9   23.8   9.86 1.1749    26.1   21.1   21.7    24    1    100.0    1 
27/09/26  15:15   26.1   26.1   26.1    50   14.9   9.7     S   0.16  14.5     S   26.1   26.1   26.1  1016.6  0.00   0.0   0.000   0.005   23.7    54   13.9   23.8   9.86 1.1749    26.1   21.1   21.7    23    1    100.0    1 
27/09/26  15:16   26.1   26.1   26.1    50   14.9   8.0     S   0.13  14.5   SSW   26.1   26.1   26.1  1016.5  0.00   0.0   0.000   0.005   23.7    54   13.9   23.8   9.86 1.1749    26.1   21.1   21.7    23    1    100.0    1 
27/09/26  15:17   26.2   26.2   26.1    50   14.9   8.0     S   0.13  12.9   SSE   26.2   26.2   26.2  1016.6  0.00   0.0   0.000   0.005   23.7    54   13.9   23.8   9.86 1.1749    26.1   21.1   21.7    24    1    100.0    1 
27/09/26  15:18   26.2   26.2   26.2    50   14.9   8.0   SSE   0.13  12.9     S   26.2   26.2   26.2  1016.5  0.00   0.0   0.000   0.005   23.7    54   13.9   23.8   9.86 1.1749    26.1   21.1   21.7    23    1    100.0    1 
27/09/26  15:19   26.2   26.2   26.2    50   14.9  12.9     S   0.21  22.5   SSE   25.9   26.2   25.9  1016.5  0.00   0.0   0.000   0.005   23.7    54   13.9   23.8   9.86 1.1749    26.1   21.1   21.7    24    1    100.0    1 
27/09/26  15:20   26.2   26.2   26.2    49   14.6  11.3    SE   0.19  19.3   ESE   26.2   26.1   26.1  1016.5  0.00   0.0   0.000   0.005   23.7    54   13.9   23.8   9.86 1.1749    26.1   21.1   21.7    23    1    100.0    1 
27/09/26  15:21   26.1   26.2   26.1    49   14.6   9.7    SE   0.16  17.7    SE   26.1   26.1   26.1  1016.5  0.00   0.0   0.000   0.005   23.7    54   13.9   23.8   9.86 1.1749    26.1   21.1   21.7    23    1    100.0    1 
27/09/26  15:22   26.1   26.1   26.1    50   14.8   6.4   SSE   0.11   9.7   SSE   26.1   26.1   26.1  1016.5  0.00   0.0   0.000   0.005   23.7    54   13.9   23.8   9.86 1.1749    26.1   21.1   21.7    24    1    100.0    1 
27/09/26  15:23   26.1   26.1   26.1    50   14.8   4.8     S   0.08   8.0     S   26.1   26.1   26.1  1016.5  0.00   0.0   0.000   0.005   23.7    54   13.9   23.8   9.86 1.1749    26.1   21.1   21.7    23    1    100.0    1 
27/09/26  15:24   26.1   26.1   26.1    50   14.9   6.4     S   0.11  11.3   SSW   26.1   26.1   26.1  1016.6  0.00   0.0   0.000   0.005   23.7    54   13.9   23.8   9.86 1.1749    26.1   21.1   21.7    24    1    100.0    1 
27/09/26  15:25   26.1   26.1   26.1    50   14.9   9.7     S   0.16  19.3     S   26.1   26.1   26.1  1016.5  0.00   0.0   0.000   0.005   23.7    54   13.9   23.8   9.86 1.1749    26.1   21.1   21.7    23    1    100.0    1 
27/09/26  15:26   26.2   26.2   26.1    50   14.9  11.3     S   0.19  16.1     S   26.2   26.2   26.2  1016.5  0.00   0.0   0.000   0.005   23.7    54   13.9   23.8   9.86 1.1749    26.1   21.1   21.7    24    1    100.0    1 
27/09/26  15:27   26.2   26.2   26.2    50   14.9  11.3     S   0.19  16.1   SSE   26.2   26.2   26.2  1016.5  0.00   0.0   0.000   0.005   23.7    54   13.9   23.8   9.86 1.1749    26.1   21.1   21.7    23    1    100.0    1 
27/09/26  15:28   26.2   26.2   26.2    49   14.7   8.0    SW   0.13  16.1     S   26.2   26.2   26.2  1016.5  0.00   0.0   0.000   0.005   23.7    54   13.9   23.8   9.86 1.1749    26.1   21.1   21.7    23    1    100.0    1 
27/09/26  15:29   26.2   26.2   26.2    49   14.7  12.9    SW   0.21  19.3   WSW   26.0   26.2   25.9  1016.5  0.00   0.0   0.000   0.005   23.7    54   13.9   23.8   9.86 1.1749    26.1   21.1   21.7    23    1    100.0    1 
27/09/26  15:30   26.2   26.2   26.2    49   14.7   9.7    SW   0.16  12.9   SSW   26.2   26.2   26.2  1016.5  0.00   0.0   0.000   0.005   23.7    54   13.9   23.8   9.86 1.1749    26.1   21.1   21.7    22    1     95.7    1 
27/09/26  15:31   26.2   26.2   26.2    49   14.7   4.8     S   0.08   9.7    SW   26.2   26.2   26.2  1016.5  0.00   0.0   0.000   0.005   23.7    54   13.9   23.8   9.86 1.1748    26.1   21.1   21.7    24    1    100.0    1 
27/09/26  15:32   26.3   26.3   26.3    49   14.7  11.3   SSW   0.19  22.5   SSW   26.3   26.2   26.2  1016.5  0.00   0.0   0.000   0.006   23.7    54   13.9   23.8   9.86 1.1749    26.1   21.1   21.7    22    1     95.7    1 
27/09/26  15:33   26.3   26.3   26.3    49   14.8   9.7    SW   0.16  12.9   SSW   26.3   26.3   26.3  1016.5  0.00   0.0   0.000   0.006   23.7    54   13.9   23.8   9.86 1.1749    26.1   21.1   21.7    22    1     95.7    1 
27/09/26  15:34   26.3   26.3   26.3    49   14.8   6.4   WSW   0.11  12.9    SW   26.3   26.3   26.3  1016.5  0.00   0.0   0.000   0.006   23.7    54   13.9   23.8   9.86 1.1749    26.1   21.1   21.7    23    1    100.0    1 
27/09/26  15:35   26.3   26.4   26.3    49   14.8   8.0   SSW   0.13  12.9   SSW   26.3   26.3   26.3  1016.5  0.00   0.0   0.000   0.006   23.8    54   14.0   23.9   9.85 1.1743    26.1   21.1   21.7    22    1     95.7    1 
27/09/26  15:36   26.4   26.4   26.3    49   14.8  12.9     S   0.21  25.7   SSW   26.2   26.4   26.2  1016.5  0.00   0.0   0.000   0.006   23.8    54   14.0   23.9   9.85 1.1743    26.7   21.1   21.7    24    1    100.0    1 
27/09/26  15:37   26.4   26.4   26.4    49   14.8   9.7   SSW   0.16  25.7   SSW   26.4   26.4   26.4  1016.4  0.00   0.0   0.000   0.006   23.8    53   13.7   23.9   9.65 1.1746    26.7   21.1   21.7    22    1     95.7    1 
27/09/26  15:38   26.4   26.4   26.4    49   14.9   9.7     S   0.16  14.5   WSW   26.4   26.4   26.4  1016.5  0.00   0.0   0.000   0.006   23.8    53   13.7   23.9   9.65 1.1746    26.7   21.1   21.7    23    1    100.0    1 
27/09/26  15:39   26.5   26.5   26.4    49   14.9   6.4    SW   0.11  16.1    SW   26.5   26.5   26.5  1016.4  0.00   0.0   0.000   0.006   23.8    53   13.7   23.9   9.65 1.1745    26.7   21.1   21.7    21    1     91.3    1 
27/09/26  15:40   26.6   26.6   26.5    49   15.0  11.3     S   0.19  14.5    SE   26.6   26.6   26.6  1016.5  0.00   0.0   0.000   0.006   23.8    53   13.7   23.9   9.65 1.1746    26.7   21.1   21.7    23    1    100.0    1 
27/09/26  15:41   26.6   26.6   26.6    49   15.0   8.0    SW   0.13  12.9   ESE   26.6   26.6   26.6  1016.5  0.00   0.0   0.000   0.006   23.8    53   13.7   23.9   9.65 1.1746    26.7   21.1   21.7    22    1     95.7    1 
27/09/26  15:42   26.7   26.7   26.6    48   14.7   3.2   WSW   0.05   6.4    SE   26.7   26.6   26.6  1016.4  0.00   0.0   0.000   0.006   23.8    53   13.7   23.9   9.65 1.1745    26.7   21.1   21.7    22    1     95.7    1 
27/09/26  15:43   26.7   26.7   26.7    48   14.8  11.3   SSW   0.19  17.7     S   26.7   26.7   26.7  1016.4  0.00   0.0   0.000   0.006   23.8    53   13.7   23.9   9.65 1.1746    26.7   21.1   21.7    23    1    100.0    1 
27/09/26  15:44   26.8   26.8   26.7    48   14.8   8.0   WNW   0.13  12.9   WNW   26.8   26.7   26.7  1016.4  0.00   0.0   0.000   0.006   23.8    53   13.7   23.9   9.65 1.1745    26.7   21.1   21.7    23    1    100.0    1 
27/09/26  15:45   26.8   26.8   26.8    48   14.8   9.7   SSE   0.16  16.1    SW   26.8   26.7   26.7  1016.5  0.00   0.0   0.000   0.006   23.8    53   13.7   23.9   9.65 1.1746    26.7   21.1   21.7    23    1    100.0    1 
27/09/26  15:46   26.8   26.8   26.8    48   14.8  14.5    SW   0.24  22.5    SW   26.2   26.7   26.1  1016.4  0.00   0.0   0.000   0.006   23.8    53   13.7   23.9   9.65 1.1745    26.7   21.1   21.7    24    1    100.0    1 
27/09/26  15:47   26.8   26.8   26.8    48   14.9   9.7     S   0.16  16.1   WSW   26.8   26.8   26.8  1016.5  0.00   0.0   0.000   0.006   23.9    53   13.7   23.9   9.65 1.1744    26.7   21.1   21.7    23    1    100.0    1 
27/09/26  15:48   26.8   26.8   26.8    48   14.8  12.9   SSW   0.21  20.9     S   26.6   26.7   26.5  1016.5  0.00   0.0   0.000   0.006   23.9    53   13.7   23.9   9.65 1.1743    26.7   21.1   21.7    24    1    100.0    1 
27/09/26  15:49   26.8   26.8   26.8    48   14.8  11.3     S   0.19  16.1   SSW   26.8   26.7   26.7  1016.5  0.00   0.0   0.000   0.006   23.9    53   13.7   23.9   9.65 1.1744    26.7   21.1   21.7    23    1    100.0    1 
27/09/26  15:50   26.8   26.8   26.8    48   14.8   9.7   SSW   0.16  14.5   WSW   26.8   26.7   26.7  1016.5  0.00   0.0   0.000   0.006   23.9    53   13.7   23.9   9.65 1.1744    26.7   21.1   21.7    23    1    100.0    1 
27/09/26  15:51   26.8   26.8   26.8    48   14.8   9.7     S   0.16  17.7   SSE   26.8   26.7   26.7  1016.5  0.00   0.0   0.000   0.006   23.9    53   13.7   23.9   9.65 1.1744    26.7   21.1   21.7    24    1    100.0    1 
27/09/26  15:52   26.8   26.8   26.8    48   14.8  14.5   SSW   0.24  25.7     S   26.2   26.7   26.1  1016.5  0.00   0.0   0.000   0.006   23.9    53   13.7   23.9   9.65 1.1744    26.7   21.1   21.7    22    1     95.7    1 
27/09/26  15:53   26.8   26.8   26.8    48   14.9  12.9     S   0.21  24.1   SSW   26.6   26.8   26.6  1016.5  0.00   0.0   0.000   0.006   23.9    53   13.7   23.9   9.65 1.1744    26.7   21.1   21.7    23    1    100.0    1 
27/09/26  15:54   26.8   26.8   26.8    48   14.8   9.7    SW   0.16  17.7    SW   26.8   26.7   26.7  1016.5  0.00   0.0   0.000   0.006   23.9    53   13.7   23.9   9.65 1.1744    26.7   21.1   21.7    23    1    100.0    1 
27/09/26  15:55   26.8   26.8   26.8    48   14.9   4.8     S   0.08  11.3   SSW   26.8   26.8   26.8  1016.5  0.00   0.0   0.000   0.006   23.9    53   13.7   23.9   9.65 1.1744    26.7   21.1   21.7    23    1    100.0    1 
27/09/26  15:56   26.8   26.8   26.8    48   14.9   9.7   SSW   0.16  12.9    SW   26.8   26.8   26.8  1016.5  0.00   0.0   0.000   0.006   23.9    53   13.7   23.9   9.65 1.1744    26.7   21.1   21.7    22    1     95.7    1 
27/09/26  15:57   26.8   26.8   26.8    48   14.9   9.7    SW   0.16  16.1    SW   26.8   26.8   26.8  1016.5  0.00   0.0   0.000   0.006   23.9    53   13.7   23.9   9.65 1.1743    26.7   21.1   21.7    22    1     95.7    1 
27/09/26  15:58   26.8   26.8   26.8    48   14.8   6.4    SW   0.11  16.1    SW   26.8   26.7   26.7  1016.4  0.00   0.0   0.000   0.006   23.9    53   13.7   23.9   9.65 1.1743    26.7   21.1   21.7    23    1    100.0    1 
27/09/26  15:59   26.8   26.8   26.8    48   14.8   9.7    SW   0.16  14.5    SW   26.8   26.7   26.7  1016.4  0.00   0.0   0.000   0.006   23.9    53   13.7   23.9   9.65 1.1742    26.7   21.1   21.7    23    1    100.0    1 
27/09/26  16:00   26.8   26.8   26.8    48   14.9  11.3   SSW   0.19  24.1    SW   26.8   26.8   26.8  1016.4  0.00   0.0   0.000   0.006   23.9    53   13.7   23.9   9.65 1.1742    26.7   21.1   21.7    23    1    100.0    1 
27/09/26  16:01   26.8   26.8   26.8    48   14.8  11.3    SW   0.19  14.5    SW   26.8   26.7   26.7  1016.5  0.00   0.0   0.000   0.006   23.9    53   13.7   23.9   9.65 1.1743    26.7   21.1   21.7    23    1    100.0    1 
27/09/26  16:02   26.8   26.8   26.8    48   14.8   9.7     S   0.16  19.3   SSW   26.8   26.7   26.7  1016.5  0.00   0.0   0.000   0.006   24.0    53   13.8   24.1   9.65 1.1738    26.7   21.1   21.7    22    1     95.7    1 
27/09/26  16:03   26.8   26.8   26.8    48   14.8   6.4     S   0.11  16.1     S   26.8   26.7   26.7  1016.4  0.00   0.0   0.000   0.006   24.0    53   13.8   24.1   9.65 1.1737    26.7   21.1   21.7    24    1    100.0    1 
27/09/26  16:04   26.8   26.8   26.8    48   14.9  14.5     S   0.24  22.5   SSW   26.2   26.8   26.2  1016.4  0.00   0.0   0.000   0.006   24.0    53   13.8   24.1   9.65 1.1736    26.7   21.1   21.7    22    1     95.7    1 
27/09/26  16:05   26.8   26.8   26.8    48   14.9  11.3     S   0.19  16.1     S   26.8   26.8   26.8  1016.3  0.00   0.0   0.000   0.006   24.0    53   13.8   24.1   9.65 1.1736    26.7   21.1   21.7    24    1    100.0    1 
27/09/26  16:06   26.8   26.8   26.8    48   14.9   9.7     S   0.16  20.9   SSW   26.8   26.8   26.8  1016.3  0.00   0.0   0.000   0.006   24.0    53   13.8   24.1   9.65 1.1736    26.7   21.1   21.7    21    1     91.3    1 
27/09/26  16:07   26.8   26.8   26.8    48   14.9  12.9   SSW   0.21  17.7   SSW   26.6   26.8   26.6  1016.4  0.00   0.0   0.000   0.006   24.0    53   13.8   24.1   9.65 1.1736    26.7   21.1   21.7    23    1    100.0    1 
27/09/26  16:08   26.8   26.8   26.8    48   14.9   8.0   SSW   0.13  14.5     S   26.8   26.8   26.8  1016.3  0.00   0.0   0.000   0.006   24.0    53   13.8   24.1   9.65 1.1736    26.7   21.1   21.7    23    1    100.0    1 
27/09/26  16:09   26.8   26.8   26.8    48   14.9   8.0   SSW   0.13  14.5   SSE   26.8   26.8   26.8  1016.4  0.00   0.0   0.000   0.006   24.0    53   13.8   24.1   9.65 1.1736    26.7   21.1   21.7    22    1     95.7    1 
27/09/26  16:10   26.9   26.9   26.8    48   15.0  12.9   WSW   0.21  22.5     S   26.7   26.8   26.6  1016.3  0.00   0.0   0.000   0.006   24.0    53   13.8   24.1   9.65 1.1736    26.7   21.1   21.7    24    1    100.0    1 
27/09/26  16:11   26.9   26.9   26.9    48   15.0   6.4     S   0.11  11.3     S   26.9   26.8   26.8  1016.4  0.00   0.0   0.000   0.006   24.0    53   13.8   24.1   9.65 1.1736    26.7   21.1   21.7    21    1     91.3    1 
27/09/26  16:12   26.9   26.9   26.9    48   15.0   8.0     S   0.13  16.1     S   26.9   26.8   26.8  1016.3  0.00   0.0   0.000   0.006   24.0    53   13.8   24.1   9.65 1.1736    26.7   21.1   21.7    24    1    100.0    1 
27/09/26  16:13   26.9   26.9   26.9    48   15.0  11.3   SSE   0.19  20.9   SSE   26.9   26.8   26.8  1016.4  0.00   0.0   0.000   0.006   24.0    53   13.8   24.1   9.65 1.1736    26.7   21.1   21.7    21    1     91.3    1 
27/09/26  16:14   26.9   26.9   26.9    48   15.0   4.8   SSE   0.08   9.7    SW   26.9   26.8   26.8  1016.4  0.00   0.0   0.000   0.006   24.0    53   13.8   24.1   9.65 1.1736    26.7   21.1   21.7    23    1    100.0    1 
27/09/26  16:15   26.8   26.8   26.8    48   14.9   9.7     S   0.16  14.5   SSW   26.8   26.8   26.8  1016.3  0.00   0.0   0.000   0.006   24.0    53   13.8   24.1   9.65 1.1736    26.7   21.1   21.7    22    1     95.7    1 
27/09/26  16:16   26.8   26.8   26.8    48   14.8   6.4     S   0.11   9.7   SSE   26.8   26.7   26.7  1016.2  0.00   0.0   0.000   0.006   24.0    53   13.8   24.1   9.65 1.1735    26.7   21.1   21.7    22    1     95.7    1 
27/09/26  16:17   26.8   26.8   26.8    48   14.8   8.0    SW   0.13  16.1   SSW   26.8   26.7   26.7  1016.4  0.00   0.0   0.000   0.006   24.0    53   13.8   24.1   9.65 1.1736    26.7   21.1   21.7    24    1    100.0    1 
27/09/26  16:18   26.7   26.8   26.7    48   14.8   8.0   SSW   0.13  16.1    SW   26.7   26.7   26.7  1016.3  0.00   0.0   0.000   0.006   24.0    53   13.8   24.1   9.65 1.1736    26.7   21.1   21.7    22    1     95.7    1 
27/09/26  16:19   26.7   26.7   26.7    48   14.8   6.4   WSW   0.11  12.9   SSW   26.7   26.7   26.7  1016.3  0.00   0.0   0.000   0.006   24.0    53   13.8   24.1   9.65 1.1735    26.7   21.1   21.7    23    1    100.0    1 
27/09/26  16:20   26.7   26.7   26.7    48   14.8   6.4   SSW   0.11  11.3   SSW   26.7   26.7   26.7  1016.3  0.00   0.0   0.000   0.006   24.0    53   13.8   24.1   9.65 1.1736    26.7   21.1   21.7    22    1     95.7    1 
27/09/26  16:21   26.8   26.8   26.7    48   14.8   9.7   SSW   0.16  14.5   SSW   26.8   26.7   26.7  1016.3  0.00   0.0   0.000   0.006   24.0    53   13.8   24.1   9.65 1.1735    26.7   21.1   21.7    23    1    100.0    1 
27/09/26  16:22   26.8   26.8   26.8    48   14.8   6.4     S   0.11  12.9   SSE   26.8   26.7   26.7  1016.2  0.00   0.0   0.000   0.006   24.0    53   13.8   24.1   9.65 1.1734    26.7   21.1   21.7    22    1     95.7    1 
27/09/26  16:23   26.8   26.8   26.8    48   14.9   6.4     S   0.11  11.3     S   26.8   26.8   26.8  1016.2  0.00   0.0   0.000   0.006   24.0    53   13.8   24.1   9.65 1.1734    26.7   21.1   21.7    23    1    100.0    1 
27/09/26  16:24   26.9   26.9   26.8    48   15.0   6.4   SSW   0.11  12.9   SSE   26.9   26.8   26.8  1016.3  0.00   0.0   0.000   0.006   24.0    53   13.8   24.1   9.65 1.1735    26.7   21.1   21.7    23    1    100.0    1 
27/09/26  16:25   26.9   26.9   26.9    48   15.0   3.2     S   0.05   6.4     S   26.9   26.9   26.9  1016.2  0.00   0.0   0.000   0.006   24.0    53   13.8   24.1   9.65 1.1734    27.2   21.1   21.7    21    1     91.3    1 
27/09/26  16:26   27.0   27.0   26.9    48   15.1   1.6    SW   0.03   4.8   SSW   27.0   26.9   26.9  1016.2  0.00   0.0   0.000   0.006   24.0    53   13.8   24.1   9.65 1.1734    27.2   21.1   21.7    23    1    100.0    1 
27/09/26  16:27   27.1   27.1   27.1    48   15.2   9.7    SW   0.16  12.9   SSW   27.1   27.1   27.1  1016.2  0.00   0.0   0.000   0.006   24.0    53   13.8   24.1   9.65 1.1734    27.2   21.1   21.7    24    1    100.0    1 
27/09/26  16:28   27.2   27.2   27.2    48   15.3   9.7   SSW   0.16  12.9    SW   27.2   27.2   27.2  1016.2  0.00   0.0   0.000   0.006   24.0    53   13.8   24.1   9.65 1.1735    27.2   21.1   21.7    23    1    100.0    1 
27/09/26  16:29   27.3   27.3   27.2    48   15.3   9.7     S   0.16  16.1     S   27.3   27.3   27.3  1016.2  0.00   0.0   0.000   0.006   24.0    53   13.8   24.1   9.65 1.1735    27.2   21.1   21.7    22    1     95.7    1 
27/09/26  16:30   27.3   27.3   27.3    47   15.0  12.9     S   0.21  19.3    SW   27.1   27.3   27.1  1016.2  0.00   0.0   0.000   0.006   24.0    53   13.8   24.1   9.65 1.1735    27.2   21.1   21.7    23    1    100.0    1 
27/09/26  16:31   27.3   27.3   27.3    47   15.0  11.3   SSE   0.19  20.9   ESE   27.3   27.3   27.3  1016.2  0.00   0.0   0.000   0.006   24.0    53   13.8   24.1   9.65 1.1734    27.2   21.1   21.7    23    1    100.0    1 
27/09/26  16:32   27.4   27.4   27.3    48   15.4  11.3     S   0.19  27.4   SSW   27.4   27.4   27.4  1016.1  0.00   0.0   0.000   0.006   24.0    53   13.8   24.1   9.65 1.1734    27.2   21.1   21.7    23    1    100.0    1 
27/09/26  16:33   27.3   27.3   27.3    47   15.0  19.3   SSW   0.32  30.6     S   26.2   27.3   26.1  1016.1  0.00   0.0   0.000   0.006   24.0    53   13.8   24.1   9.65 1.1733    27.2   21.1   21.7    23    1    100.0    1 
27/09/26  16:34   27.3   27.3   27.3    48   15.4   6.4     S   0.11  12.9     S   27.3   27.3   27.3  1016.1  0.00   0.0   0.000   0.006   24.0    53   13.8   24.1   9.65 1.1734    27.2   21.1   21.7    24    1    100.0    1 
27/09/26  16:35   27.3   27.3   27.3    48   15.3   9.7   SSE   0.16  14.5     S   27.3   27.3   27.3  1016.2  0.00   0.0   0.000   0.006   24.0    53   13.8   24.1   9.65 1.1734    27.2   21.1   21.7    23    1    100.0    1 
27/09/26  16:36   27.3   27.3   27.3    47   15.0  12.9   SSW   0.21  22.5   SSW   27.1   27.2   26.9  1016.1  0.00   0.0   0.000   0.006   24.0    53   13.8   24.1   9.65 1.1734    27.2   21.1   21.7    24    1    100.0    1 
27/09/26  16:37   27.2   27.3   27.2    48   15.3   9.7   SSE   0.16  17.7     S   27.2   27.2   27.2  1016.1  0.00   0.0   0.000   0.006   24.0    53   13.8   24.1   9.65 1.1734    27.2   21.1   21.7    23    1    100.0    1 
27/09/26  16:38   27.2   27.2   27.2    48   15.3   9.7     S   0.16  16.1     S   27.2   27.2   27.2  1016.1  0.00   0.0   0.000   0.006   24.0    53   13.8   24.1   9.65 1.1733    27.2   21.1   21.7    23    1    100.0    1 
27/09/26  16:39   27.2   27.2   27.2    48   15.3  14.5   SSW   0.24  24.1   SSW   26.7   27.2   26.7  1016.1  0.00   0.0   0.000   0.006   24.0    53   13.8   24.1   9.65 1.1733    27.2   21.1   21.7    24    1    100.0    1 
27/09/26  16:40   27.2   27.2   27.2    48   15.2   9.7     S   0.16  19.3   SSW   27.2   27.2   27.2  1016.1  0.00   0.0   0.000   0.006   24.0    53   13.8   24.1   9.65 1.1733    27.2   21.1   21.7    23    1    100.0    1 
27/09/26  16:41   27.2   27.2   27.2    48   15.2   6.4   WSW   0.11  11.3     W   27.2   27.2   27.2  1016.1  0.00   0.0   0.000   0.006   24.0    53   13.8   24.1   9.65 1.1734    27.2   21.1   21.7    24    1    100.0    1 
27/09/26  16:42   27.2   27.2   27.2    48   15.2   9.7    SW   0.16  17.7    SW   27.2   27.2   27.2  1016.1  0.00   0.0   0.000   0.006   24.0    53   13.8   24.1   9.65 1.1733    27.2   21.1   21.7    23    1    100.0    1 
27/09/26  16:43   27.2   27.2   27.2    48   15.2   4.8     W   0.08   9.7    SW   27.2   27.2   27.2  1016.1  0.00   0.0   0.000   0.006   24.0    53   13.8   24.1   9.65 1.1733    27.2   21.1   21.7    23    1    100.0    1 
27/09/26  16:44   27.2   27.2   27.2    48   15.3   6.4   SSW   0.11   8.0   WNW   27.2   27.2   27.2  1016.0  0.00   0.0   0.000   0.006   24.0    53   13.8   24.1   9.65 1.1732    27.2   21.1   21.7    22    1     95.7    1 
27/09/26  16:45   27.2   27.2   27.2    48   15.3   3.2     S   0.05   6.4   SSE   27.2   27.2   27.2  1016.1  0.00   0.0   0.000   0.006   24.0    53   13.8   24.1   9.65 1.1733    27.2   21.1   21.7    22    1     95.7    1 
27/09/26  16:46   27.3   27.3   27.2    48   15.3   4.8    SE   0.08   9.7    SE   27.3   27.3   27.3  1016.0  0.00   0.0   0.000   0.006   24.0    53   13.8   24.1   9.65 1.1732    27.2   21.1   21.7    23    1    100.0    1 
27/09/26  16:47   27.3   27.3   27.3    47   15.0   8.0     S   0.13  14.5   SSW   27.3   27.2   27.2  1016.0  0.00   0.0   0.000   0.006   24.0    53   13.8   24.1   9.65 1.1732    27.2   21.1   21.7    23    1    100.0    1 
27/09/26  16:48   27.3   27.3   27.3    47   15.0   9.7     S   0.16  19.3     S   27.3   27.3   27.3  1016.0  0.00   0.0   0.000   0.006   24.0    53   13.8   24.1   9.65 1.1732    27.2   21.1   21.7    24    1    100.0    1 
27/09/26  16:49   27.3   27.3   27.3    47   15.0  14.5   SSW   0.24  20.9   SSW   26.8   27.3   26.7  1016.0  0.00   0.0   0.000   0.006   24.0    53   13.8   24.1   9.65 1.1732    27.2   21.1   21.7    22    1     95.7    1 
27/09/26  16:50   27.3   27.3   27.3    47   15.0   6.4    SW   0.11  11.3     S   27.3   27.2   27.2  1016.0  0.00   0.0   0.000   0.006   24.0    53   13.8   24.1   9.65 1.1732    27.2   21.1   21.7    23    1    100.0    1 
27/09/26  16:51   27.2   27.3   27.2    48   15.3   9.7    SW   0.16  14.5    SW   27.2   27.2   27.2  1016.0  0.00   0.0   0.000   0.006   24.0    53   13.8   24.1   9.65 1.1732    27.2   21.1   21.7    24    1    100.0    1 
27/09/26  16:52   27.2   27.2   27.2    48   15.3   9.7    SW   0.16  17.7    SW   27.2   27.2   27.2  1016.0  0.00   0.0   0.000   0.006   24.0    53   13.8   24.1   9.65 1.1732    27.2   21.1   21.7    23    1    100.0    1 
27/09/26  16:53   27.2   27.2   27.2    48   15.3   9.7   SSW   0.16  16.1    SW   27.2   27.2   27.2  1016.0  0.00   0.0   0.000   0.006   24.0    53   13.8   24.1   9.65 1.1732    27.2   21.1   21.7    24    1    100.0    1 
27/09/26  16:54   27.2   27.2   27.2    48   15.2   6.4     S   0.11   9.7     S   27.2   27.2   27.2  1016.0  0.00   0.0   0.000   0.006   24.0    53   13.8   24.1   9.65 1.1732    27.2   21.1   21.7    23    1    100.0    1 
27/09/26  16:55   27.2   27.2   27.2    48   15.2  11.3     S   0.19  17.7   SSE   27.2   27.2   27.2  1016.0  0.00   0.0   0.000   0.006   24.0    53   13.8   24.1   9.65 1.1732    27.2   21.1   21.7    23    1    100.0    1 
27/09/26  16:56   27.1   27.2   27.1    48   15.2   8.0   SSW   0.13  11.3   SSW   27.1   27.1   27.1  1016.0  0.00   0.0   0.000   0.006   24.1    53   13.9   24.2   9.65 1.1726    27.2   21.1   21.7    24    1    100.0    1 
27/09/26  16:57   27.1   27.1   27.1    48   15.2   8.0   SSW   0.13   9.7   SSW   27.1   27.1   27.1  1015.9  0.00   0.0   0.000   0.006   24.1    53   13.9   24.2   9.65 1.1726    27.2   21.1   21.7    23    1    100.0    1 
27/09/26  16:58   27.1   27.1   27.1    48   15.2   6.4   SSW   0.11   8.0   SSE   27.1   27.1   27.1  1015.9  0.00   0.0   0.000   0.006   24.1    53   13.9   24.2   9.65 1.1726    27.2   21.1   21.7    24    1    100.0    1 
27/09/26  16:59   27.1   27.1   27.1    48   15.2   8.0     S   0.13  11.3     S   27.1   27.1   27.1  1015.9  0.00   0.0   0.000   0.006   24.1    53   13.9   24.2   9.65 1.1726    27.2   21.1   21.7    22    1     95.7    1 
27/09/26  17:00   27.1   27.1   27.1    48   15.2   8.0     S   0.13  17.7   SSW   27.1   27.1   27.1  1015.9  0.00   0.0   0.000   0.006   24.1    53   13.9   24.2   9.65 1.1725    27.2   21.1   21.7    23    1    100.0    1 
27/09/26  17:01   27.1   27.1   27.1    48   15.2  11.3     S   0.19  19.3     S   27.1   27.1   27.1  1015.9  0.00   0.0   0.000   0.006   24.1    53   13.9   24.2   9.65 1.1725    27.2   21.1   21.7    22    1     95.7    1 
27/09/26  17:02   27.2   27.2   27.1    48   15.2   8.0     S   0.13  14.5    SE   27.2   27.2   27.2  1015.9  0.00   0.0   0.000   0.006   24.1    53   13.9   24.2   9.65 1.1725    27.2   21.1   21.7    23    1    100.0    1 
27/09/26  17:03   27.2   27.2   27.2    48   15.2   8.0     S   0.13  12.9     S   27.2   27.2   27.2  1015.9  0.00   0.0   0.000   0.006   24.1    53   13.9   24.2   9.65 1.1725    27.2   21.1   21.7    23    1    100.0    1 
27/09/26  17:04   27.2   27.2   27.2    48   15.2   6.4   SSW   0.11  14.5    SW   27.2   27.2   27.2  1015.9  0.00   0.0   0.000   0.006   24.1    53   13.9   24.2   9.65 1.1725    27.2   21.1   21.7    23    1    100.0    1 
27/09/26  17:05   27.2   27.2   27.2    48   15.3   8.0     S   0.13  11.3     S   27.2   27.2   27.2  1015.8  0.00   0.0   0.000   0.006   24.1    53   13.9   24.2   9.65 1.1724    27.2   21.1   21.7    23    1    100.0    1 
27/09/26  17:06   27.2   27.2   27.2    48   15.3   4.8   SSW   0.08   9.7     S   27.2   27.2   27.2  1015.8  0.00   0.0   0.000   0.006   24.1    53   13.9   24.2   9.65 1.1724    27.2   21.1   21.7    23    1    100.0    1 
27/09/26  17:07   27.3   27.3   27.3    48   15.3   4.8   SSW   0.08   8.0   SSE   27.3   27.3   27.3  1015.8  0.00   0.0   0.000   0.006   24.1    53   13.9   24.2   9.65 1.1724    27.2   21.1   21.7    22    1     95.7    1 
27/09/26  17:08   27.3   27.3   27.3    48   15.4  11.3     S   0.19  16.1     S   27.3   27.3   27.3  1015.9  0.00   0.0   0.000   0.006   24.1    53   13.9   24.2   9.65 1.1725    27.2   21.1   21.7    23    1    100.0    1 
27/09/26  17:09   27.4   27.4   27.3    48   15.4   8.0    SW   0.13  14.5   SSW   27.4   27.4   27.4  1015.9  0.00   0.0   0.000   0.006   24.1    53   13.9   24.2   9.65 1.1725    27.2   21.1   21.7    22    1     95.7    1 
27/09/26  17:10   27.4   27.4   27.4    47   15.1   9.7   SSW   0.16  14.5    SW   27.4   27.3   27.3  1015.8  0.00   0.0   0.000   0.006   24.1    53   13.9   24.2   9.65 1.1724    27.2   21.1   21.7    23    1    100.0    1 
27/09/26  17:11   27.4   27.4   27.4    47   15.1  12.9    SW   0.21  20.9     S   27.2   27.3   27.1  1015.9  0.00   0.0   0.000   0.006   24.1    53   13.9   24.2   9.65 1.1725    27.2   21.1   21.7    23    1    100.0    1 
27/09/26  17:12   27.4   27.4   27.4    47   15.1   6.4   WSW   0.11  12.9    SW   27.4   27.3   27.3  1015.8  0.00   0.0   0.000   0.006   24.1    53   13.9   24.2   9.65 1.1724    27.2   21.1   21.7    24    1    100.0    1 
27/09/26  17:13   27.4   27.4   27.4    47   15.1   6.4   SSW   0.11  11.3   WSW   27.4   27.3   27.3  1015.9  0.00   0.0   0.000   0.006   24.1    53   13.9   24.2   9.65 1.1725    27.2   21.1   21.7    22    1     95.7    1 
27/09/26  17:14   27.4   27.4   27.4    47   15.1   3.2     S   0.05   8.0    SE   27.4   27.4   27.4  1015.8  0.00   0.0   0.000   0.006   24.1    53   13.9   24.2   9.65 1.1724    27.2   21.1   21.7    23    1    100.0    1 
27/09/26  17:15   27.4   27.4   27.4    47   15.1   9.7     S   0.16  22.5     S   27.4   27.4   27.4  1015.8  0.00   0.0   0.000   0.006   24.1    53   13.9   24.2   9.65 1.1724    27.2   21.1   21.7    24    1    100.0    1 
27/09/26  17:16   27.4   27.5   27.4    47   15.1  12.9     S   0.21  16.1   SSE   27.2   27.4   27.2  1015.8  0.00   0.0   0.000   0.006   24.1    53   13.9   24.2   9.65 1.1724    27.2   21.1   21.7    23    1    100.0    1 
27/09/26  17:17   27.4   27.4   27.4    47   15.1   3.2    SW   0.05  11.3     S   27.4   27.4   27.4  1015.8  0.00   0.0   0.000   0.006   24.1    53   13.9   24.2   9.65 1.1724    27.2   21.1   21.7    24    1    100.0    1 
27/09/26  17:18   27.4   27.4   27.4    47   15.1   8.0     S   0.13  11.3     S   27.4   27.4   27.4  1015.8  0.00   0.0   0.000   0.006   24.1    53   13.9   24.2   9.65 1.1724    27.2   21.1   21.7    23    1    100.0    1 
27/09/26  17:19   27.4   27.5   27.4    47   15.1   9.7   SSW   0.16  16.1    SW   27.4   27.4   27.4  1015.8  0.00   0.0   0.000   0.006   24.1    53   13.9   24.2   9.65 1.1724    27.2   21.1   21.7    23    1    100.0    1 
27/09/26  17:20   27.4   27.4   27.4    47   15.1  14.5     S   0.24  22.5   SSE   26.9   27.4   26.8  1015.8  0.00   0.0   0.000   0.006   24.1    53   13.9   24.2   9.65 1.1724    27.2   21.1   21.7    22    1     95.7    1 
27/09/26  17:21   27.4   27.4   27.4    47   15.1   9.7     S   0.16  12.9     S   27.4   27.3   27.3  1015.8  0.00   0.0   0.000   0.006   24.1    53   13.9   24.2   9.65 1.1724    27.2   21.1   21.7    23    1    100.0    1 
27/09/26  17:22   27.4   27.4   27.4    47   15.1   9.7   SSW   0.16  16.1   SSW   27.4   27.3   27.3  1015.8  0.00   0.0   0.000   0.006   24.1    53   13.9   24.2   9.65 1.1724    27.2   21.1   21.7    23    1    100.0    1 
27/09/26  17:23   27.3   27.4   27.3    47   15.0   6.4     S   0.11  11.3     S   27.3   27.3   27.3  1015.8  0.00   0.0   0.000   0.006   24.1    53   13.9   24.2   9.65 1.1724    27.2   21.1   21.7    23    1    100.0    1 
27/09/26  17:24   27.3   27.3   27.3    48   15.3  11.3     S   0.19  16.1   SSE   27.3   27.3   27.3  1015.8  0.00   0.0   0.000   0.006   24.1    53   13.9   24.2   9.65 1.1724    27.2   21.1   21.7    21    1     91.3    1 
27/09/26  17:25   27.3   27.3   27.3    48   15.3   8.0     S   0.13  22.5   SSW   27.3   27.3   27.3  1015.8  0.00   0.0   0.000   0.006   24.1    53   13.9   24.2   9.65 1.1724    27.2   21.1   21.7    23    1    100.0    1 
27/09/26  17:26   27.2   27.3   27.2    48   15.3  11.3   SSE   0.19  17.7   SSW   27.2   27.2   27.2  1015.8  0.00   0.0   0.000   0.006   24.1    53   13.9   24.2   9.65 1.1724    27.2   21.1   21.7    23    1    100.0    1 
27/09/26  17:27   27.2   27.3   27.2    48   15.3   3.2   SSE   0.05   8.0    SW   27.2   27.2   27.2  1015.8  0.00   0.0   0.000   0.006   24.1    53   13.9   24.2   9.65 1.1724    27.2   21.1   21.7    23    1    100.0    1 
27/09/26  17:28   27.2   27.2   27.2    48   15.3   6.4   SSW   0.11   9.7     S   27.2   27.2   27.2  1015.7  0.00   0.0   0.000   0.006   24.1    53   13.9   24.2   9.65 1.1723    27.2   21.1   21.7    23    1    100.0    1 
27/09/26  17:29   27.2   27.3   27.2    48   15.3  11.3     S   0.19  19.3   SSW   27.2   27.2   27.2  1015.8  0.00   0.0   0.000   0.006   24.1    53   13.9   24.2   9.65 1.1724    27.2   21.1   21.7    23    1    100.0    1 
27/09/26  17:30   27.3   27.3   27.3    48   15.3  11.3     S   0.19  16.1     S   27.3   27.3   27.3  1015.8  0.00   0.0   0.000   0.006   24.1    53   13.9   24.2   9.65 1.1724    27.2   21.1   21.7    23    1    100.0    1 
27/09/26  17:31   27.3   27.3   27.3    48   15.3   4.8   SSW   0.08   8.0   SSW   27.3   27.3   27.3  1015.8  0.00   0.0   0.000   0.006   24.1    53   13.9   24.2   9.65 1.1724    27.2   21.1   21.7    22    1     95.7    1 
27/09/26  17:32   27.3   27.3   27.3    48   15.4   8.0    SW   0.13  19.3   WSW   27.3   27.3   27.3  1015.8  0.00   0.0   0.000   0.006   24.1    53   13.9   24.2   9.65 1.1724    27.2   21.1   21.7    24    1    100.0    1 
27/09/26  17:33   27.3   27.3   27.3    47   15.0  19.3    SW   0.32  32.2    SW   26.2   27.3   26.1  1015.8  0.00   0.0   0.000   0.006   24.1    53   13.9   24.2   9.65 1.1724    27.2   21.1   21.7    21    1     91.3    1 
27/09/26  17:34   27.3   27.3   27.3    48   15.3  14.5   SSW   0.24  32.2    SW   26.7   27.3   26.7  1015.8  0.00   0.0   0.000   0.006   24.1    53   13.9   24.2   9.65 1.1724    27.2   21.1   21.7    23    1    100.0    1 
27/09/26  17:35   27.3   27.3   27.3    48   15.3   9.7   SSW   0.16  20.9   SSW   27.3   27.3   27.3  1015.8  0.00   0.0   0.000   0.006   24.1    53   13.9   24.2   9.65 1.1724    27.2   21.1   21.7    22    1     95.7    1 
27/09/26  17:36   27.2   27.3   27.2    48   15.3  12.9     S   0.21  22.5    SW   27.0   27.2   27.0  1015.8  0.00   0.0   0.000   0.006   24.2    53   14.0   24.3   9.65 1.1719    27.2   21.1   21.7    22    1     95.7    1 
27/09/26  17:37   27.2   27.2   27.2    48   15.3   9.7   SSW   0.16  16.1     S   27.2   27.2   27.2  1015.8  0.00   0.0   0.000   0.006   24.2    53   14.0   24.3   9.65 1.1718    27.2   21.1   21.7    24    1    100.0    1 
27/09/26  17:38   27.2   27.2   27.2    48   15.2   6.4   SSE   0.11   9.7     S   27.2   27.2   27.2  1015.8  0.00   0.0   0.000   0.006   24.2    53   14.0   24.3   9.65 1.1718    27.2   21.1   21.7    22    1     95.7    1 
27/09/26  17:39   27.2   27.2   27.2    48   15.2   8.0     S   0.13  11.3     S   27.2   27.2   27.2  1015.7  0.00   0.0   0.000   0.006   24.2    53   14.0   24.3   9.65 1.1717    27.2   21.1   21.7    24    1    100.0    1 
27/09/26  17:40   27.2   27.2   27.2    48   15.2   3.2     W   0.05   8.0     S   27.2   27.2   27.2  1015.7  0.00   0.0   0.000   0.006   24.2    53   14.0   24.3   9.65 1.1717    27.2   21.1   21.7    22    1     95.7    1 
27/09/26  17:41   27.2   27.2   27.2    48   15.2   3.2   SSE   0.05   6.4   SSE   27.2   27.2   27.2  1015.6  0.00   0.0   0.000   0.006   24.2    53   14.0   24.3   9.65 1.1717    27.2   21.1   21.7    24    1    100.0    1 
27/09/26  17:42   27.2   27.2   27.2    48   15.2   6.4   SSW   0.11   8.0     S   27.2   27.2   27.2  1015.7  0.00   0.0   0.000   0.006   24.2    53   14.0   24.3   9.65 1.1717    27.2   21.1   21.7    21    1     91.3    1 
27/09/26  17:43   27.2   27.2   27.2    48   15.3   6.4   SSW   0.11  12.9    SW   27.2   27.2   27.2  1015.7  0.00   0.0   0.000   0.006   24.2    53   14.0   24.3   9.65 1.1717    27.2   21.1   21.7    23    1    100.0    1 
27/09/26  17:44   27.2   27.2   27.2    48   15.3   8.0    SW   0.13  12.9    SW   27.2   27.2   27.2  1015.7  0.00   0.0   0.000   0.006   24.2    53   14.0   24.3   9.65 1.1717    27.2   21.1   21.7    21    1     91.3    1 
27/09/26  17:45   27.2   27.2   27.2    48   15.3   8.0   SSW   0.13   9.7   SSW   27.2   27.2   27.2  1015.6  0.00   0.0   0.000   0.006   24.2    53   14.0   24.3   9.65 1.1717    27.2   21.1   21.7    23    1    100.0    1 
27/09/26  17:46   27.2   27.2   27.2    48   15.3   8.0    SW   0.13  11.3     S   27.2   27.2   27.2  1015.7  0.00   0.0   0.000   0.006   24.2    53   14.0   24.3   9.65 1.1717    27.2   21.1   21.7    22    1     95.7    1 
27/09/26  17:47   27.2   27.2   27.2    48   15.3   8.0   SSW   0.13  16.1    SW   27.2   27.2   27.2  1015.7  0.00   0.0   0.000   0.006   24.2    53   14.0   24.3   9.65 1.1718    27.2   21.1   21.7    23    1    100.0    1 
27/09/26  17:48   27.2   27.2   27.2    48   15.3   4.8   SSW   0.08  14.5     S   27.2   27.2   27.2  1015.8  0.00   0.0   0.000   0.006   24.2    53   14.0   24.3   9.65 1.1718    27.2   21.1   21.7    22    1     95.7    1 
27/09/26  17:49   27.2   27.2   27.2    48   15.2  11.3    SW   0.19  20.9   SSE   27.2   27.2   27.2  1015.7  0.00   0.0   0.000   0.006   24.2    53   14.0   24.3   9.65 1.1718    27.2   21.1   21.7    23    1    100.0    1 
27/09/26  17:50   27.2   27.2   27.2    48   15.2   6.4     W   0.11  14.5     S   27.2   27.2   27.2  1015.8  0.00   0.0   0.000   0.006   24.2    53   14.0   24.3   9.65 1.1718    27.2   21.1   21.7    22    1     95.7    1 
27/09/26  17:51   27.1   27.2   27.1    48   15.2   9.7    SW   0.16  16.1    SW   27.1   27.1   27.1  1015.7  0.00   0.0   0.000   0.006   24.2    53   14.0   24.3   9.65 1.1718    27.2   21.1   21.7    22    1     95.7    1 
27/09/26  17:52   27.1   27.1   27.1    48   15.2   9.7     S   0.16  14.5   SSW   27.1   27.1   27.1  1015.8  0.00   0.0   0.000   0.006   24.2    53   14.0   24.3   9.65 1.1718    27.2   21.1   21.7    23    1    100.0    1 
27/09/26  17:53   27.1   27.1   27.1    48   15.2   6.4    SW   0.11   9.7    SW   27.1   27.1   27.1  1015.8  0.00   0.0   0.000   0.006   24.2    53   14.0   24.3   9.65 1.1718    27.2   21.1   21.7    22    1     95.7    1 
27/09/26  17:54   27.1   27.1   27.1    48   15.2   4.8     S   0.08  11.3     S   27.1   27.1   27.1  1015.7  0.00   0.0   0.000   0.006   24.2    53   14.0   24.3   9.65 1.1718    27.2   21.1   21.7    23    1    100.0    1 
27/09/26  17:55   27.1   27.1   27.1    48   15.2   8.0     S   0.13  12.9   SSW   27.1   27.1   27.1  1015.7  0.00   0.0   0.000   0.006   24.2    53   14.0   24.3   9.65 1.1718    27.2   21.1   21.7    23    1    100.0    1 
27/09/26  17:56   27.1   27.1   27.1    48   15.2   8.0   SSW   0.13  14.5    SW   27.1   27.1   27.1  1015.7  0.00   0.0   0.000   0.006   24.2    53   14.0   24.3   9.65 1.1717    27.2   21.1   21.7    24    1    100.0    1 
27/09/26  17:57   27.1   27.1   27.1    48   15.2   8.0   SSW   0.13  12.9   WSW   27.1   27.1   27.1  1015.8  0.00   0.0   0.000   0.006   24.2    53   14.0   24.3   9.65 1.1718    27.2   21.1   21.7    23    1    100.0    1 
27/09/26  17:58   27.1   27.1   27.1    48   15.2   4.8   WSW   0.08   9.7    SW   27.1   27.1   27.1  1015.7  0.00   0.0   0.000   0.006   24.2    53   14.0   24.3   9.65 1.1718    27.2   21.1   21.7    24    1    100.0    1 
27/09/26  17:59   27.2   27.2   27.1    48   15.2   6.4     S   0.11   9.7     S   27.2   27.2   27.2  1015.8  0.00   0.0   0.000   0.006   24.2    53   14.0   24.3   9.65 1.1718    27.2   21.1   21.7    23    1    100.0    1 
27/09/26  18:00   27.2   27.2   27.2    48   15.2   6.4   SSE   0.11   9.7   SSW   27.2   27.2   27.2  1015.8  0.00   0.0   0.000   0.006   24.2    53   14.0   24.3   9.65 1.1718    27.2   21.1   21.7    23    1    100.0    1 
27/09/26  18:01   27.2   27.2   27.2    48   15.2   1.6   SSE   0.03   3.2   SSE   27.2   27.2   27.2  1015.8  0.00   0.0   0.000   0.006   24.2    53   14.0   24.3   9.65 1.1718    27.2   21.1   21.7    24    1    100.0    1 
27/09/26  18:02   27.2   27.2   27.2    48   15.3   4.8   SSE   0.08   8.0   SSE   27.2   27.2   27.2  1015.8  0.00   0.0   0.000   0.006   24.2    53   14.0   24.3   9.65 1.1718    27.2   21.1   21.7    23    1    100.0    1 
27/09/26  18:03   27.2   27.2   27.2    48   15.3  11.3     S   0.19  17.7     S   27.2   27.2   27.2  1015.8  0.00   0.0   0.000   0.006   24.2    53   14.0   24.3   9.65 1.1719    27.2   21.1   21.7    24    1    100.0    1 
27/09/26  18:04   27.2   27.2   27.2    49   15.5   4.8     S   0.08  12.9     S   27.2   27.2   27.2  1015.8  0.00   0.0   0.000   0.006   24.2    53   14.0   24.3   9.65 1.1719    27.2   21.1   21.7    23    1    100.0    1 
27/09/26  18:05   27.2   27.2   27.2    49   15.5   6.4   SSW   0.11  11.3     S   27.2   27.2   27.2  1015.8  0.00   0.0   0.000   0.006   24.2    53   14.0   24.3   9.65 1.1718    27.2   21.1   21.7    24    1    100.0    1 
27/09/26  18:06   27.1   27.2   27.1    49   15.5   6.4   SSE   0.11  12.9   SSW   27.1   27.2   27.2  1015.8  0.00   0.0   0.000   0.006   24.2    53   14.0   24.3   9.65 1.1718    27.2   21.1   21.7    23    1    100.0    1 
27/09/26  18:07   27.1   27.1   27.1    49   15.5   6.4    SW   0.11  14.5   SSW   27.1   27.2   27.2  1015.8  0.00   0.0   0.000   0.006   24.2    53   14.0   24.3   9.65 1.1719    27.2   21.1   21.7    23    1    100.0    1 
27/09/26  18:08   27.1   27.1   27.1    49   15.5   3.2    SW   0.05  16.1   SSW   27.1   27.2   27.2  1015.8  0.00   0.0   0.000   0.006   24.2    53   14.0   24.3   9.65 1.1719    27.2   21.1   21.7    24    1    100.0    1 
27/09/26  18:09   27.1   27.1   27.1    48   15.1  11.3   SSW   0.19  20.9   SSW   27.1   27.1   27.1  1015.8  0.00   0.0   0.000   0.006   24.2    53   14.0   24.3   9.65 1.1719    27.2   21.1   21.7    22    1     95.7    1 
27/09/26  18:10   27.0   27.1   27.0    48   15.1   8.0    SW   0.13  14.5    SW   27.0   26.9   26.9  1015.8  0.00   0.0   0.000   0.006   24.2    53   14.0   24.3   9.65 1.1718    27.2   21.1   21.7    24    1    100.0    1 
27/09/26  18:11   27.0   27.0   27.0    48   15.1  12.9     S   0.21  17.7     S   26.8   26.9   26.7  1015.9  0.00   0.0   0.000   0.006   24.2    53   14.0   24.3   9.65 1.1720    27.2   21.1   21.7    23    1    100.0    1 
27/09/26  18:12   26.9   27.0   26.9    48   15.0   4.8   SSW   0.08   8.0     S   26.9   26.9   26.9  1015.8  0.00   0.0   0.000   0.006   24.2    53   14.0   24.3   9.65 1.1718    27.2   21.1   21.7    23    1    100.0    1 
27/09/26  18:13   26.9   26.9   26.9    48   15.0   6.4   SSW   0.11   9.7    SE   26.9   26.8   26.8  1015.8  0.00   0.0   0.000   0.006   24.2    53   14.0   24.3   9.65 1.1718    26.7   21.1   21.7    24    1    100.0    1 
27/09/26  18:14   26.9   26.9   26.9    48   15.0   8.0   SSW   0.13  14.5   SSE   26.9   26.8   26.8  1015.8  0.00   0.0   0.000   0.006   24.2    53   14.0   24.3   9.65 1.1718    26.7   21.1   21.7    23    1    100.0    1 
27/09/26  18:15   26.8   26.9   26.8    48   14.9   6.4     W   0.11  12.9   WSW   26.8   26.8   26.8  1015.8  0.00   0.0   0.000   0.006   24.2    53   14.0   24.3   9.65 1.1719    26.7   21.1   21.7    22    1     95.7    1 
27/09/26  18:16   26.8   26.8   26.8    48   14.9   8.0   SSW   0.13  17.7   SSW   26.8   26.8   26.8  1015.8  0.00   0.0   0.000   0.006   24.2    53   14.0   24.3   9.65 1.1718    26.7   21.1   21.7    23    1    100.0    1 
27/09/26  18:17   26.8   26.8   26.8    48   14.9   9.7    SW   0.16  12.9   SSW   26.8   26.8   26.8  1015.8  0.00   0.0   0.000   0.006   24.2    53   14.0   24.3   9.65 1.1718    26.7   21.1   21.7    23    1    100.0    1 
27/09/26  18:18   26.8   26.8   26.8    48   14.8   6.4     S   0.11  11.3     S   26.8   26.7   26.7  1015.8  0.00   0.0   0.000   0.006   24.2    53   14.0   24.3   9.65 1.1718    26.7   21.1   21.7    24    1    100.0    1 
27/09/26  18:19   26.8   26.8   26.8    48   14.8   4.8   WSW   0.08   8.0    SW   26.8   26.7   26.7  1015.8  0.00   0.0   0.000   0.006   24.2    53   14.0   24.3   9.65 1.1718    26.7   21.1   21.7    23    1    100.0    1 
27/09/26  18:20   26.8   26.8   26.8    48   14.8  11.3    SW   0.19  16.1    SW   26.8   26.7   26.7  1015.8  0.00   0.0   0.000   0.006   24.2    53   14.0   24.3   9.65 1.1719    26.7   21.1   21.7    24    1    100.0    1 
27/09/26  18:21   26.8   26.8   26.8    48   14.8   9.7    SW   0.16  12.9   SSW   26.8   26.7   26.7  1015.8  0.00   0.0   0.000   0.006   24.2    53   14.0   24.3   9.65 1.1719    26.7   21.1   21.7    23    1    100.0    1 
27/09/26  18:22   26.8   26.8   26.8    48   14.8   4.8     S   0.08   8.0    SW   26.8   26.7   26.7  1015.8  0.00   0.0   0.000   0.006   24.2    53   14.0   24.3   9.65 1.1719    26.7   21.1   21.7    23    1    100.0    1 
27/09/26  18:23   26.8   26.8   26.8    48   14.8   4.8     S   0.08   8.0   SSW   26.8   26.7   26.7  1015.8  0.00   0.0   0.000   0.006   24.2    53   14.0   24.3   9.65 1.1718    26.7   21.1   21.7    23    1    100.0    1 
27/09/26  18:24   26.8   26.8   26.8    48   14.8   3.2   WSW   0.05   6.4   WSW   26.8   26.7   26.7  1015.8  0.00   0.0   0.000   0.006   24.2    53   14.0   24.3   9.65 1.1719    26.7   21.1   21.7    23    1    100.0    1 
27/09/26  18:25   26.8   26.8   26.8    48   14.8   6.4     S   0.11  11.3     S   26.8   26.7   26.7  1015.9  0.00   0.0   0.000   0.006   24.2    53   14.0   24.3   9.65 1.1719    26.7   21.1   21.7    23    1    100.0    1 
27/09/26  18:26   26.8   26.8   26.8    48   14.9   6.4    SW   0.11  11.3   SSW   26.8   26.8   26.8  1015.9  0.00   0.0   0.000   0.006   24.2    53   14.0   24.3   9.65 1.1719    26.7   21.1   21.7    23    1    100.0    1 
27/09/26  18:27   26.8   26.8   26.8    48   14.9   8.0    SW   0.13  14.5     S   26.8   26.8   26.8  1015.9  0.00   0.0   0.000   0.006   24.2    53   14.0   24.3   9.65 1.1720    26.7   21.1   21.7    22    1     95.7    1 
27/09/26  18:28   26.8   26.8   26.8    48   14.9   3.2     S   0.05  11.3     S   26.8   26.8   26.8  1015.9  0.00   0.0   0.000   0.006   24.2    53   14.0   24.3   9.65 1.1719    26.7   21.1   21.7    23    1    100.0    1 
27/09/26  18:29   26.9   26.9   26.8    48   15.0   4.8   SSW   0.08   9.7   SSW   26.9   26.8   26.8  1015.9  0.00   0.0   0.000   0.006   24.2    53   14.0   24.3   9.65 1.1719    26.7   21.1   21.7    22    1     95.7    1 
27/09/26  18:30   26.9   26.9   26.8    48   15.0   3.2   SSW   0.05   8.0   SSW   26.9   26.8   26.8  1015.9  0.00   0.0   0.000   0.006   24.2    53   14.0   24.3   9.65 1.1720    26.7   21.1   21.7    24    1    100.0    1 
27/09/26  18:31   26.9   26.9   26.9    48   15.0   8.0    SW   0.13  14.5   SSW   26.9   26.8   26.8  1016.0  0.00   0.0   0.000   0.006   24.2    53   14.0   24.3   9.65 1.1720    26.7   21.1   21.7    22    1     95.7    1 
27/09/26  18:32   26.9   26.9   26.9    48   15.0   6.4   WSW   0.11  11.3    SW   26.9   26.8   26.8  1016.0  0.00   0.0   0.000   0.006   24.2    53   14.0   24.3   9.65 1.1720    26.7   21.1   21.7    23    1    100.0    1 
27/09/26  18:33   26.9   26.9   26.9    48   15.0   6.4   SSW   0.11  11.3     S   26.9   26.8   26.8  1016.0  0.00   0.0   0.000   0.006   24.2    53   14.0   24.3   9.65 1.1720    26.7   21.1   21.7    22    1     95.7    1 
27/09/26  18:34   26.9   26.9   26.9    48   15.0   4.8     S   0.08  11.3     S   26.9   26.8   26.8  1016.0  0.00   0.0   0.000   0.006   24.2    53   14.0   24.3   9.65 1.1720    26.7   21.1   21.7    23    1    100.0    1 
27/09/26  18:35   26.9   26.9   26.9    48   15.0   4.8   SSW   0.08  11.3    SW   26.9   26.8   26.8  1016.0  0.00   0.0   0.000   0.006   24.2    53   14.0   24.3   9.65 1.1721    26.7   21.1   21.7    22    1     95.7    1 
27/09/26  18:36   26.9   26.9   26.9    48   15.0   3.2   SSW   0.05   8.0    SW   26.9   26.8   26.8  1016.0  0.00   0.0   0.000   0.006   24.2    53   14.0   24.3   9.65 1.1721    26.7   21.1   21.7    22    1     95.7    1 
27/09/26  18:37   26.9   26.9   26.9    48   15.0   0.0   SSW   0.00   1.6   SSW   26.9   26.8   26.8  1016.0  0.00   0.0   0.000   0.006   24.2    53   14.0   24.3   9.65 1.1721    26.7   21.1   21.7    24    1    100.0    1 
27/09/26  18:38   26.9   26.9   26.9    48   15.0   4.8   SSW   0.08  11.3     S   26.9   26.8   26.8  1016.0  0.00   0.0   0.000   0.006   24.2    53   14.0   24.3   9.65 1.1721    26.7   21.1   21.7    23    1    100.0    1 
27/09/26  18:39   26.9   26.9   26.9    48   15.0   4.8    SW   0.08   8.0   SSW   26.9   26.8   26.8  1016.1  0.00   0.0   0.000   0.006   24.2    53   14.0   24.3   9.65 1.1722    26.7   21.1   21.7    24    1    100.0    1 
27/09/26  18:40   26.9   26.9   26.9    48   15.0   6.4    SW   0.11  12.9    SW   26.9   26.8   26.8  1016.0  0.00   0.0   0.000   0.006   24.2    53   14.0   24.3   9.65 1.1721    26.7   21.1   21.7    23    1    100.0    1 
27/09/26  18:41   26.9   26.9   26.9    48   15.0   6.4   SSW   0.11  12.9    SW   26.9   26.8   26.8  1016.1  0.00   0.0   0.000   0.006   24.2    53   14.0   24.3   9.65 1.1722    26.7   21.1   21.7    23    1    100.0    1 
27/09/26  18:42   26.9   26.9   26.9    48   15.0   6.4   SSW   0.11  11.3   WSW   26.9   26.8   26.8  1016.0  0.00   0.0   0.000   0.006   24.2    53   14.0   24.3   9.65 1.1721    26.7   21.1   21.7    23    1    100.0    1 
27/09/26  18:43   26.8   26.9   26.8    48   14.9   1.6   SSW   0.03   4.8   SSW   26.8   26.8   26.8  1016.0  0.00   0.0   0.000   0.006   24.2    53   14.0   24.3   9.65 1.1721    26.7   21.1   21.7    23    1    100.0    1 
27/09/26  18:44   26.8   26.8   26.8    48   14.9   6.4   SSW   0.11   9.7   SSW   26.8   26.8   26.8  1016.0  0.00   0.0   0.000   0.006   24.2    53   14.0   24.3   9.65 1.1721    26.7   21.1   21.7    23    1    100.0    1 
27/09/26  18:45   26.8   26.8   26.8    48   14.8   6.4   SSW   0.11  11.3     S   26.8   26.7   26.7  1016.0  0.00   0.0   0.000   0.006   24.2    53   14.0   24.3   9.65 1.1721    26.7   21.1   21.7    23    1    100.0    1 
27/09/26  18:46   26.8   26.8   26.8    48   14.8   6.4   SSW   0.11  11.3   SSW   26.8   26.7   26.7  1016.1  0.00   0.0   0.000   0.006   24.2    53   14.0   24.3   9.65 1.1722    26.7   21.1   21.7    24    1    100.0    1 
27/09/26  18:47   26.8   26.8   26.8    48   14.8   6.4   WSW   0.11  11.3   SSW   26.8   26.7   26.7  1016.1  0.00   0.0   0.000   0.006   24.2    53   14.0   24.3   9.65 1.1722    26.7   21.1   21.7    22    1     95.7    1 
27/09/26  18:48   26.7   26.7   26.7    48   14.8   9.7   SSW   0.16  12.9    SW   26.7   26.7   26.7  1016.1  0.00   0.0   0.000   0.006   24.2    53   14.0   24.3   9.65 1.1722    26.7   21.1   21.7    23    1    100.0    1 
27/09/26  18:49   26.7   26.7   26.7    48   14.7   4.8    SW   0.08   8.0   SSW   26.7   26.6   26.6  1016.1  0.00   0.0   0.000   0.006   24.2    53   14.0   24.3   9.65 1.1722    26.7   21.1   21.7    22    1     95.7    1 
27/09/26  18:50   26.7   26.7   26.7    48   14.7   6.4   SSW   0.11   9.7    SW   26.7   26.6   26.6  1016.2  0.00   0.0   0.000   0.006   24.2    53   14.0   24.3   9.65 1.1723    26.7   21.1   21.7    23    1    100.0    1 
27/09/26  18:51   26.7   26.7   26.7    48   14.7   8.0    SW   0.13  11.3    SW   26.7   26.6   26.6  1016.1  0.00   0.0   0.000   0.006   24.2    53   14.0   24.3   9.65 1.1722    26.7   21.1   21.7    23    1    100.0    1 
27/09/26  18:52   26.7   26.7   26.7    48   14.7   8.0    SW   0.13  12.9   SSW   26.7   26.6   26.6  1016.1  0.00   0.0   0.000   0.006   24.2    52   13.7   24.2   9.54 1.1726    26.7   21.1   21.7    23    1    100.0    1 
27/09/26  18:53   26.6   26.7   26.6    48   14.7   4.8     S   0.08   8.0     S   26.6   26.6   26.6  1016.2  0.00   0.0   0.000   0.006   24.2    53   14.0   24.3   9.65 1.1723    26.7   21.1   21.7    21    1     91.3    1 
27/09/26  18:54   26.6   26.6   26.6    48   14.7   6.4   SSW   0.11   8.0   SSW   26.6   26.6   26.6  1016.1  0.00   0.0   0.000   0.006   24.2    53   14.0   24.3   9.65 1.1722    26.7   21.1   21.7    22    1     95.7    1 
27/09/26  18:55   26.6   26.6   26.6    49   15.0   8.0    SW   0.13   9.7    SW   26.6   26.6   26.6  1016.2  0.00   0.0   0.000   0.006   24.2    53   14.0   24.3   9.65 1.1723    26.7   21.1   21.7    22    1     95.7    1 
27/09/26  18:56   26.6   26.6   26.6    49   15.0   4.8    SW   0.08   8.0    SW   26.6   26.6   26.6  1016.2  0.00   0.0   0.000   0.006   24.2    53   14.0   24.3   9.65 1.1723    26.7   21.1   21.7    22    1     95.7    1 
27/09/26  18:57   26.6   26.6   26.6    49   15.0   1.6   SSW   0.03   6.4   SSE   26.6   26.6   26.6  1016.2  0.00   0.0   0.000   0.006   24.2    53   14.0   24.3   9.65 1.1723    26.7   21.1   21.7    23    1    100.0    1 
27/09/26  18:58   26.6   26.6   26.6    49   15.0   4.8    SW   0.08   9.7   WSW   26.6   26.6   26.6  1016.2  0.00   0.0   0.000   0.006   24.2    53   14.0   24.3   9.65 1.1723    26.7   21.1   21.7    22    1     95.7    1 
27/09/26  18:59   26.6   26.6   26.6    49   15.0   4.8    SW   0.08   8.0   WSW   26.6   26.6   26.6  1016.2  0.00   0.0   0.000   0.006   24.2    53   14.0   24.3   9.65 1.1723    26.7   21.1   21.7    24    1    100.0    1 
27/09/26  19:00   26.6   26.6   26.6    49   15.0   3.2    SW   0.05   8.0    SW   26.6   26.6   26.6  1016.2  0.00   0.0   0.000   0.006   24.2    53   14.0   24.3   9.65 1.1723    26.7   21.1   21.7    21    1     91.3    1 
27/09/26  19:01   26.6   26.6   26.6    49   15.0   6.4    SW   0.11  11.3    SW   26.6   26.6   26.6  1016.3  0.00   0.0   0.000   0.006   24.2    53   14.0   24.3   9.65 1.1724    26.7   21.1   21.7    23    1    100.0    1 
27/09/26  19:02   26.6   26.6   26.5    49   15.0   6.4    SW   0.11   9.7    SW   26.6   26.6   26.6  1016.2  0.00   0.0   0.000   0.006   24.2    53   14.0   24.3   9.65 1.1724    26.7   21.1   21.7    22    1     95.7    1 
27/09/26  19:03   26.5   26.5   26.5    49   14.9   6.4    SW   0.11   9.7     S   26.5   26.5   26.5  1016.3  0.00   0.0   0.000   0.006   24.2    53   14.0   24.3   9.65 1.1724    26.7   21.1   21.7    24    1    100.0    1 
27/09/26  19:04   26.5   26.5   26.5    49   14.9   9.7    SW   0.16  16.1   SSW   26.5   26.5   26.5  1016.3  0.00   0.0   0.000   0.006   24.2    53   14.0   24.3   9.65 1.1724    26.7   21.1   21.7    21    1     91.3    1 
27/09/26  19:05   26.5   26.5   26.5    49   14.9   6.4    SW   0.11  12.9   SSW   26.5   26.5   26.5  1016.3  0.00   0.0   0.000   0.006   24.2    53   14.0   24.3   9.65 1.1724    26.7   21.1   21.7    22    1     95.7    1 
27/09/26  19:06   26.4   26.5   26.4    49   14.9   9.7    SW   0.16  16.1    SW   26.4   26.4   26.4  1016.3  0.00   0.0   0.000   0.006   24.2    53   14.0   24.3   9.65 1.1724    26.7   21.1   21.7    24    1    100.0    1 
27/09/26  19:07   26.4   26.4   26.4    49   14.9   6.4   WSW   0.11   9.7   SSW   26.4   26.4   26.4  1016.2  0.00   0.0   0.000   0.006   24.2    53   14.0   24.3   9.65 1.1723    26.7   21.1   21.7    22    1     95.7    1 
27/09/26  19:08   26.4   26.4   26.4    49   14.9   6.4   WSW   0.11   9.7   WSW   26.4   26.4   26.4  1016.3  0.00   0.0   0.000   0.006   24.2    53   14.0   24.3   9.65 1.1724    26.7   21.1   21.7    23    1    100.0    1 
27/09/26  19:09   26.4   26.4   26.4    50   15.1   8.0   WSW   0.13  12.9     S   26.4   26.4   26.4  1016.3  0.00   0.0   0.000   0.006   24.3    53   14.1   24.3   9.65 1.1721    26.7   21.1   21.7    22    1     95.7    1 
27/09/26  19:10   26.4   26.4   26.4    50   15.1   3.2   SSW   0.05   8.0    SW   26.4   26.4   26.4  1016.2  0.00   0.0   0.000   0.006   24.3    53   14.1   24.3   9.65 1.1721    26.7   21.1   21.7    22    1     95.7    1 
27/09/26  19:11   26.4   26.4   26.4    50   15.1   3.2   SSW   0.05   8.0     W   26.4   26.4   26.4  1016.3  0.00   0.0   0.000   0.006   24.3    53   14.1   24.3   9.65 1.1722    26.7   21.1   21.7    24    1    100.0    1 
27/09/26  19:12   26.4   26.4   26.4    50   15.1   4.8   WSW   0.08   9.7    SW   26.4   26.4   26.4  1016.3  0.00   0.0   0.000   0.006   24.3    53   14.1   24.3   9.65 1.1722    26.7   21.1   21.7    21    1     91.3    1 
27/09/26  19:13   26.3   26.4   26.3    50   15.1   3.2   WSW   0.05   8.0     W   26.3   26.4   26.4  1016.3  0.00   0.0   0.000   0.006   24.3    53   14.1   24.3   9.65 1.1722    26.1   21.1   21.7    23    1    100.0    1 
27/09/26  19:14   26.3   26.4   26.3    50   15.1   3.2   SSW   0.05   6.4   WSW   26.3   26.4   26.4  1016.3  0.00   0.0   0.000   0.006   24.3    53   14.1   24.3   9.65 1.1722    26.1   21.1   21.7    21    1     91.3    1 
27/09/26  19:15   26.3   26.3   26.3    50   15.1   4.8    SW   0.08   6.4   WSW   26.3   26.4   26.4  1016.3  0.00   0.0   0.000   0.006   24.3    53   14.1   24.3   9.65 1.1722    26.1   21.1   21.7    23    1    100.0    1 
27/09/26  19:16   26.3   26.3   26.3    50   15.1   1.6   SSW   0.03   4.8   SSW   26.3   26.4   26.4  1016.3  0.00   0.0   0.000   0.006   24.3    53   14.1   24.3   9.65 1.1722    26.1   21.1   21.7    22    1     95.7    1 
27/09/26  19:17   26.3   26.3   26.3    50   15.0   4.8   SSW   0.08   6.4    SW   26.3   26.3   26.3  1016.3  0.00   0.0   0.000   0.006   24.3    53   14.1   24.3   9.65 1.1722    26.1   21.1   21.7    22    1     95.7    1 
27/09/26  19:18   26.3   26.3   26.3    50   15.0   4.8   SSW   0.08   8.0   SSW   26.3   26.3   26.3  1016.3  0.00   0.0   0.000   0.006   24.3    53   14.1   24.3   9.65 1.1722    26.1   21.1   21.7    23    1    100.0    1 
27/09/26  19:19   26.3   26.3   26.3    50   15.0   0.0   WSW   0.00   1.6   WSW   26.3   26.3   26.3  1016.3  0.00   0.0   0.000   0.006   24.3    53   14.1   24.3   9.65 1.1722    26.1   21.1   21.7    22    1     95.7    1 
27/09/26  19:20   26.3   26.3   26.3    50   15.0   1.6   SSE   0.03   6.4   SSE   26.3   26.3   26.3  1016.3  0.00   0.0   0.000   0.006   24.3    53   14.1   24.3   9.65 1.1722    26.1   21.1   21.7    24    1    100.0    1 
27/09/26  19:21   26.3   26.3   26.3    50   15.0   1.6   SSE   0.03   6.4   SSE   26.3   26.3   26.3  1016.4  0.00   0.0   0.000   0.006   24.3    53   14.1   24.3   9.65 1.1722    26.1   21.1   21.7    23    1    100.0    1 
27/09/26  19:22   26.3   26.3   26.3    50   15.0   1.6     S   0.03   4.8   SSW   26.3   26.3   26.3  1016.4  0.00   0.0   0.000   0.006   24.3    53   14.1   24.3   9.65 1.1722    26.1   21.1   21.7    23    1    100.0    1 
27/09/26  19:23   26.3   26.3   26.3    50   15.0   4.8    SW   0.08   8.0    SW   26.3   26.3   26.3  1016.4  0.00   0.0   0.000   0.006   24.3    53   14.1   24.3   9.65 1.1722    26.1   21.1   21.7    24    1    100.0    1 
27/09/26  19:24   26.3   26.3   26.3    50   15.0   4.8    SW   0.08   6.4   SSW   26.3   26.3   26.3  1016.3  0.00   0.0   0.000   0.006   24.3    53   14.1   24.3   9.65 1.1722    26.1   21.1   21.7    23    1    100.0    1 
27/09/26  19:25   26.3   26.3   26.3    50   15.0   1.6    SW   0.03   3.2    SW   26.3   26.3   26.3  1016.4  0.00   0.0   0.000   0.006   24.3    53   14.1   24.3   9.65 1.1722    26.1   21.1   21.7    24    1    100.0    1 
27/09/26  19:26   26.2   26.3   26.2    50   15.0   4.8    SW   0.08   6.4   WSW   26.2   26.2   26.2  1016.4  0.00   0.0   0.000   0.005   24.3    53   14.1   24.3   9.65 1.1723    26.1   21.1   21.7    23    1    100.0    1 
27/09/26  19:27   26.2   26.2   26.2    50   15.0   4.8   WSW   0.08   8.0    SW   26.2   26.2   26.2  1016.4  0.00   0.0   0.000   0.005   24.3    53   14.1   24.3   9.65 1.1723    26.1   21.1   21.7    24    1    100.0    1 
27/09/26  19:28   26.2   26.2   26.2    50   15.0   6.4    SW   0.11   8.0    SW   26.2   26.2   26.2  1016.4  0.00   0.0   0.000   0.005   24.2    53   14.0   24.3   9.65 1.1726    26.1   21.1   21.7    23    1    100.0    1 
27/09/26  19:29   26.2   26.2   26.2    50   15.0   4.8   WSW   0.08  11.3    SW   26.2   26.2   26.2  1016.5  0.00   0.0   0.000   0.005   24.3    53   14.1   24.3   9.65 1.1724    26.1   21.1   21.7    22    1     95.7    1 
27/09/26  19:30   26.2   26.2   26.2    51   15.2   3.2   WSW   0.05   4.8    SW   26.2   26.2   26.2  1016.5  0.00   0.0   0.000   0.005   24.3    53   14.1   24.3   9.65 1.1724    26.1   21.1   21.7    23    1    100.0    1 
27/09/26  19:31   26.2   26.2   26.2    51   15.2   1.6   SSW   0.03   3.2    SW   26.2   26.2   26.2  1016.5  0.00   0.0   0.000   0.005   24.3    53   14.1   24.3   9.65 1.1724    26.1   21.1   21.7    22    1     95.7    1 
27/09/26  19:32   26.2   26.2   26.2    51   15.2   1.6   SSW   0.03   6.4    SW   26.2   26.2   26.2  1016.5  0.00   0.0   0.000   0.005   24.2    53   14.0   24.3   9.65 1.1726    26.1   21.1   21.7    23    1    100.0    1 
27/09/26  19:33   26.2   26.2   26.2    51   15.2   6.4    SW   0.11   8.0   SSW   26.2   26.2   26.2  1016.5  0.00   0.0   0.000   0.005   24.2    53   14.0   24.3   9.65 1.1727    26.1   21.1   21.7    23    1    100.0    1 
27/09/26  19:34   26.2   26.2   26.1    51   15.2   3.2    SW   0.05   6.4     W   26.2   26.2   26.2  1016.5  0.00   0.0   0.000   0.005   24.2    53   14.0   24.3   9.65 1.1727    26.1   21.1   21.7    23    1    100.0    1 
27/09/26  19:35   26.1   26.1   26.1    51   15.2   4.8    SW   0.08   8.0   WSW   26.1   26.2   26.2  1016.5  0.00   0.0   0.000   0.005   24.2    53   14.0   24.3   9.65 1.1726    26.1   21.1   21.7    23    1    100.0    1 
27/09/26  19:36   26.1   26.1   26.1    51   15.2   3.2   SSW   0.05   6.4    SW   26.1   26.2   26.2  1016.5  0.00   0.0   0.000   0.005   24.2    53   14.0   24.3   9.65 1.1727    26.1   21.1   21.7    23    1    100.0    1 
27/09/26  19:37   26.1   26.1   26.1    51   15.1   0.0   SSW   0.00   3.2   SSW   26.1   26.1   26.1  1016.5  0.00   0.0   0.000   0.005   24.2    53   14.0   24.3   9.65 1.1727    26.1   21.1   21.7    24    1    100.0    1 
27/09/26  19:38   26.1   26.1   26.1    51   15.1   3.2   SSW   0.05   9.7   WSW   26.1   26.1   26.1  1016.5  0.00   0.0   0.000   0.005   24.2    53   14.0   24.3   9.65 1.1727    26.1   21.1   21.7    23    1    100.0    1 
27/09/26  19:39   26.1   26.1   26.1    51   15.1   4.8    SW   0.08   9.7    SW   26.1   26.1   26.1  1016.5  0.00   0.0   0.000   0.005   24.2    53   14.0   24.3   9.65 1.1727    26.1   21.1   21.7    24    1    100.0    1 
27/09/26  19:40   26.0   26.1   26.0    51   15.1   6.4    SW   0.11   8.0   SSW   26.0   26.1   26.1  1016.6  0.00   0.0   0.000   0.005   24.2    53   14.0   24.3   9.65 1.1728    26.1   21.1   21.7    23    1    100.0    1 
27/09/26  19:41   26.0   26.0   26.0    51   15.1   4.8     W   0.08   9.7    SW   26.0   26.1   26.1  1016.5  0.00   0.0   0.000   0.005   24.2    53   14.0   24.3   9.65 1.1727    26.1   21.1   21.7    23    1    100.0    1 
27/09/26  19:42   25.9   26.0   25.9    51   15.0   3.2    SW   0.05   6.4    SW   25.9   26.0   26.0  1016.5  0.00   0.0   0.000   0.005   24.2    53   14.0   24.3   9.65 1.1727    26.1   21.1   21.7    24    1    100.0    1 
27/09/26  19:43   25.9   25.9   25.9    51   15.0   3.2    SW   0.05   8.0   WSW   25.9   26.0   26.0  1016.6  0.00   0.0   0.000   0.005   24.2    53   14.0   24.3   9.65 1.1728    26.1   21.1   21.7    23    1    100.0    1 
27/09/26  19:44   25.9   25.9   25.9    51   15.0   4.8   SSW   0.08   9.7   WSW   25.9   26.0   26.0  1016.6  0.00   0.0   0.000   0.005   24.2    53   14.0   24.3   9.65 1.1728    26.1   21.1   21.7    24    1    100.0    1 
27/09/26  19:45   25.9   25.9   25.9    51   15.0   1.6     S   0.03   3.2     S   25.9   25.9   25.9  1016.6  0.00   0.0   0.000   0.005   24.2    53   14.0   24.3   9.65 1.1728    26.1   21.1   21.7    23    1    100.0    1 
27/09/26  19:46   25.9   25.9   25.9    51   15.0   1.6    SW   0.03   4.8   WSW   25.9   25.9   25.9  1016.6  0.00   0.0   0.000   0.005   24.2    53   14.0   24.3   9.65 1.1728    26.1   21.1   21.7    23    1    100.0    1 
27/09/26  19:47   25.9   25.9   25.9    51   15.0   3.2   WSW   0.05   4.8   SSW   25.9   25.9   25.9  1016.6  0.00   0.0   0.000   0.005   24.2    53   14.0   24.3   9.65 1.1728    26.1   21.1   21.7    22    1     95.7    1 
27/09/26  19:48   25.9   25.9   25.9    51   15.0   3.2     S   0.05   4.8    SW   25.9   25.9   25.9  1016.6  0.00   0.0   0.000   0.005   24.2    53   14.0   24.3   9.65 1.1728    26.1   21.1   21.7    23    1    100.0    1 
27/09/26  19:49   25.8   25.9   25.8    51   14.9   1.6     S   0.03   3.2     S   25.8   25.9   25.9  1016.6  0.00   0.0   0.000   0.005   24.2    53   14.0   24.3   9.65 1.1728    26.1   21.1   21.7    24    1    100.0    1 
27/09/26  19:50   25.8   25.9   25.8    51   14.9   4.8   SSW   0.08   8.0   SSW   25.8   25.9   25.9  1016.6  0.00   0.0   0.000   0.005   24.2    53   14.0   24.3   9.65 1.1728    26.1   21.1   21.7    23    1    100.0    1 
27/09/26  19:51   25.8   25.8   25.8    51   14.9   4.8    SW   0.08   8.0   WSW   25.8   25.9   25.9  1016.6  0.00   0.0   0.000   0.005   24.2    53   14.0   24.3   9.65 1.1728    26.1   21.1   21.7    22    1     95.7    1 
27/09/26  19:52   25.8   25.8   25.8    51   14.9   3.2   SSW   0.05   6.4     S   25.8   25.9   25.9  1016.6  0.00   0.0   0.000   0.005   24.2    53   14.0   24.3   9.65 1.1728    26.1   21.1   21.7    24    1    100.0    1 
27/09/26  19:53   25.8   25.8   25.8    51   14.9   3.2    SW   0.05   4.8    SW   25.8   25.9   25.9  1016.6  0.00   0.0   0.000   0.005   24.2    53   14.0   24.3   9.65 1.1728    26.1   21.1   21.7    22    1     95.7    1 
27/09/26  19:54   25.8   25.8   25.8    51   14.9   4.8   SSW   0.08   8.0   WSW   25.8   25.8   25.8  1016.6  0.00   0.0   0.000   0.005   24.2    53   14.0   24.3   9.65 1.1728    25.6   21.1   21.7    24    1    100.0    1 
27/09/26  19:55   25.8   25.8   25.8    51   14.9   6.4   WSW   0.11  11.3   WSW   25.8   25.8   25.8  1016.6  0.00   0.0   0.000   0.005   24.2    53   14.0   24.3   9.65 1.1728    25.6   21.1   21.7    22    1     95.7    1 
27/09/26  19:56   25.8   25.8   25.8    51   14.9   4.8   WSW   0.08  11.3   SSW   25.8   25.8   25.8  1016.7  0.00   0.0   0.000   0.005   24.2    53   14.0   24.3   9.65 1.1729    25.6   21.1   21.7    24    1    100.0    1 
27/09/26  19:57   25.8   25.8   25.8    51   14.9   3.2   WSW   0.05   4.8   WSW   25.8   25.8   25.8  1016.6  0.00   0.0   0.000   0.005   24.2    53   14.0   24.3   9.65 1.1728    25.6   21.1   21.7    22    1     95.7    1 
27/09/26  19:58   25.7   25.8   25.7    51   14.8   3.2     S   0.05   6.4   WSW   25.7   25.8   25.8  1016.6  0.00   0.0   0.000   0.005   24.2    53   14.0   24.3   9.65 1.1728    25.6   21.1   21.7    23    1    100.0    1 
27/09/26  19:59   25.7   25.7   25.7    51   14.8   6.4   SSW   0.11   9.7     S   25.7   25.8   25.8  1016.6  0.00   0.0   0.000   0.005   24.2    53   14.0   24.3   9.65 1.1728    25.6   21.1   21.7    23    1    100.0    1 
27/09/26  20:00   25.7   25.7   25.7    51   14.8   8.0    SW   0.13   9.7   WSW   25.7   25.8   25.8  1016.7  0.00   0.0   0.000   0.005   24.2    53   14.0   24.3   9.65 1.1729    25.6   21.1   21.7    22    1     95.7    1 
27/09/26  20:01   25.7   25.7   25.7    51   14.8   4.8   WSW   0.08   9.7    SW   25.7   25.7   25.7  1016.6  0.00   0.0   0.000   0.005   24.2    53   14.0   24.3   9.65 1.1728    25.6   21.1   21.7    22    1     95.7    1 
27/09/26  20:02   25.7   25.7   25.7    51   14.8   3.2    SW   0.05   4.8    SW   25.7   25.7   25.7  1016.6  0.00   0.0   0.000   0.005   24.2    53   14.0   24.3   9.65 1.1728    25.6   21.1   21.7    21    1     91.3    1 
27/09/26  20:03   25.7   25.7   25.7    51   14.8   1.6    SW   0.03   4.8    SW   25.7   25.7   25.7  1016.7  0.00   0.0   0.000   0.005   24.2    53   14.0   24.3   9.65 1.1729    25.6   21.1   21.7    23    1    100.0    1 
27/09/26  20:04   25.7   25.7   25.7    51   14.8   3.2   WSW   0.05   6.4   SSW   25.7   25.7   25.7  1016.7  0.00   0.0   0.000   0.005   24.2    53   14.0   24.3   9.65 1.1729    25.6   21.1   21.7    24    1    100.0    1 
27/09/26  20:05   25.6   25.7   25.6    51   14.7   3.2   SSW   0.05   4.8   WSW   25.6   25.7   25.7  1016.7  0.00   0.0   0.000   0.005   24.2    53   14.0   24.3   9.65 1.1729    25.6   21.1   21.7    23    1    100.0    1 
27/09/26  20:06   25.6   25.6   25.6    51   14.7   1.6   SSW   0.03   3.2   SSW   25.6   25.7   25.7  1016.7  0.00   0.0   0.000   0.005   24.2    53   14.0   24.3   9.65 1.1729    25.6   21.1   21.7    24    1    100.0    1 
27/09/26  20:07   25.6   25.6   25.6    51   14.7   1.6   SSW   0.03   3.2   SSW   25.6   25.7   25.7  1016.7  0.00   0.0   0.000   0.005   24.2    53   14.0   24.3   9.65 1.1729    25.6   21.1   21.7    22    1     95.7    1 
27/09/26  20:08   25.6   25.6   25.6    51   14.7   3.2     S   0.05   8.0   SSW   25.6   25.7   25.7  1016.7  0.00   0.0   0.000   0.005   24.2    53   14.0   24.3   9.65 1.1729    25.6   21.1   21.7    24    1    100.0    1 
27/09/26  20:09   25.6   25.6   25.6    51   14.7   3.2    SW   0.05   6.4     S   25.6   25.7   25.7  1016.6  0.00   0.0   0.000   0.005   24.2    53   14.0   24.3   9.65 1.1728    25.6   21.1   21.7    23    1    100.0    1 
27/09/26  20:10   25.6   25.6   25.6    51   14.7   6.4   SSW   0.11  14.5    SW   25.6   25.6   25.6  1016.6  0.00   0.0   0.000   0.005   24.2    53   14.0   24.3   9.65 1.1728    25.6   21.1   21.7    23    1    100.0    1 
27/09/26  20:11   25.6   25.6   25.6    51   14.7   9.7    SW   0.16  11.3    SW   25.6   25.6   25.6  1016.7  0.00   0.0   0.000   0.005   24.2    53   14.0   24.3   9.65 1.1729    25.6   21.1   21.7    24    1    100.0    1 
27/09/26  20:12   25.6   25.6   25.6    51   14.7   6.4    SW   0.11  11.3    SW   25.6   25.6   25.6  1016.6  0.00   0.0   0.000   0.005   24.2    53   14.0   24.3   9.65 1.1728    25.6   21.1   21.7    21    1     91.3    1 
27/09/26  20:13   25.6   25.6   25.6    51   14.7   1.6   WSW   0.03   4.8   WSW   25.6   25.6   25.6  1016.6  0.00   0.0   0.000   0.005   24.2    53   14.0   24.3   9.65 1.1728    25.6   21.1   21.7    24    1    100.0    1 
27/09/26  20:14   25.5   25.6   25.5    51   14.6   1.6   WSW   0.03   1.6   WSW   25.5   25.5   25.5  1016.7  0.00   0.0   0.000   0.005   24.2    53   14.0   24.3   9.65 1.1729    25.6   21.1   21.7    22    1     95.7    1 
27/09/26  20:15   25.5   25.5   25.5    51   14.6   0.0   WSW   0.00   1.6   WSW   25.5   25.5   25.5  1016.7  0.00   0.0   0.000   0.005   24.2    53   14.0   24.3   9.65 1.1729    25.6   21.1   21.7    23    1    100.0    1 
27/09/26  20:16   25.5   25.5   25.5    51   14.6   4.8    SW   0.08   8.0    SW   25.5   25.5   25.5  1016.7  0.00   0.0   0.000   0.005   24.2    53   14.0   24.3   9.65 1.1729    25.6   21.1   21.7    23    1    100.0    1 
27/09/26  20:17   25.5   25.5   25.5    51   14.6   1.6    SW   0.03   3.2    SW   25.5   25.5   25.5  1016.7  0.00   0.0   0.000   0.005   24.2    53   14.0   24.3   9.65 1.1729    25.6   21.1   21.7    22    1     95.7    1 
27/09/26  20:18   25.5   25.5   25.5    51   14.6   4.8   WSW   0.08   6.4    SW   25.5   25.5   25.5  1016.7  0.00   0.0   0.000   0.005   24.2    53   14.0   24.3   9.65 1.1729    25.6   21.1   21.7    23    1    100.0    1 
27/09/26  20:19   25.5   25.5   25.5    51   14.6   1.6   WSW   0.03   4.8   WSW   25.5   25.5   25.5  1016.7  0.00   0.0   0.000   0.005   24.2    53   14.0   24.3   9.65 1.1730    25.6   21.1   21.7    21    1     91.3    1 
27/09/26  20:20   25.4   25.4   25.4    51   14.6   1.6   WSW   0.03   4.8   WNW   25.4   25.4   25.4  1016.7  0.00   0.0   0.000   0.005   24.2    53   14.0   24.3   9.65 1.1729    25.6   21.1   21.7    23    1    100.0    1 
27/09/26  20:21   25.4   25.4   25.4    51   14.6   4.8   WSW   0.08   9.7   WSW   25.4   25.4   25.4  1016.7  0.00   0.0   0.000   0.005   24.2    53   14.0   24.3   9.65 1.1729    25.6   21.1   21.7    23    1    100.0    1 
27/09/26  20:22   25.4   25.4   25.4    51   14.6   4.8    SW   0.08   6.4     W   25.4   25.4   25.4  1016.7  0.00   0.0   0.000   0.005   24.2    53   14.0   24.3   9.65 1.1729    25.6   21.1   21.7    22    1     95.7    1 
27/09/26  20:23   25.4   25.4   25.4    51   14.5   3.2    SW   0.05   4.8    SW   25.4   25.4   25.4  1016.7  0.00   0.0   0.000   0.005   24.2    53   14.0   24.3   9.65 1.1729    25.6   21.1   21.7    23    1    100.0    1 
27/09/26  20:24   25.4   25.4   25.4    51   14.5   3.2    SW   0.05   6.4    SW   25.4   25.4   25.4  1016.7  0.00   0.0   0.000   0.005   24.2    53   14.0   24.3   9.65 1.1730    25.6   21.1   21.7    23    1    100.0    1 
27/09/26  20:25   25.4   25.4   25.4    51   14.5   3.2   WSW   0.05   4.8    SW   25.4   25.4   25.4  1016.7  0.00   0.0   0.000   0.005   24.2    53   14.0   24.3   9.65 1.1729    25.6   21.1   21.7    23    1    100.0    1 
27/09/26  20:26   25.4   25.4   25.3    51   14.5   0.0   WSW   0.00   3.2   SSW   25.4   25.4   25.4  1016.7  0.00   0.0   0.000   0.005   24.2    53   14.0   24.3   9.65 1.1729    25.6   21.1   21.7    23    1    100.0    1 
27/09/26  20:27   25.3   25.4   25.3    51   14.5   4.8   SSW   0.08   9.7    SW   25.3   25.3   25.3  1016.7  0.00   0.0   0.000   0.005   24.2    53   14.0   24.3   9.65 1.1729    25.6   21.1   21.7    22    1     95.7    1 
27/09/26  20:28   25.3   25.3   25.3    51   14.5   3.2   WSW   0.05   4.8   WSW   25.3   25.3   25.3  1016.7  0.00   0.0   0.000   0.005   24.2    53   14.0   24.3   9.65 1.1729    25.6   21.1   21.7    24    1    100.0    1 
27/09/26  20:29   25.3   25.3   25.3    51   14.5   4.8    SW   0.08   9.7    SW   25.3   25.3   25.3  1016.7  0.00   0.0   0.000   0.005   24.2    53   14.0   24.3   9.65 1.1729    25.6   21.1   21.7    20    1     87.0    1 
27/09/26  20:30   25.3   25.3   25.3    51   14.4   3.2   WSW   0.05   8.0   WSW   25.3   25.3   25.3  1016.7  0.00   0.0   0.000   0.005   24.2    53   14.0   24.3   9.65 1.1729    25.6   21.1   21.7    24    1    100.0    1 
27/09/26  20:31   25.3   25.3   25.3    51   14.4   3.2    SW   0.05   4.8    SW   25.3   25.3   25.3  1016.8  0.00   0.0   0.000   0.005   24.2    53   14.0   24.3   9.65 1.1730    25.6   21.1   21.7    21    1     91.3    1 
27/09/26  20:32   25.3   25.3   25.3    51   14.4   3.2    SW   0.05   3.2    SW   25.3   25.3   25.3  1016.8  0.00   0.0   0.000   0.005   24.2    53   14.0   24.3   9.65 1.1730    25.6   21.1   21.7    23    1    100.0    1 
27/09/26  20:33   25.3   25.3   25.3    51   14.4   1.6   WSW   0.03   3.2   WSW   25.3   25.3   25.3  1016.8  0.00   0.0   0.000   0.005   24.2    53   14.0   24.3   9.65 1.1730    25.6   21.1   21.7    23    1    100.0    1 
27/09/26  20:34   25.3   25.3   25.3    51   14.4   1.6   SSE   0.03   3.2   WSW   25.3   25.3   25.3  1016.8  0.00   0.0   0.000   0.005   24.2    53   14.0   24.3   9.65 1.1730    25.6   21.1   21.7    22    1     95.7    1 
27/09/26  20:35   25.3   25.3   25.3    51   14.4   1.6   SSE   0.03   3.2   SSE   25.3   25.3   25.3  1016.8  0.00   0.0   0.000   0.005   24.2    53   14.0   24.3   9.65 1.1730    25.6   21.1   21.7    24    1    100.0    1 
27/09/26  20:36   25.3   25.3   25.3    51   14.4   1.6     S   0.03   3.2     S   25.3   25.3   25.3  1016.8  0.00   0.0   0.000   0.005   24.2    53   14.0   24.3   9.65 1.1730    25.6   21.1   21.7    22    1     95.7    1 
27/09/26  20:37   25.2   25.2   25.2    51   14.4   1.6     W   0.03   4.8     W   25.2   25.2   25.2  1016.8  0.00   0.0   0.000   0.005   24.2    53   14.0   24.3   9.65 1.1731    25.0   21.1   21.7    24    1    100.0    1 
27/09/26  20:38   25.2   25.2   25.2    51   14.4   1.6     W   0.03   3.2     W   25.2   25.2   25.2  1016.8  0.00   0.0   0.000   0.005   24.2    53   14.0   24.3   9.65 1.1731    25.0   21.1   21.7    22    1     95.7    1 
27/09/26  20:39   25.2   25.2   25.2    51   14.4   1.6     W   0.03   3.2     W   25.2   25.2   25.2  1016.9  0.00   0.0   0.000   0.005   24.2    53   14.0   24.3   9.65 1.1731    25.0   21.1   21.7    23    1    100.0    1 
27/09/26  20:40   25.2   25.2   25.2    51   14.4   1.6     W   0.03   3.2     W   25.2   25.2   25.2  1016.9  0.00   0.0   0.000   0.005   24.2    53   14.0   24.3   9.65 1.1731    25.0   21.1   21.7    23    1    100.0    1 
27/09/26  20:41   25.2   25.2   25.2    51   14.4   1.6   WSW   0.03   3.2   WSW   25.2   25.2   25.2  1016.9  0.00   0.0   0.000   0.005   24.2    53   14.0   24.3   9.65 1.1731    25.0   21.1   21.7    23    1    100.0    1 
27/09/26  20:42   25.2   25.2   25.2    51   14.3   1.6    NW   0.03   3.2   WSW   25.2   25.2   25.2  1016.9  0.00   0.0   0.000   0.005   24.2    53   14.0   24.3   9.65 1.1732    25.0   21.1   21.7    23    1    100.0    1 
27/09/26  20:43   25.2   25.2   25.2    51   14.3   0.0    NW   0.00   3.2    NW   25.2   25.2   25.2  1017.0  0.00   0.0   0.000   0.005   24.2    53   14.0   24.3   9.65 1.1732    25.0   21.1   21.7    22    1     95.7    1 
27/09/26  20:44   25.2   25.2   25.1    51   14.3   1.6   WNW   0.03   3.2   WNW   25.2   25.2   25.2  1016.9  0.00   0.0   0.000   0.005   24.2    53   14.0   24.3   9.65 1.1732    25.0   21.1   21.7    23    1    100.0    1 
27/09/26  20:45   25.1   25.1   25.1    51   14.3   0.0   WSW   0.00   3.2   WSW   25.1   25.1   25.1  1017.0  0.00   0.0   0.000   0.005   24.2    53   14.0   24.3   9.65 1.1733    25.0   21.1   21.7    24    1    100.0    1 
27/09/26  20:46   25.1   25.1   25.1    51   14.3   1.6   WSW   0.03   3.2   WSW   25.1   25.1   25.1  1017.0  0.00   0.0   0.000   0.005   24.2    53   14.0   24.3   9.65 1.1733    25.0   21.1   21.7    23    1    100.0    1 
27/09/26  20:47   25.1   25.1   25.1    51   14.3   1.6   WSW   0.03   3.2   WSW   25.1   25.1   25.1  1017.0  0.00   0.0   0.000   0.005   24.2    53   14.0   24.3   9.65 1.1732    25.0   21.1   21.7    23    1    100.0    1 
27/09/26  20:48   25.1   25.1   25.1    52   14.6   1.6   WSW   0.03   3.2   WSW   25.1   25.1   25.1  1017.0  0.00   0.0   0.000   0.005   24.2    53   14.0   24.3   9.65 1.1733    25.0   21.1   21.7    22    1     95.7    1 
27/09/26  20:49   25.1   25.1   25.1    51   14.2   1.6    SW   0.03   4.8    SW   25.1   25.1   25.1  1017.0  0.00   0.0   0.000   0.005   24.2    53   14.0   24.3   9.65 1.1733    25.0   21.1   21.7    24    1    100.0    1 
27/09/26  20:50   25.1   25.1   25.1    52   14.5   0.0    SW   0.00   1.6    SW   25.1   25.1   25.1  1017.0  0.00   0.0   0.000   0.005   24.2    53   14.0   24.3   9.65 1.1733    25.0   21.1   21.7    23    1    100.0    1 
27/09/26  20:51   25.1   25.1   25.1    52   14.5   1.6   WSW   0.03   3.2   WSW   25.1   25.1   25.1  1017.0  0.00   0.0   0.000   0.005   24.2    53   14.0   24.3   9.65 1.1733    25.0   21.1   21.7    23    1    100.0    1 
27/09/26  20:52   25.1   25.1   25.0    52   14.5   1.6   WSW   0.03   1.6   WSW   25.1   25.1   25.1  1017.0  0.00   0.0   0.000   0.005   24.2    53   14.0   24.3   9.65 1.1733    25.0   21.1   21.7    24    1    100.0    1 
27/09/26  20:53   25.0   25.0   25.0    52   14.5   1.6   WSW   0.03   4.8   WSW   25.0   25.0   25.0  1017.0  0.00   0.0   0.000   0.005   24.2    53   14.0   24.3   9.65 1.1733    25.0   21.1   21.7    23    1    100.0    1 
27/09/26  20:54   25.0   25.0   25.0    52   14.5   1.6     W   0.03   3.2   WSW   25.0   25.0   25.0  1017.0  0.00   0.0   0.000   0.005   24.2    53   14.0   24.3   9.65 1.1732    25.0   21.1   21.7    24    1    100.0    1 
27/09/26  20:55   25.0   25.0   25.0    52   14.5   3.2     W   0.05   4.8     W   25.0   25.0   25.0  1017.0  0.00   0.0   0.000   0.005   24.2    53   14.0   24.3   9.65 1.1732    25.0   21.1   21.7    23    1    100.0    1 
27/09/26  20:56   24.9   25.0   24.9    52   14.4   1.6     W   0.03   4.8   WSW   24.9   24.9   24.9  1017.0  0.00   0.0   0.000   0.005   24.2    53   14.0   24.3   9.65 1.1732    25.0   21.1   21.7    23    1    100.0    1 
27/09/26  20:57   24.9   24.9   24.9    52   14.4   1.6   WSW   0.03   4.8   WSW   24.9   24.9   24.9  1017.1  0.00   0.0   0.000   0.005   24.2    53   14.0   24.3   9.65 1.1734    25.0   21.1   21.7    24    1    100.0    1 
27/09/26  20:58   24.9   24.9   24.9    52   14.4   0.0   WSW   0.00   1.6   WSW   24.9   24.9   24.9  1017.0  0.00   0.0   0.000   0.005   24.2    53   14.0   24.3   9.65 1.1733    25.0   21.1   21.7    23    1    100.0    1 
27/09/26  20:59   24.9   24.9   24.9    52   14.4   3.2     W   0.05   4.8     W   24.9   24.9   24.9  1017.0  0.00   0.0   0.000   0.005   24.2    53   14.0   24.3   9.65 1.1733    25.0   21.1   21.7    24    1    100.0    1 
27/09/26  21:00   24.9   24.9   24.9    52   14.4   3.2     W   0.05   4.8     W   24.9   24.9   24.9  1017.0  0.00   0.0   0.000   0.005   24.2    53   14.0   24.3   9.65 1.1733    25.0   21.1   21.7    23    1    100.0    1 
27/09/26  21:01   24.9   24.9   24.9    52   14.4   1.6     W   0.03   4.8     W   24.9   24.9   24.9  1017.0  0.00   0.0   0.000   0.005   24.2    52   13.7   24.2   9.54 1.1737    25.0   21.1   21.7    24    1    100.0    1 
27/09/26  21:02   24.8   24.8   24.8    52   14.3   3.2     W   0.05   4.8     W   24.8   24.8   24.8  1017.0  0.00   0.0   0.000   0.005   24.2    52   13.7   24.2   9.54 1.1737    25.0   21.1   21.7    22    1     95.7    1 
27/09/26  21:03   24.8   24.8   24.8    52   14.3   3.2     W   0.05   4.8     W   24.8   24.8   24.8  1017.0  0.00   0.0   0.000   0.005   24.2    52   13.7   24.2   9.54 1.1736    25.0   21.1   21.7    23    1    100.0    1 
27/09/26  21:04   24.8   24.8   24.8    52   14.3   3.2     W   0.05   6.4     W   24.8   24.8   24.8  1017.0  0.00   0.0   0.000   0.004   24.2    52   13.7   24.2   9.54 1.1736    25.0   21.1   21.7    24    1    100.0    1 
27/09/26  21:05   24.8   24.8   24.8    52   14.3   0.0     W   0.00   1.6     W   24.8   24.8   24.8  1017.0  0.00   0.0   0.000   0.004   24.2    52   13.7   24.2   9.54 1.1737    25.0   21.1   21.7    23    1    100.0    1 
27/09/26  21:06   24.8   24.8   24.8    52   14.3   1.6     W   0.03   3.2     W   24.8   24.8   24.8  1017.0  0.00   0.0   0.000   0.004   24.2    52   13.7   24.2   9.54 1.1737    25.0   21.1   21.7    23    1    100.0    1 
27/09/26  21:07   24.8   24.8   24.8    53   14.5   0.0     W   0.00   1.6     W   24.8   24.8   24.8  1017.0  0.00   0.0   0.000   0.004   24.2    52   13.7   24.2   9.54 1.1736    25.0   21.1   21.7    22    1     95.7    1 
27/09/26  21:08   24.7   24.8   24.7    53   14.5   0.0     W   0.00   1.6     W   24.7   24.8   24.8  1017.0  0.00   0.0   0.000   0.004   24.2    52   13.7   24.2   9.54 1.1737    25.0   21.1   21.7    22    1     95.7    1 
27/09/26  21:09   24.7   24.7   24.7    53   14.5   0.0   ---   0.00   0.0   ---   24.7   24.8   24.8  1017.1  0.00   0.0   0.000   0.004   24.2    52   13.7   24.2   9.54 1.1737    25.0   21.1   21.7    23    1    100.0    1 
27/09/26  21:10   24.7   24.7   24.7    53   14.5   1.6     W   0.03   3.2     W   24.7   24.8   24.8  1017.0  0.00   0.0   0.000   0.004   24.2    52   13.7   24.2   9.54 1.1737    25.0   21.1   21.7    23    1    100.0    1 
27/09/26  21:11   24.7   24.7   24.7    53   14.5   4.8   WSW   0.08   6.4   WSW   24.7   24.8   24.8  1017.1  0.00   0.0   0.000   0.004   24.2    52   13.7   24.2   9.54 1.1737    25.0   21.1   21.7    24    1    100.0    1 
27/09/26  21:12   24.7   24.7   24.7    53   14.5   3.2   WNW   0.05   4.8     W   24.7   24.8   24.8  1017.1  0.00   0.0   0.000   0.004   24.2    52   13.7   24.2   9.54 1.1737    25.0   21.1   21.7    23    1    100.0    1 
27/09/26  21:13   24.7   24.7   24.7    53   14.5   1.6   WNW   0.03   4.8     W   24.7   24.8   24.8  1017.1  0.00   0.0   0.000   0.004   24.2    52   13.7   24.2   9.54 1.1737    25.0   21.1   21.7    24    1    100.0    1 
27/09/26  21:14   24.7   24.7   24.7    53   14.4   1.6     W   0.03   4.8   WSW   24.7   24.7   24.7  1017.1  0.00   0.0   0.000   0.004   24.2    52   13.7   24.2   9.54 1.1737    24.4   21.1   21.7    23    1    100.0    1 
27/09/26  21:15   24.7   24.7   24.7    53   14.4   1.6     W   0.03   3.2     W   24.7   24.7   24.7  1017.1  0.00   0.0   0.000   0.004   24.2    52   13.7   24.2   9.54 1.1737    24.4   21.1   21.7    23    1    100.0    1 
27/09/26  21:16   24.7   24.7   24.7    53   14.4   0.0     W   0.00   1.6     W   24.7   24.7   24.7  1017.1  0.00   0.0   0.000   0.004   24.2    52   13.7   24.2   9.54 1.1738    24.4   21.1   21.7    23    1    100.0    1 
27/09/26  21:17   24.7   24.7   24.7    53   14.4   1.6     W   0.03   1.6     W   24.7   24.7   24.7  1017.1  0.00   0.0   0.000   0.004   24.2    52   13.7   24.2   9.54 1.1737    24.4   21.1   21.7    22    1     95.7    1 
27/09/26  21:18   24.6   24.6   24.6    53   14.4   0.0     W   0.00   1.6     W   24.6   24.7   24.7  1017.1  0.00   0.0   0.000   0.004   24.2    52   13.7   24.2   9.54 1.1737    24.4   21.1   21.7    24    1    100.0    1 
27/09/26  21:19   24.6   24.6   24.6    53   14.4   1.6     N   0.03   3.2     N   24.6   24.7   24.7  1017.1  0.00   0.0   0.000   0.004   24.2    52   13.7   24.2   9.54 1.1738    24.4   21.1   21.7    21    1     91.3    1 
27/09/26  21:20   24.6   24.6   24.6    53   14.4   0.0     N   0.00   1.6     N   24.6   24.7   24.7  1017.1  0.00   0.0   0.000   0.004   24.2    52   13.7   24.2   9.54 1.1738    24.4   21.1   21.7    23    1    100.0    1 
27/09/26  21:21   24.6   24.6   24.6    53   14.3   0.0     N   0.00   1.6     N   24.6   24.6   24.6  1017.2  0.00   0.0   0.000   0.004   24.2    52   13.7   24.2   9.54 1.1738    24.4   21.1   21.7    23    1    100.0    1 
27/09/26  21:22   24.6   24.6   24.6    53   14.3   3.2   WNW   0.05   4.8   WNW   24.6   24.6   24.6  1017.1  0.00   0.0   0.000   0.004   24.2    52   13.7   24.2   9.54 1.1738    24.4   21.1   21.7    23    1    100.0    1 
27/09/26  21:23   24.6   24.6   24.6    53   14.3   3.2   WNW   0.05   4.8   WNW   24.6   24.6   24.6  1017.1  0.00   0.0   0.000   0.004   24.2    52   13.7   24.2   9.54 1.1738    24.4   21.1   21.7    23    1    100.0    1 
27/09/26  21:24   24.5   24.6   24.5    53   14.3   3.2    NW   0.05   4.8   WNW   24.5   24.6   24.6  1017.2  0.00   0.0   0.000   0.004   24.2    52   13.7   24.2   9.54 1.1738    24.4   21.1   21.7    23    1    100.0    1 
27/09/26  21:25   24.5   24.5   24.5    53   14.3   1.6    NW   0.03   4.8    NW   24.5   24.6   24.6  1017.1  0.00   0.0   0.000   0.004   24.2    52   13.7   24.2   9.54 1.1738    24.4   21.1   21.7    22    1     95.7    1 
27/09/26  21:26   24.5   24.5   24.5    53   14.3   4.8   WNW   0.08   4.8   WNW   24.5   24.6   24.6  1017.2  0.00   0.0   0.000   0.004   24.2    52   13.7   24.2   9.54 1.1739    24.4   21.1   21.7    22    1     95.7    1 
27/09/26  21:27   24.4   24.5   24.4    53   14.2   0.0    NW   0.00   1.6    NW   24.4   24.5   24.5  1017.2  0.00   0.0   0.000   0.004   24.2    52   13.7   24.2   9.54 1.1738    24.4   21.1   21.7    23    1    100.0    1 
27/09/26  21:28   24.4   24.4   24.4    53   14.2   1.6    NW   0.03   3.2    NW   24.4   24.5   24.5  1017.2  0.00   0.0   0.000   0.004   24.2    52   13.7   24.2   9.54 1.1739    24.4   21.1   21.7    24    1    100.0    1 
27/09/26  21:29   24.4   24.4   24.4    53   14.2   1.6    NW   0.03   4.8    NW   24.4   24.5   24.5  1017.2  0.00   0.0   0.000   0.004   24.2    52   13.7   24.2   9.54 1.1739    24.4   21.1   21.7    22    1     95.7    1 
27/09/26  21:30   24.4   24.4   24.4    53   14.2   1.6    NW   0.03   3.2    NW   24.4   24.5   24.5  1017.2  0.00   0.0   0.000   0.004   24.2    52   13.7   24.2   9.54 1.1738    24.4   21.1   21.7    24    1    100.0    1 
27/09/26  21:31   24.4   24.4   24.4    53   14.2   0.0    NW   0.00   1.6    NW   24.4   24.4   24.4  1017.2  0.00   0.0   0.000   0.004   24.2    52   13.7   24.2   9.54 1.1739    24.4   21.1   21.7    23    1    100.0    1 
27/09/26  21:32   24.4   24.4   24.4    53   14.2   0.0   ---   0.00   0.0   ---   24.4   24.4   24.4  1017.2  0.00   0.0   0.000   0.004   24.2    52   13.7   24.2   9.54 1.1739    24.4   21.1   21.7    23    1    100.0    1 
27/09/26  21:33   24.4   24.4   24.4    53   14.2   3.2    NW   0.05   4.8    NW   24.4   24.4   24.4  1017.2  0.00   0.0   0.000   0.004   24.2    52   13.7   24.2   9.54 1.1738    24.4   21.1   21.7    24    1    100.0    1 
27/09/26  21:34   24.4   24.4   24.4    53   14.2   4.8    NW   0.08   6.4    NW   24.4   24.4   24.4  1017.2  0.00   0.0   0.000   0.004   24.2    52   13.7   24.2   9.54 1.1739    24.4   21.1   21.7    22    1     95.7    1 
27/09/26  21:35   24.3   24.3   24.3    53   14.1   1.6    NW   0.03   3.2    NW   24.3   24.4   24.4  1017.2  0.00   0.0   0.000   0.004   24.2    52   13.7   24.2   9.54 1.1739    24.4   21.1   21.7    24    1    100.0    1 
27/09/26  21:36   24.3   24.3   24.3    54   14.4   1.6    NW   0.03   3.2    NW   24.3   24.4   24.4  1017.2  0.00   0.0   0.000   0.004   24.2    52   13.7   24.2   9.54 1.1739    24.4   21.1   21.7    22    1     95.7    1 
27/09/26  21:37   24.3   24.3   24.3    54   14.4   3.2    NW   0.05   4.8    NW   24.3   24.4   24.4  1017.3  0.00   0.0   0.000   0.004   24.2    52   13.7   24.2   9.54 1.1739    24.4   21.1   21.7    23    1    100.0    1 
27/09/26  21:38   24.3   24.3   24.3    54   14.4   3.2   WNW   0.05   4.8   WNW   24.3   24.3   24.3  1017.3  0.00   0.0   0.000   0.004   24.2    52   13.7   24.2   9.54 1.1739    24.4   21.1   21.7    23    1    100.0    1 
27/09/26  21:39   24.3   24.3   24.3    54   14.4   3.2   WNW   0.05   6.4   WNW   24.3   24.3   24.3  1017.3  0.00   0.0   0.000   0.004   24.2    52   13.7   24.2   9.54 1.1739    24.4   21.1   21.7    23    1    100.0    1 
27/09/26  21:40   24.3   24.3   24.3    54   14.4   3.2   WNW   0.05   4.8   WNW   24.3   24.3   24.3  1017.3  0.00   0.0   0.000   0.004   24.2    52   13.7   24.2   9.54 1.1739    24.4   21.1   21.7    22    1     95.7    1 
27/09/26  21:41   24.3   24.3   24.3    54   14.4   4.8   WNW   0.08   6.4   WNW   24.3   24.3   24.3  1017.2  0.00   0.0   0.000   0.004   24.2    52   13.7   24.2   9.54 1.1739    24.4   21.1   21.7    23    1    100.0    1 
27/09/26  21:42   24.2   24.3   24.2    54   14.3   3.2     W   0.05   4.8     W   24.2   24.3   24.3  1017.3  0.00   0.0   0.000   0.004   24.2    52   13.7   24.2   9.54 1.1740    24.4   21.1   21.7    22    1     95.7    1 
27/09/26  21:43   24.3   24.3   24.2    54   14.4   1.6     W   0.03   4.8     W   24.3   24.3   24.3  1017.3  0.00   0.0   0.000   0.004   24.2    52   13.7   24.2   9.54 1.1740    24.4   21.1   21.7    22    1     95.7    1 
27/09/26  21:44   24.2   24.2   24.2    54   14.3   4.8     W   0.08   6.4     W   24.2   24.3   24.3  1017.3  0.00   0.0   0.000   0.004   24.2    52   13.7   24.2   9.54 1.1740    24.4   21.1   21.7    23    1    100.0    1 
27/09/26  21:45   24.2   24.2   24.2    54   14.3   4.8   WNW   0.08   6.4   WNW   24.2   24.3   24.3  1017.3  0.00   0.0   0.000   0.004   24.2    52   13.7   24.2   9.54 1.1740    24.4   21.1   21.7    23    1    100.0    1 
27/09/26  21:46   24.2   24.2   24.2    54   14.3   3.2   WNW   0.05   6.4    NW   24.2   24.3   24.3  1017.3  0.00   0.0   0.000   0.004   24.2    52   13.7   24.2   9.54 1.1740    24.4   21.1   21.7    23    1    100.0    1 
27/09/26  21:47   24.2   24.2   24.2    54   14.3   3.2   WNW   0.05   4.8    NW   24.2   24.3   24.3  1017.3  0.00   0.0   0.000   0.004   24.2    52   13.7   24.2   9.54 1.1740    24.4   21.1   21.7    23    1    100.0    1 
27/09/26  21:48   24.2   24.2   24.2    54   14.3   3.2   WNW   0.05   4.8   WNW   24.2   24.2   24.2  1017.3  0.00   0.0   0.000   0.004   24.2    52   13.7   24.2   9.54 1.1740    24.4   21.1   21.7    22    1     95.7    1 
27/09/26  21:49   24.2   24.2   24.2    54   14.3   3.2   WNW   0.05   4.8   WNW   24.2   24.2   24.2  1017.3  0.00   0.0   0.000   0.004   24.2    52   13.7   24.2   9.54 1.1740    24.4   21.1   21.7    22    1     95.7    1 
27/09/26  21:50   24.2   24.2   24.2    54   14.3   3.2     W   0.05   4.8     W   24.2   24.2   24.2  1017.4  0.00   0.0   0.000   0.004   24.2    52   13.7   24.2   9.54 1.1741    24.4   21.1   21.7    24    1    100.0    1 
27/09/26  21:51   24.2   24.2   24.2    54   14.3   3.2   WNW   0.05   4.8   WNW   24.2   24.2   24.2  1017.4  0.00   0.0   0.000   0.004   24.2    52   13.7   24.2   9.54 1.1741    24.4   21.1   21.7    22    1     95.7    1 
27/09/26  21:52   24.2   24.2   24.2    54   14.3   3.2    NW   0.05   6.4   WNW   24.2   24.2   24.2  1017.4  0.00   0.0   0.000   0.004   24.2    52   13.7   24.2   9.54 1.1741    24.4   21.1   21.7    24    1    100.0    1 
27/09/26  21:53   24.1   24.1   24.1    54   14.2   3.2    NW   0.05   3.2    NW   24.1   24.2   24.2  1017.5  0.00   0.0   0.000   0.004   24.2    52   13.7   24.2   9.54 1.1742    23.9   21.1   21.7    22    1     95.7    1 
27/09/26  21:54   24.1   24.1   24.1    54   14.2   1.6   WNW   0.03   4.8   WNW   24.1   24.2   24.2  1017.4  0.00   0.0   0.000   0.004   24.2    52   13.7   24.2   9.54 1.1741    23.9   21.1   21.7    23    1    100.0    1 
27/09/26  21:55   24.1   24.1   24.1    54   14.2   1.6   WNW   0.03   3.2   WNW   24.1   24.2   24.2  1017.5  0.00   0.0   0.000   0.004   24.2    52   13.7   24.2   9.54 1.1742    23.9   21.1   21.7    23    1    100.0    1 
27/09/26  21:56   24.1   24.1   24.1    54   14.2   1.6   WNW   0.03   3.2   WNW   24.1   24.2   24.2  1017.5  0.00   0.0   0.000   0.004   24.2    52   13.7   24.2   9.54 1.1742    23.9   21.1   21.7    22    1     95.7    1 
27/09/26  21:57   24.1   24.1   24.1    54   14.2   4.8   WNW   0.08   8.0   WNW   24.1   24.2   24.2  1017.5  0.00   0.0   0.000   0.004   24.2    52   13.7   24.2   9.54 1.1742    23.9   21.1   21.7    24    1    100.0    1 
27/09/26  21:58   24.1   24.1   24.1    54   14.2   4.8     W   0.08   8.0     W   24.1   24.1   24.1  1017.4  0.00   0.0   0.000   0.004   24.2    52   13.7   24.2   9.54 1.1741    23.9   21.1   21.7    23    1    100.0    1 
27/09/26  21:59   24.1   24.1   24.1    54   14.2   4.8    NW   0.08   8.0     W   24.1   24.1   24.1  1017.5  0.00   0.0   0.000   0.004   24.2    52   13.7   24.2   9.54 1.1742    23.9   21.1   21.7    23    1    100.0    1 
27/09/26  22:00   24.1   24.1   24.0    54   14.2   3.2     W   0.05   4.8     W   24.1   24.1   24.1  1017.5  0.00   0.0   0.000   0.004   24.2    52   13.7   24.2   9.54 1.1742    23.9   21.1   21.7    22    1     95.7    1 
27/09/26  22:01   24.0   24.1   24.0    54   14.1   1.6     W   0.03   3.2     W   24.0   24.1   24.1  1017.4  0.00   0.0   0.000   0.004   24.2    52   13.7   24.2   9.54 1.1741    23.9   21.1   21.7    23    1    100.0    1 
27/09/26  22:02   24.0   24.0   24.0    54   14.1   1.6     W   0.03   3.2     W   24.0   24.1   24.1  1017.4  0.00   0.0   0.000   0.004   24.2    52   13.7   24.2   9.54 1.1741    23.9   21.1   21.7    23    1    100.0    1 
27/09/26  22:03   24.0   24.0   24.0    54   14.1   1.6     W   0.03   4.8   WNW   24.0   24.1   24.1  1017.5  0.00   0.0   0.000   0.004   24.2    52   13.7   24.2   9.54 1.1742    23.9   21.1   21.7    23    1    100.0    1 
27/09/26  22:04   24.0   24.0   24.0    54   14.1   0.0     W   0.00   3.2     W   24.0   24.1   24.1  1017.5  0.00   0.0   0.000   0.004   24.2    52   13.7   24.2   9.54 1.1742    23.9   21.1   21.7    23    1    100.0    1 
27/09/26  22:05   23.9   24.0   23.9    54   14.1   1.6   WSW   0.03   4.8     W   23.9   24.0   24.0  1017.5  0.00   0.0   0.000   0.004   24.2    52   13.7   24.2   9.54 1.1742    23.9   21.1   21.7    23    1    100.0    1 
27/09/26  22:06   23.9   23.9   23.9    54   14.1   3.2   WSW   0.05   4.8   WSW   23.9   24.0   24.0  1017.6  0.00   0.0   0.000   0.004   24.2    52   13.7   24.2   9.54 1.1743    23.9   21.1   21.7    22    1     95.7    1 
27/09/26  22:07   23.9   23.9   23.9    54   14.1   1.6     W   0.03   3.2   WSW   23.9   24.0   24.0  1017.5  0.00   0.0   0.000   0.004   24.2    52   13.7   24.2   9.54 1.1743    23.9   21.1   21.7    23    1    100.0    1 
27/09/26  22:08   23.9   23.9   23.9    54   14.1   4.8     W   0.08   6.4   WSW   23.9   24.0   24.0  1017.6  0.00   0.0   0.000   0.004   24.2    52   13.7   24.2   9.54 1.1743    23.9   21.1   21.7    22    1     95.7    1 
27/09/26  22:09   23.9   23.9   23.9    54   14.1   1.6     W   0.03   4.8     W   23.9   24.0   24.0  1017.5  0.00   0.0   0.000   0.004   24.2    52   13.7   24.2   9.54 1.1743    23.9   21.1   21.7    22    1     95.7    1 
27/09/26  22:10   23.9   23.9   23.9    54   14.0   0.0     W   0.00   1.6     W   23.9   23.9   23.9  1017.6  0.00   0.0   0.000   0.004   24.2    52   13.7   24.2   9.54 1.1743    23.9   21.1   21.7    23    1    100.0    1 
27/09/26  22:11   23.9   23.9   23.9    54   14.0   1.6   WNW   0.03   4.8   WNW   23.9   23.9   23.9  1017.5  0.00   0.0   0.000   0.004   24.2    52   13.7   24.2   9.54 1.1743    23.9   21.1   21.7    24    1    100.0    1 
27/09/26  22:12   23.9   23.9   23.9    54   14.0   0.0   ---   0.00   0.0   ---   23.9   23.9   23.9  1017.5  0.00   0.0   0.000   0.004   24.2    52   13.7   24.2   9.54 1.1743    23.9   21.1   21.7    23    1    100.0    1 
27/09/26  22:13   23.8   23.9   23.8    54   14.0   1.6   WNW   0.03   1.6   WNW   23.8   23.9   23.9  1017.6  0.00   0.0   0.000   0.004   24.2    52   13.7   24.2   9.54 1.1743    23.9   21.1   21.7    22    1     95.7    1 
27/09/26  22:14   23.8   23.9   23.8    54   14.0   0.0   WNW   0.00   1.6   WNW   23.8   23.9   23.9  1017.6  0.00   0.0   0.000   0.004   24.2    52   13.7   24.2   9.54 1.1743    23.9   21.1   21.7    24    1    100.0    1 
27/09/26  22:15   23.8   23.8   23.8    55   14.2   0.0   ---   0.00   0.0   ---   23.8   23.9   23.9  1017.6  0.00   0.0   0.000   0.004   24.2    52   13.7   24.2   9.54 1.1743    23.9   21.1   21.7    23    1    100.0    1 
27/09/26  22:16   23.8   23.8   23.8    55   14.2   0.0   WNW   0.00   3.2   WNW   23.8   23.9   23.9  1017.6  0.00   0.0   0.000   0.004   24.2    52   13.7   24.2   9.54 1.1743    23.9   21.1   21.7    24    1    100.0    1 
27/09/26  22:17   23.8   23.8   23.8    55   14.2   1.6   WNW   0.03   3.2   WNW   23.8   23.9   23.9  1017.6  0.00   0.0   0.000   0.004   24.2    52   13.7   24.2   9.54 1.1744    23.9   21.1   21.7    23    1    100.0    1 
27/09/26  22:18   23.8   23.8   23.8    55   14.2   1.6   WNW   0.03   3.2   WNW   23.8   23.9   23.9  1017.6  0.00   0.0   0.000   0.004   24.2    52   13.7   24.2   9.54 1.1744    23.9   21.1   21.7    23    1    100.0    1 
27/09/26  22:19   23.8   23.8   23.8    55   14.2   1.6   WNW   0.03   1.6   WNW   23.8   23.9   23.9  1017.7  0.00   0.0   0.000   0.004   24.2    52   13.7   24.2   9.54 1.1744    23.9   21.1   21.7    24    1    100.0    1 
27/09/26  22:20   23.8   23.8   23.8    55   14.2   0.0   WNW   0.00   1.6   WNW   23.8   23.9   23.9  1017.7  0.00   0.0   0.000   0.004   24.2    52   13.7   24.2   9.54 1.1744    23.9   21.1   21.7    23    1    100.0    1 
27/09/26  22:21   23.8   23.8   23.8    55   14.2   0.0   WNW   0.00   1.6   WNW   23.8   23.9   23.9  1017.7  0.00   0.0   0.000   0.004   24.2    52   13.7   24.2   9.54 1.1745    23.9   21.1   21.7    24    1    100.0    1 
27/09/26  22:22   23.8   23.8   23.8    55   14.2   0.0   WNW   0.00   1.6   WNW   23.8   23.9   23.9  1017.7  0.00   0.0   0.000   0.004   24.2    52   13.7   24.2   9.54 1.1745    23.9   21.1   21.7    23    1    100.0    1 
27/09/26  22:23   23.8   23.8   23.8    55   14.2   0.0   WNW   0.00   1.6   WNW   23.8   23.9   23.9  1017.7  0.00   0.0   0.000   0.004   24.2    52   13.7   24.2   9.54 1.1745    23.9   21.1   21.7    24    1    100.0    1 
27/09/26  22:24   23.7   23.8   23.7    55   14.1   1.6   WNW   0.03   4.8   WNW   23.7   23.8   23.8  1017.7  0.00   0.0   0.000   0.004   24.2    52   13.7   24.2   9.54 1.1745    23.9   21.1   21.7    23    1    100.0    1 
27/09/26  22:25   23.7   23.7   23.7    55   14.1   1.6   WNW   0.03   4.8   WNW   23.7   23.8   23.8  1017.7  0.00   0.0   0.000   0.004   24.2    52   13.7   24.2   9.54 1.1745    23.9   21.1   21.7    23    1    100.0    1 
27/09/26  22:26   23.7   23.7   23.7    55   14.1   1.6   WNW   0.03   1.6   WNW   23.7   23.8   23.8  1017.7  0.00   0.0   0.000   0.004   24.2    52   13.7   24.2   9.54 1.1745    23.9   21.1   21.7    24    1    100.0    1 
27/09/26  22:27   23.7   23.7   23.7    55   14.1   3.2   WNW   0.05   3.2   WNW   23.7   23.8   23.8  1017.7  0.00   0.0   0.000   0.004   24.2    52   13.7   24.2   9.54 1.1745    23.9   21.1   21.7    23    1    100.0    1 
27/09/26  22:28   23.7   23.7   23.7    55   14.1   1.6   WNW   0.03   3.2   WNW   23.7   23.8   23.8  1017.7  0.00   0.0   0.000   0.004   24.2    52   13.7   24.2   9.54 1.1745    23.9   21.1   21.7    24    1    100.0    1 
27/09/26  22:29   23.7   23.7   23.7    55   14.1   0.0   WNW   0.00   3.2   WNW   23.7   23.8   23.8  1017.7  0.00   0.0   0.000   0.004   24.2    52   13.7   24.2   9.54 1.1745    23.9   21.1   21.7    23    1    100.0    1 
27/09/26  22:30   23.7   23.7   23.7    55   14.1   0.0   WNW   0.00   3.2   WNW   23.7   23.8   23.8  1017.7  0.00   0.0   0.000   0.004   24.2    52   13.7   24.2   9.54 1.1745    23.9   21.1   21.7    23    1    100.0    1 
27/09/26  22:31   23.7   23.7   23.7    55   14.1   1.6   WNW   0.03   3.2   WNW   23.7   23.8   23.8  1017.7  0.00   0.0   0.000   0.004   24.2    52   13.7   24.2   9.54 1.1745    23.9   21.1   21.7    24    1    100.0    1 
27/09/26  22:32   23.7   23.7   23.7    55   14.1   1.6   WNW   0.03   3.2   WNW   23.7   23.8   23.8  1017.8  0.00   0.0   0.000   0.004   24.2    52   13.7   24.2   9.54 1.1745    23.9   21.1   21.7    23    1    100.0    1 
27/09/26  22:33   23.7   23.7   23.7    55   14.1   3.2     W   0.05   4.8     W   23.7   23.8   23.8  1017.8  0.00   0.0   0.000   0.004   24.2    52   13.7   24.2   9.54 1.1745    23.9   21.1   21.7    24    1    100.0    1 
27/09/26  22:34   23.7   23.7   23.7    55   14.1   1.6     W   0.03   3.2     W   23.7   23.8   23.8  1017.8  0.00   0.0   0.000   0.004   24.2    52   13.7   24.2   9.54 1.1745    23.9   21.1   21.7    23    1    100.0    1 
27/09/26  22:35   23.7   23.7   23.7    55   14.1   0.0     W   0.00   3.2     W   23.7   23.8   23.8  1017.8  0.00   0.0   0.000   0.004   24.2    52   13.7   24.2   9.54 1.1746    23.9   21.1   21.7    24    1    100.0    1 
27/09/26  22:36   23.7   23.7   23.7    55   14.1   3.2     W   0.05   4.8     W   23.7   23.8   23.8  1017.8  0.00   0.0   0.000   0.004   24.2    52   13.7   24.2   9.54 1.1746    23.9   21.1   21.7    22    1     95.7    1 
27/09/26  22:37   23.7   23.7   23.6    55   14.1   3.2   WNW   0.05   4.8   WNW   23.7   23.8   23.8  1017.8  0.00   0.0   0.000   0.004   24.2    52   13.7   24.2   9.54 1.1746    23.9   21.1   21.7    23    1    100.0    1 
27/09/26  22:38   23.6   23.7   23.6    55   14.0   3.2   WNW   0.05   4.8   WNW   23.6   23.7   23.7  1017.9  0.00   0.0   0.000   0.004   24.2    52   13.7   24.2   9.54 1.1746    23.9   21.1   21.7    24    1    100.0    1 
27/09/26  22:39   23.6   23.7   23.6    55   14.0   3.2   WNW   0.05   4.8   WNW   23.6   23.7   23.7  1017.8  0.00   0.0   0.000   0.004   24.2    52   13.7   24.2   9.54 1.1746    23.9   21.1   21.7    21    1     91.3    1 
27/09/26  22:40   23.6   23.7   23.6    55   14.0   1.6   WNW   0.03   3.2   WNW   23.6   23.7   23.7  1017.9  0.00   0.0   0.000   0.004   24.2    52   13.7   24.2   9.54 1.1746    23.9   21.1   21.7    24    1    100.0    1 
27/09/26  22:41   23.6   23.6   23.6    55   14.0   3.2     W   0.05   4.8     W   23.6   23.7   23.7  1017.9  0.00   0.0   0.000   0.004   24.2    52   13.7   24.2   9.54 1.1746    23.9   21.1   21.7    23    1    100.0    1 
27/09/26  22:42   23.6   23.6   23.6    55   14.0   3.2     W   0.05   4.8     W   23.6   23.7   23.7  1017.9  0.00   0.0   0.000   0.004   24.2    52   13.7   24.2   9.54 1.1747    23.9   21.1   21.7    22    1     95.7    1 
27/09/26  22:43   23.6   23.6   23.6    55   14.0   4.8     W   0.08   6.4     W   23.6   23.7   23.7  1017.9  0.00   0.0   0.000   0.004   24.2    52   13.7   24.2   9.54 1.1747    23.9   21.1   21.7    23    1    100.0    1 
27/09/26  22:44   23.6   23.6   23.6    55   14.0   3.2     W   0.05   4.8     W   23.6   23.7   23.7  1018.0  0.00   0.0   0.000   0.004   24.2    52   13.7   24.2   9.54 1.1747    23.9   21.1   21.7    22    1     95.7    1 
27/09/26  22:45   23.6   23.6   23.6    55   14.0   3.2    NW   0.05   4.8     W   23.6   23.7   23.7  1017.9  0.00   0.0   0.000   0.004   24.2    52   13.7   24.2   9.54 1.1747    23.9   21.1   21.7    23    1    100.0    1 
27/09/26  22:46   23.6   23.6   23.6    55   14.0   1.6    NW   0.03   3.2    NW   23.6   23.7   23.7  1018.0  0.00   0.0   0.000   0.004   24.2    52   13.7   24.2   9.54 1.1748    23.9   21.1   21.7    23    1    100.0    1 
27/09/26  22:47   23.6   23.6   23.6    55   14.0   3.2    NW   0.05   4.8   WNW   23.6   23.7   23.7  1018.0  0.00   0.0   0.000   0.004   24.2    52   13.7   24.2   9.54 1.1747    23.9   21.1   21.7    22    1     95.7    1 
27/09/26  22:48   23.6   23.6   23.6    55   14.0   3.2   WNW   0.05   4.8   WNW   23.6   23.6   23.6  1018.0  0.00   0.0   0.000   0.004   24.2    52   13.7   24.2   9.54 1.1747    23.3   21.1   21.7    23    1    100.0    1 
27/09/26  22:49   23.6   23.6   23.6    55   14.0   3.2    NW   0.05   6.4    NW   23.6   23.6   23.6  1017.9  0.00   0.0   0.000   0.004   24.2    52   13.7   24.2   9.54 1.1747    23.3   21.1   21.7    22    1     95.7    1 
27/09/26  22:50   23.6   23.6   23.6    55   14.0   1.6    NW   0.03   3.2    NW   23.6   23.6   23.6  1018.0  0.00   0.0   0.000   0.004   24.2    52   13.7   24.2   9.54 1.1748    23.3   21.1   21.7    24    1    100.0    1 
27/09/26  22:51   23.6   23.6   23.6    55   14.0   3.2   WNW   0.05   4.8    NW   23.6   23.6   23.6  1017.9  0.00   0.0   0.000   0.004   24.2    52   13.7   24.2   9.54 1.1747    23.3   21.1   21.7    22    1     95.7    1 
27/09/26  22:52   23.5   23.6   23.5    55   13.9   3.2    NW   0.05   4.8   WNW   23.5   23.6   23.6  1017.9  0.00   0.0   0.000   0.004   24.2    52   13.7   24.2   9.54 1.1747    23.3   21.1   21.7    22    1     95.7    1 
27/09/26  22:53   23.5   23.6   23.5    55   13.9   1.6   WNW   0.03   3.2    NW   23.5   23.6   23.6  1018.0  0.00   0.0   0.000   0.004   24.2    52   13.7   24.2   9.54 1.1748    23.3   21.1   21.7    22    1     95.7    1 
27/09/26  22:54   23.5   23.5   23.5    55   13.9   1.6   WNW   0.03   4.8   WNW   23.5   23.6   23.6  1018.0  0.00   0.0   0.000   0.004   24.2    53   14.0   24.3   9.65 1.1744    23.3   21.1   21.7    23    1    100.0    1 
27/09/26  22:55   23.5   23.5   23.5    55   13.9   3.2   WNW   0.05   4.8   WNW   23.5   23.6   23.6  1018.0  0.00   0.0   0.000   0.004   24.2    53   14.0   24.3   9.65 1.1744    23.3   21.1   21.7    24    1    100.0    1 
27/09/26  22:56   23.5   23.5   23.5    55   13.9   4.8   WNW   0.08   6.4   WNW   23.5   23.6   23.6  1018.0  0.00   0.0   0.000   0.004   24.2    53   14.0   24.3   9.65 1.1744    23.3   21.1   21.7    23    1    100.0    1 
27/09/26  22:57   23.4   23.5   23.4    55   13.9   3.2   WNW   0.05   4.8   WNW   23.4   23.5   23.5  1018.0  0.00   0.0   0.000   0.004   24.2    53   14.0   24.3   9.65 1.1745    23.3   21.1   21.7    22    1     95.7    1 
27/09/26  22:58   23.4   23.4   23.4    55   13.9   1.6     W   0.03   3.2   WNW   23.4   23.5   23.5  1018.0  0.00   0.0   0.000   0.004   24.2    53   14.0   24.3   9.65 1.1745    23.3   21.1   21.7    23    1    100.0    1 
27/09/26  22:59   23.4   23.4   23.4    55   13.9   4.8   WNW   0.08   9.7     W   23.4   23.5   23.5  1018.0  0.00   0.0   0.000   0.004   24.2    53   14.0   24.3   9.65 1.1744    23.3   21.1   21.7    23    1    100.0    1 
27/09/26  23:00   23.4   23.4   23.4    55   13.9   6.4     W   0.11   9.7   WNW   23.4   23.5   23.5  1018.1  0.00   0.0   0.000   0.004   24.2    53   14.0   24.3   9.65 1.1745    23.3   21.1   21.7    23    1    100.0    1 
27/09/26  23:01   23.4   23.4   23.4    55   13.9   1.6     W   0.03   4.8     W   23.4   23.5   23.5  1018.1  0.00   0.0   0.000   0.004   24.2    53   14.0   24.3   9.65 1.1745    23.3   21.1   21.7    21    1     91.3    1 
27/09/26  23:02   23.4   23.4   23.4    55   13.8   3.2     W   0.05   4.8     W   23.4   23.4   23.4  1018.1  0.00   0.0   0.000   0.004   24.2    53   14.0   24.3   9.65 1.1745    23.3   21.1   21.7    24    1    100.0    1 
27/09/26  23:03   23.4   23.4   23.4    55   13.8   3.2     W   0.05   6.4   WSW   23.4   23.4   23.4  1018.1  0.00   0.0   0.000   0.004   24.2    53   14.0   24.3   9.65 1.1745    23.3   21.1   21.7    22    1     95.7    1 
27/09/26  23:04   23.4   23.4   23.4    55   13.8   6.4   WNW   0.11   9.7   WNW   23.4   23.4   23.4  1018.1  0.00   0.0   0.000   0.004   24.2    53   14.0   24.3   9.65 1.1746    23.3   21.1   21.7    23    1    100.0    1 
27/09/26  23:05   23.3   23.4   23.3    55   13.8   4.8    NW   0.08   8.0   WNW   23.3   23.4   23.4  1018.2  0.00   0.0   0.000   0.003   24.2    53   14.0   24.3   9.65 1.1746    23.3   21.1   21.7    21    1     91.3    1 
27/09/26  23:06   23.3   23.3   23.3    55   13.8   4.8     W   0.08   6.4     W   23.3   23.4   23.4  1018.2  0.00   0.0   0.000   0.003   24.2    53   14.0   24.3   9.65 1.1746    23.3   21.1   21.7    23    1    100.0    1 
27/09/26  23:07   23.3   23.3   23.3    55   13.8   6.4     W   0.11   8.0    NW   23.3   23.4   23.4  1018.2  0.00   0.0   0.000   0.003   24.2    53   14.0   24.3   9.65 1.1747    23.3   21.1   21.7    23    1    100.0    1 
27/09/26  23:08   23.3   23.3   23.3    55   13.8   3.2   WNW   0.05   6.4   WNW   23.3   23.4   23.4  1018.2  0.00   0.0   0.000   0.003   24.2    53   14.0   24.3   9.65 1.1746    23.3   21.1   21.7    23    1    100.0    1 
27/09/26  23:09   23.3   23.3   23.3    55   13.7   3.2    NW   0.05   4.8   WNW   23.3   23.3   23.3  1018.2  0.00   0.0   0.000   0.003   24.2    53   14.0   24.3   9.65 1.1746    23.3   21.1   21.7    22    1     95.7    1 
27/09/26  23:10   23.3   23.3   23.3    55   13.7   4.8     W   0.08   9.7     W   23.3   23.3   23.3  1018.2  0.00   0.0   0.000   0.003   24.2    53   14.0   24.3   9.65 1.1747    23.3   21.1   21.7    23    1    100.0    1 
27/09/26  23:11   23.3   23.3   23.3    55   13.7   4.8     W   0.08   8.0     W   23.3   23.3   23.3  1018.2  0.00   0.0   0.000   0.003   24.2    53   14.0   24.3   9.65 1.1747    23.3   21.1   21.7    21    1     91.3    1 
27/09/26  23:12   23.2   23.3   23.2    55   13.7   3.2   WNW   0.05   8.0   WNW   23.2   23.3   23.3  1018.3  0.00   0.0   0.000   0.003   24.2    53   14.0   24.3   9.65 1.1747    23.3   21.1   21.7    23    1    100.0    1 
27/09/26  23:13   23.2   23.3   23.2    55   13.7   4.8     W   0.08   8.0     W   23.2   23.3   23.3  1018.3  0.00   0.0   0.000   0.003   24.2    53   14.0   24.3   9.65 1.1747    23.3   21.1   21.7    23    1    100.0    1 
27/09/26  23:14   23.2   23.2   23.2    55   13.7   4.8   WNW   0.08  11.3   WNW   23.2   23.3   23.3  1018.3  0.00   0.0   0.000   0.003   24.2    53   14.0   24.3   9.65 1.1747    23.3   21.1   21.7    23    1    100.0    1 
27/09/26  23:15   23.2   23.2   23.2    55   13.7   4.8     W   0.08   8.0   WNW   23.2   23.3   23.3  1018.3  0.00   0.0   0.000   0.003   24.3    53   14.1   24.3   9.65 1.1745    23.3   21.1   21.7    23    1    100.0    1 
27/09/26  23:16   23.2   23.2   23.2    55   13.6   4.8   WNW   0.08   8.0   WNW   23.2   23.2   23.2  1018.3  0.00   0.0   0.000   0.003   24.3    53   14.1   24.3   9.65 1.1745    23.3   21.1   21.7    23    1    100.0    1 
27/09/26  23:17   23.2   23.2   23.2    55   13.6   4.8     W   0.08   6.4     W   23.2   23.2   23.2  1018.3  0.00   0.0   0.000   0.003   24.3    53   14.1   24.3   9.65 1.1745    23.3   21.1   21.7    23    1    100.0    1 
27/09/26  23:18   23.2   23.2   23.2    55   13.6   6.4   WNW   0.11   9.7     W   23.2   23.2   23.2  1018.3  0.00   0.0   0.000   0.003   24.3    53   14.1   24.3   9.65 1.1745    23.3   21.1   21.7    22    1     95.7    1 
27/09/26  23:19   23.2   23.2   23.2    55   13.6   4.8     W   0.08   6.4   WNW   23.2   23.2   23.2  1018.3  0.00   0.0   0.000   0.003   24.3    53   14.1   24.3   9.65 1.1745    23.3   21.1   21.7    24    1    100.0    1 
27/09/26  23:20   23.2   23.2   23.2    55   13.6   6.4     W   0.11   9.7   WNW   23.2   23.2   23.2  1018.4  0.00   0.0   0.000   0.003   24.3    53   14.1   24.3   9.65 1.1746    23.3   21.1   21.7    22    1     95.7    1 
27/09/26  23:21   23.1   23.1   23.1    55   13.6   4.8     W   0.08   8.0     W   23.1   23.1   23.1  1018.4  0.00   0.0   0.000   0.003   24.3    53   14.1   24.3   9.65 1.1746    23.3   21.1   21.7    24    1    100.0    1 
27/09/26  23:22   23.1   23.1   23.1    55   13.6   4.8   WNW   0.08   9.7    SW   23.1   23.1   23.1  1018.4  0.00   0.0   0.000   0.003   24.3    53   14.1   24.3   9.65 1.1746    23.3   21.1   21.7    22    1     95.7    1 
27/09/26  23:23   23.1   23.1   23.1    55   13.6   3.2     W   0.05   8.0     W   23.1   23.1   23.1  1018.3  0.00   0.0   0.000   0.003   24.3    53   14.1   24.3   9.65 1.1745    23.3   21.1   21.7    23    1    100.0    1 
27/09/26  23:24   23.1   23.1   23.1    55   13.6   4.8   WNW   0.08   6.4   WNW   23.1   23.1   23.1  1018.4  0.00   0.0   0.000   0.003   24.3    53   14.1   24.3   9.65 1.1746    23.3   21.1   21.7    24    1    100.0    1 
27/09/26  23:25   23.1   23.1   23.1    55   13.6   6.4   WNW   0.11   8.0   WNW   23.1   23.1   23.1  1018.4  0.00   0.0   0.000   0.003   24.3    54   14.4   24.3   9.84 1.1742    23.3   21.1   21.7    22    1     95.7    1 
27/09/26  23:26   23.1   23.1   23.1    56   13.8   3.2    NW   0.05   6.4   WNW   23.1   23.1   23.1  1018.4  0.00   0.0   0.000   0.003   24.3    54   14.4   24.3   9.84 1.1743    23.3   21.1   21.7    23    1    100.0    1 
27/09/26  23:27   23.1   23.1   23.1    56   13.8   6.4     W   0.11   9.7   WNW   23.1   23.1   23.1  1018.4  0.00   0.0   0.000   0.003   24.3    54   14.4   24.3   9.84 1.1743    23.3   21.1   21.7    23    1    100.0    1 
27/09/26  23:28   23.1   23.1   23.1    56   13.8   4.8   WSW   0.08   9.7   WSW   23.1   23.1   23.1  1018.4  0.00   0.0   0.000   0.003   24.3    54   14.4   24.3   9.84 1.1742    23.3   21.1   21.7    22    1     95.7    1 
27/09/26  23:29   23.0   23.1   23.0    56   13.7   6.4   WNW   0.11  11.3   WNW   23.0   23.0   23.0  1018.4  0.00   0.0   0.000   0.003   24.3    54   14.4   24.3   9.84 1.1742    23.3   21.1   21.7    23    1    100.0    1 
27/09/26  23:30   23.0   23.1   23.0    56   13.7   3.2   NNW   0.05   8.0     W   23.0   23.0   23.0  1018.4  0.00   0.0   0.000   0.003   24.3    54   14.4   24.3   9.84 1.1742    22.8   21.1   21.7    22    1     95.7    1 
27/09/26  23:31   23.0   23.0   23.0    56   13.7   4.8     W   0.08  11.3   WNW   23.0   23.0   23.0  1018.4  0.00   0.0   0.000   0.003   24.3    54   14.4   24.3   9.84 1.1743    22.8   21.1   21.7    24    1    100.0    1 
27/09/26  23:32   23.0   23.0   23.0    56   13.7   4.8     W   0.08   8.0     W   23.0   23.0   23.0  1018.4  0.00   0.0   0.000   0.003   24.3    54   14.4   24.3   9.84 1.1742    22.8   21.1   21.7    21    1     91.3    1 
27/09/26  23:33   23.0   23.0   23.0    56   13.7   1.6     W   0.03   3.2     W   23.0   23.0   23.0  1018.4  0.00   0.0   0.000   0.003   24.3    54   14.4   24.3   9.84 1.1742    22.8   21.1   21.7    24    1    100.0    1 
27/09/26  23:34   23.0   23.0   23.0    56   13.7   3.2     W   0.05   8.0   WNW   23.0   23.0   23.0  1018.3  0.00   0.0   0.000   0.003   24.3    54   14.4   24.3   9.84 1.1742    22.8   21.1   21.7    22    1     95.7    1 
27/09/26  23:35   23.0   23.0   23.0    56   13.7   4.8   WNW   0.08   6.4    NW   23.0   23.0   23.0  1018.3  0.00   0.0   0.000   0.003   24.3    54   14.4   24.3   9.84 1.1742    22.8   21.1   21.7    22    1     95.7    1 
27/09/26  23:36   23.0   23.0   23.0    56   13.7   4.8   WNW   0.08   8.0   WNW   23.0   23.0   23.0  1018.3  0.00   0.0   0.000   0.003   24.4    54   14.5   24.4   9.83 1.1736    22.8   21.1   21.7    24    1    100.0    1 
27/09/26  23:37   23.0   23.0   22.9    56   13.7   1.6    NW   0.03   4.8     W   23.0   23.0   23.0  1018.3  0.00   0.0   0.000   0.003   24.3    54   14.4   24.3   9.84 1.1742    22.8   21.1   21.7    22    1     95.7    1 
27/09/26  23:38   22.9   23.0   22.9    56   13.7   3.2   WNW   0.05   4.8   WNW   22.9   22.9   22.9  1018.3  0.00   0.0   0.000   0.003   24.3    54   14.4   24.3   9.84 1.1741    22.8   21.1   21.7    24    1    100.0    1 
27/09/26  23:39   22.9   22.9   22.9    56   13.7   1.6   WNW   0.03   4.8   WNW   22.9   22.9   22.9  1018.3  0.00   0.0   0.000   0.003   24.4    54   14.5   24.4   9.83 1.1735    22.8   21.1   21.7    23    1    100.0    1 
27/09/26  23:40   22.9   22.9   22.9    56   13.7   1.6   WNW   0.03   3.2   WNW   22.9   22.9   22.9  1018.3  0.00   0.0   0.000   0.003   24.4    54   14.5   24.4   9.83 1.1736    22.8   21.1   21.7    24    1    100.0    1 
27/09/26  23:41   22.9   22.9   22.9    56   13.7   4.8   WNW   0.08   6.4   WNW   22.9   22.9   22.9  1018.3  0.00   0.0   0.000   0.003   24.4    54   14.5   24.4   9.83 1.1736    22.8   21.1   21.7    23    1    100.0    1 
27/09/26  23:42   22.9   22.9   22.9    56   13.7   3.2   WNW   0.05   6.4   WNW   22.9   22.9   22.9  1018.4  0.00   0.0   0.000   0.003   24.4    54   14.5   24.4   9.83 1.1737    22.8   21.1   21.7    23    1    100.0    1 
27/09/26  23:43   22.9   22.9   22.9    56   13.6   4.8    NW   0.08   8.0   WNW   22.9   22.9   22.9  1018.3  0.00   0.0   0.000   0.003   24.4    54   14.5   24.4   9.83 1.1736    22.8   21.1   21.7    24    1    100.0    1 
27/09/26  23:44   22.9   22.9   22.9    56   13.6   3.2    NW   0.05   4.8     W   22.9   22.9   22.9  1018.3  0.00   0.0   0.000   0.003   24.4    54   14.5   24.4   9.83 1.1736    22.8   21.1   21.7    23    1    100.0    1 
27/09/26  23:45   22.9   22.9   22.9    56   13.6   3.2   WNW   0.05   4.8   WNW   22.9   22.9   22.9  1018.3  0.00   0.0   0.000   0.003   24.4    54   14.5   24.4   9.83 1.1736    22.8   21.1   21.7    24    1    100.0    1 
27/09/26  23:46   22.9   22.9   22.9    56   13.6   1.6    NW   0.03   4.8    NW   22.9   22.9   22.9  1018.3  0.00   0.0   0.000   0.003   24.4    54   14.5   24.4   9.83 1.1736    22.8   21.1   21.7    23    1    100.0    1 
27/09/26  23:47   22.9   22.9   22.9    56   13.6   0.0    NW   0.00   1.6    NW   22.9   22.9   22.9  1018.3  0.00   0.0   0.000   0.003   24.4    54   14.5   24.4   9.83 1.1736    22.8   21.1   21.7    22    1     95.7    1 
27/09/26  23:48   22.8   22.9   22.8    56   13.6   3.2    NW   0.05   4.8    NW   22.8   22.8   22.8  1018.4  0.00   0.0   0.000   0.003   24.4    54   14.5   24.4   9.83 1.1737    22.8   21.1   21.7    23    1    100.0    1 
27/09/26  23:49   22.8   22.9   22.8    56   13.6   3.2    NW   0.05   4.8   NNW   22.8   22.8   22.8  1018.4  0.00   0.0   0.000   0.003   24.4    55   14.8   24.5  10.01 1.1733    22.8   21.1   21.7    23    1    100.0    1 
27/09/26  23:50   22.8   22.8   22.8    56   13.6   1.6    NW   0.03   4.8    NW   22.8   22.8   22.8  1018.4  0.00   0.0   0.000   0.003   24.4    55   14.8   24.5  10.01 1.1733    22.8   21.1   21.7    24    1    100.0    1 
27/09/26  23:51   22.8   22.8   22.8    56   13.6   3.2    NW   0.05   6.4    NW   22.8   22.8   22.8  1018.3  0.00   0.0   0.000   0.003   24.4    55   14.8   24.5  10.01 1.1733    22.8   21.1   21.7    23    1    100.0    1 
27/09/26  23:52   22.8   22.8   22.8    56   13.5   3.2   WNW   0.05   6.4   WNW   22.8   22.8   22.8  1018.3  0.00   0.0   0.000   0.003   24.4    54   14.5   24.4   9.83 1.1736    22.8   21.1   21.7    23    1    100.0    1 
27/09/26  23:53   22.8   22.8   22.8    56   13.5   4.8   WNW   0.08   9.7     W   22.8   22.8   22.8  1018.3  0.00   0.0   0.000   0.003   24.4    54   14.5   24.4   9.83 1.1736    22.8   21.1   21.7    24    1    100.0    1 
27/09/26  23:54   22.8   22.8   22.8    56   13.5   4.8    NW   0.08   8.0   WNW   22.8   22.8   22.8  1018.3  0.00   0.0   0.000   0.003   24.4    55   14.8   24.5  10.01 1.1733    22.8   21.1   21.7    23    1    100.0    1 
27/09/26  23:55   22.8   22.8   22.8    56   13.5   4.8    NW   0.08   8.0     W   22.8   22.8   22.8  1018.3  0.00   0.0   0.000   0.003   24.4    55   14.8   24.5  10.01 1.1733    22.8   21.1   21.7    24    1    100.0    1 
27/09/26  23:56   22.8   22.8   22.7    56   13.5   6.4   WNW   0.11   9.7   WNW   22.8   22.8   22.8  1018.4  0.00   0.0   0.000   0.003   24.4    55   14.8   24.5  10.01 1.1733    22.8   21.1   21.7    23    1    100.0    1 
27/09/26  23:57   22.7   22.7   22.7    57   13.8   6.4   WNW   0.11   8.0     W   22.7   22.7   22.7  1018.4  0.00   0.0   0.000   0.003   24.4    54   14.5   24.4   9.83 1.1737    22.8   21.1   21.7    24    1    100.0    1 
27/09/26  23:58   22.7   22.7   22.7    57   13.8   4.8    NW   0.08   6.4    NW   22.7   22.7   22.7  1018.4  0.00   0.0   0.000   0.003   24.4    54   14.5   24.4   9.83 1.1737    22.8   21.1   21.7    23    1    100.0    1 
27/09/26  23:59   22.7   22.7   22.7    57   13.8   4.8    NW   0.08   6.4    NW   22.7   22.7   22.7  1018.5  0.00   0.0   0.000   0.003   24.4    54   14.5   24.4   9.83 1.1738    22.8   21.1   21.7    23    1    100.0    1 
28/09/26  00:00   22.7   22.7   22.7    56   13.5   3.2    NW   0.05   4.8   WNW   22.7   22.7   22.7  1018.5  0.00   0.0   0.000   0.003   24.4    54   14.5   24.4   9.83 1.1738    22.8   21.1   21.7    24    1    100.0    1 
28/09/26   0:01   22.7   22.7   22.7    56   13.4   6.4   WNW   0.11   9.7    NW   22.7   22.6   22.6  1018.4  0.00   0.0   0.000   0.003   24.4    54   14.5   24.4   9.83 1.1737    22.8   21.1   21.7    22    1     95.7    1 
28/09/26   0:02   22.7   22.7   22.7    56   13.4   4.8   WNW   0.08   8.0     W   22.7   22.6   22.6  1018.5  0.00   0.0   0.000   0.003   24.4    54   14.5   24.4   9.83 1.1738    22.8   21.1   21.7    23    1    100.0    1 
28/09/26   0:03   22.7   22.7   22.7    57   13.7   1.6   WNW   0.03   4.8   WNW   22.7   22.6   22.6  1018.5  0.00   0.0   0.000   0.003   24.4    54   14.5   24.4   9.83 1.1738    22.8   21.1   21.7    24    1    100.0    1 
28/09/26   0:04   22.6   22.7   22.6    57   13.7   3.2   WNW   0.05   6.4   WNW   22.6   22.6   22.6  1018.5  0.00   0.0   0.000   0.003   24.4    54   14.5   24.4   9.83 1.1738    22.8   21.1   21.7    20    1     87.0    1 
28/09/26   0:05   22.6   22.6   22.6    57   13.7   3.2   WNW   0.05   6.4   WNW   22.6   22.6   22.6  1018.5  0.00   0.0   0.000   0.003   24.5    54   14.6   24.6   9.83 1.1732    22.8   21.1   21.7    23    1    100.0    1 
28/09/26   0:06   22.6   22.6   22.6    57   13.7   0.0   ---   0.00   0.0   ---   22.6   22.6   22.6  1018.5  0.00   0.0   0.000   0.003   24.5    54   14.6   24.6   9.83 1.1733    22.8   21.1   21.7    24    1    100.0    1 
28/09/26   0:07   22.6   22.6   22.6    57   13.7   0.0   ---   0.00   0.0   ---   22.6   22.6   22.6  1018.5  0.00   0.0   0.000   0.003   24.5    54   14.6   24.6   9.83 1.1732    22.8   21.1   21.7    23    1    100.0    1 
28/09/26   0:08   22.6   22.6   22.6    57   13.7   3.2     W   0.05   8.0     W   22.6   22.6   22.6  1018.5  0.00   0.0   0.000   0.003   24.4    54   14.5   24.4   9.83 1.1738    22.8   21.1   21.7    22    1     95.7    1 
28/09/26   0:09   22.6   22.6   22.6    57   13.6   6.4     W   0.11   9.7     W   22.6   22.5   22.5  1018.5  0.00   0.0   0.000   0.003   24.4    54   14.5   24.4   9.83 1.1738    22.8   21.1   21.7    23    1    100.0    1 
28/09/26   0:10   22.6   22.6   22.6    57   13.6   3.2     W   0.05   6.4     W   22.6   22.5   22.5  1018.5  0.00   0.0   0.000   0.003   24.5    54   14.6   24.6   9.83 1.1733    22.8   21.1   21.7    21    1     91.3    1 
28/09/26   0:11   22.5   22.6   22.5    57   13.6   3.2     W   0.05   4.8     W   22.5   22.4   22.4  1018.5  0.00   0.0   0.000   0.003   24.5    54   14.6   24.6   9.83 1.1733    22.8   21.1   21.7    23    1    100.0    1 
28/09/26   0:12   22.5   22.6   22.5    57   13.6   3.2   WNW   0.05   6.4     W   22.5   22.4   22.4  1018.5  0.00   0.0   0.000   0.003   24.5    54   14.6   24.6   9.83 1.1732    22.8   21.1   21.7    23    1    100.0    1 
28/09/26   0:13   22.5   22.5   22.5    57   13.6   3.2     W   0.05   6.4     W   22.5   22.4   22.4  1018.5  0.00   0.0   0.000   0.003   24.4    54   14.5   24.4   9.83 1.1739    22.8   21.1   21.7    24    1    100.0    1 
28/09/26   0:14   22.5   22.5   22.5    57   13.6   4.8   WNW   0.08   6.4     W   22.5   22.4   22.4  1018.5  0.00   0.0   0.000   0.003   24.5    54   14.6   24.6   9.83 1.1733    22.8   21.1   21.7    22    1     95.7    1 
28/09/26   0:15   22.4   22.5   22.4    57   13.5   6.4   WNW   0.11   9.7   WNW   22.4   22.3   22.3  1018.5  0.00   0.0   0.000   0.003   24.5    54   14.6   24.6   9.83 1.1733    22.2   21.1   21.7    23    1    100.0    1 
28/09/26   0:16   22.4   22.5   22.4    57   13.5   6.4     W   0.11   9.7   WNW   22.4   22.3   22.3  1018.5  0.00   0.0   0.000   0.003   24.5    54   14.6   24.6   9.83 1.1733    22.2   21.1   21.7    23    1    100.0    1 
28/09/26   0:17   22.4   22.4   22.4    57   13.5   4.8   WNW   0.08   9.7    NW   22.4   22.3   22.3  1018.5  0.00   0.0   0.000   0.003   24.5    54   14.6   24.6   9.83 1.1733    22.2   21.1   21.7    22    1     95.7    1 
28/09/26   0:18   22.4   22.4   22.4    57   13.5   3.2   WNW   0.05   4.8   WNW   22.4   22.3   22.3  1018.5  0.00   0.0   0.000   0.003   24.5    55   14.9   24.6  10.01 1.1729    22.2   21.1   21.7    23    1    100.0    1 
28/09/26   0:19   22.4   22.4   22.4    57   13.5   4.8   WNW   0.08   6.4   WNW   22.4   22.3   22.3  1018.6  0.00   0.0   0.000   0.003   24.5    54   14.6   24.6   9.83 1.1733    22.2   21.1   21.7    23    1    100.0    1 
28/09/26   0:20   22.4   22.4   22.4    57   13.5   3.2   WNW   0.05   4.8   WNW   22.4   22.3   22.3  1018.6  0.00   0.0   0.000   0.003   24.5    54   14.6   24.6   9.83 1.1733    22.2   21.1   21.7    24    1    100.0    1 
28/09/26   0:21   22.4   22.4   22.4    57   13.5   6.4   WNW   0.11   8.0   WNW   22.4   22.3   22.3  1018.5  0.00   0.0   0.000   0.003   24.5    55   14.9   24.6  10.01 1.1729    22.2   21.1   21.7    23    1    100.0    1 
28/09/26   0:22   22.4   22.4   22.4    57   13.5   4.8    NW   0.08   6.4     W   22.4   22.3   22.3  1018.6  0.00   0.0   0.000   0.003   24.5    54   14.6   24.6   9.83 1.1734    22.2   21.1   21.7    23    1    100.0    1 
28/09/26   0:23   22.4   22.4   22.4    58   13.7   4.8   WNW   0.08   8.0     W   22.4   22.3   22.3  1018.7  0.00   0.0   0.000   0.003   24.5    55   14.9   24.6  10.01 1.1731    22.2   21.1   21.7    24    1    100.0    1 
28/09/26   0:24   22.4   22.4   22.4    58   13.7   6.4   WNW   0.11   8.0   WNW   22.4   22.3   22.3  1018.7  0.00   0.0   0.000   0.003   24.5    55   14.9   24.6  10.01 1.1731    22.2   21.1   21.7    23    1    100.0    1 
28/09/26   0:25   22.4   22.4   22.4    58   13.7   3.2   WNW   0.05   4.8    NW   22.4   22.3   22.3  1018.6  0.00   0.0   0.000   0.003   24.5    55   14.9   24.6  10.01 1.1731    22.2   21.1   21.7    23    1    100.0    1 
28/09/26   0:26   22.4   22.4   22.3    58   13.7   3.2   WNW   0.05   6.4   WNW   22.4   22.3   22.3  1018.6  0.00   0.0   0.000   0.003   24.5    54   14.6   24.6   9.83 1.1734    22.2   21.1   21.7    23    1    100.0    1 
28/09/26   0:27   22.3   22.4   22.3    58   13.7   4.8   NNW   0.08   8.0    NW   22.3   22.2   22.2  1018.6  0.00   0.0   0.000   0.003   24.5    55   14.9   24.6  10.01 1.1731    22.2   21.1   21.7    23    1    100.0    1 
28/09/26   0:28   22.3   22.4   22.3    58   13.7   4.8   NNW   0.08   9.7   NNW   22.3   22.2   22.2  1018.6  0.00   0.0   0.000   0.003   24.5    55   14.9   24.6  10.01 1.1731    22.2   21.1   21.7    23    1    100.0    1 
28/09/26   0:29   22.3   22.3   22.3    58   13.7   8.0    NW   0.13  11.3    NW   22.3   22.2   22.2  1018.6  0.00   0.0   0.000   0.003   24.5    55   14.9   24.6  10.01 1.1730    22.2   21.1   21.7    22    1     95.7    1 
28/09/26   0:30   22.3   22.3   22.3    58   13.7   8.0   NNW   0.13  11.3    NW   22.3   22.2   22.2  1018.6  0.00   0.0   0.000   0.003   24.5    55   14.9   24.6  10.01 1.1730    22.2   21.1   21.7    22    1     95.7    1 
28/09/26   0:31   22.3   22.3   22.3    58   13.7   8.0   NNW   0.13  14.5   NNW   22.3   22.2   22.2  1018.6  0.00   0.0   0.000   0.003   24.5    54   14.6   24.6   9.83 1.1733    22.2   21.1   21.7    23    1    100.0    1 
28/09/26   0:32   22.3   22.3   22.3    58   13.7   9.7   NNW   0.16  12.9   NNW   22.3   22.2   22.2  1018.6  0.00   0.0   0.000   0.003   24.5    55   14.9   24.6  10.01 1.1730    22.2   21.1   21.7    21    1     91.3    1 
28/09/26   0:33   22.3   22.3   22.3    58   13.7   9.7    NW   0.16  14.5   NNW   22.3   22.2   22.2  1018.6  0.00   0.0   0.000   0.003   24.5    55   14.9   24.6  10.01 1.1730    22.2   21.1   21.7    23    1    100.0    1 
28/09/26   0:34   22.3   22.3   22.3    58   13.7   9.7   WNW   0.16  12.9   WNW   22.3   22.2   22.2  1018.6  0.00   0.0   0.000   0.003   24.5    55   14.9   24.6  10.01 1.1730    22.2   21.1   21.7    22    1     95.7    1 
28/09/26   0:35   22.3   22.3   22.3    58   13.6   9.7    NW   0.16  12.9    NW   22.3   22.2   22.2  1018.6  0.00   0.0   0.000   0.003   24.5    55   14.9   24.6  10.01 1.1730    22.2   21.1   21.7    23    1    100.0    1 
28/09/26   0:36   22.3   22.3   22.3    58   13.6   4.8     N   0.08   8.0    NW   22.3   22.2   22.2  1018.6  0.00   0.0   0.000   0.003   24.5    55   14.9   24.6  10.01 1.1730    22.2   21.1   21.7    22    1     95.7    1 
28/09/26   0:37   22.3   22.3   22.3    58   13.6   6.4     N   0.11   9.7     N   22.3   22.2   22.2  1018.6  0.00   0.0   0.000   0.003   24.5    55   14.9   24.6  10.01 1.1730    22.2   21.1   21.7    24    1    100.0    1 
28/09/26   0:38   22.3   22.3   22.3    58   13.6   6.4    NW   0.11   9.7    NW   22.3   22.2   22.2  1018.6  0.00   0.0   0.000   0.003   24.5    55   14.9   24.6  10.01 1.1731    22.2   21.1   21.7    22    1     95.7    1 
28/09/26   0:39   22.3   22.3   22.3    58   13.6   6.4   WNW   0.11   9.7   WNW   22.3   22.2   22.2  1018.6  0.00   0.0   0.000   0.003   24.5    55   14.9   24.6  10.01 1.1730    22.2   21.1   21.7    23    1    100.0    1 
28/09/26   0:40   22.2   22.3   22.2    58   13.6   4.8     N   0.08   9.7    NW   22.2   22.1   22.1  1018.7  0.00   0.0   0.000   0.003   24.5    55   14.9   24.6  10.01 1.1731    22.2   21.1   21.7    23    1    100.0    1 
28/09/26   0:41   22.2   22.2   22.2    58   13.6   8.0   NNW   0.13  11.3    NW   22.2   22.1   22.1  1018.6  0.00   0.0   0.000   0.003   24.5    55   14.9   24.6  10.01 1.1731    22.2   21.1   21.7    22    1     95.7    1 
28/09/26   0:42   22.2   22.2   22.2    59   13.8   4.8    NW   0.08   8.0     N   22.2   22.1   22.1  1018.7  0.00   0.0   0.000   0.003   24.5    55   14.9   24.6  10.01 1.1731    22.2   21.1   21.7    22    1     95.7    1 
28/09/26   0:43   22.2   22.2   22.2    59   13.8   4.8   NNW   0.08   6.4    NW   22.2   22.1   22.1  1018.6  0.00   0.0   0.000   0.003   24.5    55   14.9   24.6  10.01 1.1731    22.2   21.1   21.7    22    1     95.7    1 
28/09/26   0:44   22.2   22.2   22.2    59   13.8   4.8    NW   0.08   9.7    NW   22.2   22.1   22.1  1018.7  0.00   0.0   0.000   0.003   24.5    54   14.6   24.6   9.83 1.1735    22.2   21.1   21.7    24    1    100.0    1 
28/09/26   0:45   22.2   22.2   22.2    58   13.5   9.7   NNW   0.16  11.3   NNW   22.2   22.0   22.0  1018.7  0.00   0.0   0.000   0.003   24.5    55   14.9   24.6  10.01 1.1731    22.2   21.1   21.7    21    1     91.3    1 
28/09/26   0:46   22.1   22.2   22.1    59   13.7   6.4   NNW   0.11  12.9   NNW   22.1   22.0   22.0  1018.6  0.00   0.0   0.000   0.003   24.5    55   14.9   24.6  10.01 1.1731    22.2   21.1   21.7    23    1    100.0    1 
28/09/26   0:47   22.1   22.1   22.1    59   13.7   8.0   NNW   0.13  11.3   NNW   22.1   22.0   22.0  1018.7  0.00   0.0   0.000   0.003   24.5    54   14.6   24.6   9.83 1.1735    22.2   21.1   21.7    23    1    100.0    1 
28/09/26   0:48   22.1   22.1   22.1    59   13.7   8.0   NNW   0.13   9.7     N   22.1   21.9   21.9  1018.7  0.00   0.0   0.000   0.003   24.5    55   14.9   24.6  10.01 1.1731    22.2   21.1   21.7    23    1    100.0    1 
28/09/26   0:49   22.1   22.1   22.1    59   13.7   6.4    NW   0.11   8.0   NNW   22.1   21.9   21.9  1018.6  0.00   0.0   0.000   0.003   24.5    54   14.6   24.6   9.83 1.1734    22.2   21.1   21.7    24    1    100.0    1 
28/09/26   0:50   22.1   22.1   22.0    59   13.7   6.4   NNW   0.11   9.7   NNW   22.1   21.9   21.9  1018.6  0.00   0.0   0.000   0.003   24.5    55   14.9   24.6  10.01 1.1731    22.2   21.1   21.7    23    1    100.0    1 
28/09/26   0:51   22.0   22.1   22.0    59   13.6   9.7    NW   0.16  11.3    NW   22.0   21.8   21.8  1018.6  0.00   0.0   0.000   0.003   24.5    55   14.9   24.6  10.01 1.1731    22.2   21.1   21.7    22    1     95.7    1 
28/09/26   0:52   22.0   22.0   22.0    59   13.6   9.7    NW   0.16  12.9    NW   22.0   21.8   21.8  1018.7  0.00   0.0   0.000   0.003   24.5    54   14.6   24.6   9.83 1.1735    22.2   21.1   21.7    24    1    100.0    1 
28/09/26   0:53   22.0   22.0   22.0    59   13.6   8.0    NW   0.13  12.9   NNW   22.0   21.8   21.8  1018.6  0.00   0.0   0.000   0.003   24.5    54   14.6   24.6   9.83 1.1734    22.2   21.1   21.7    22    1     95.7    1 
28/09/26   0:54   21.9   22.0   21.9    60   13.8   9.7    NW   0.16  11.3    NW   21.9   21.8   21.8  1018.7  0.00   0.0   0.000   0.003   24.5    54   14.6   24.6   9.83 1.1735    22.2   21.1   21.7    23    1    100.0    1 
28/09/26   0:55   21.9   21.9   21.9    60   13.8   9.7   NNW   0.16  12.9   NNW   21.9   21.8   21.8  1018.7  0.00   0.0   0.000   0.003   24.5    54   14.6   24.6   9.83 1.1735    22.2   21.1   21.7    23    1    100.0    1 
28/09/26   0:56   21.9   21.9   21.9    60   13.8   6.4   NNW   0.11  11.3   NNW   21.9   21.7   21.7  1018.7  0.00   0.0   0.000   0.002   24.5    54   14.6   24.6   9.83 1.1735    21.7   21.1   21.7    23    1    100.0    1 
28/09/26   0:57   21.9   21.9   21.9    60   13.8  11.3    NW   0.19  14.5    NW   21.9   21.7   21.7  1018.8  0.00   0.0   0.000   0.002   24.5    54   14.6   24.6   9.83 1.1736    21.7   21.1   21.7    23    1    100.0    1 
28/09/26   0:58   21.9   21.9   21.9    60   13.8  11.3   NNW   0.19  14.5   NNW   21.9   21.7   21.7  1018.8  0.00   0.0   0.000   0.002   24.5    54   14.6   24.6   9.83 1.1736    21.7   21.1   21.7    22    1     95.7    1 
28/09/26   0:59   21.9   21.9   21.9    60   13.8   4.8   NNW   0.08   9.7   NNE   21.9   21.7   21.7  1018.8  0.00   0.0   0.000   0.002   24.5    54   14.6   24.6   9.83 1.1736    21.7   21.1   21.7    24    1    100.0    1 
28/09/26   1:00   21.8   21.9   21.8    60   13.7   8.0    NW   0.13  11.3    NW   21.8   21.7   21.7  1018.8  0.00   0.0   0.000   0.002   24.5    54   14.6   24.6   9.83 1.1736    21.7   21.1   21.7    22    1     95.7    1 
28/09/26   1:01   21.8   21.8   21.8    61   14.0   9.7   NNW   0.16  12.9   NNW   21.8   21.7   21.7  1018.8  0.00   0.0   0.000   0.002   24.5    54   14.6   24.6   9.83 1.1736    21.7   21.1   21.7    23    1    100.0    1 
28/09/26   1:02   21.8   21.8   21.8    61   14.0  12.9    NW   0.21  17.7    NW   21.6   21.7   21.4  1018.8  0.00   0.0   0.000   0.002   24.5    54   14.6   24.6   9.83 1.1736    21.7   21.1   21.7    23    1    100.0    1 
28/09/26   1:03   21.8   21.8   21.8    61   13.9  11.3   NNW   0.19  17.7   NNW   21.8   21.6   21.6  1018.8  0.00   0.0   0.000   0.002   24.5    54   14.6   24.6   9.83 1.1736    21.7   21.1   21.7    23    1    100.0    1 
28/09/26   1:04   21.8   21.8   21.8    61   13.9   9.7    NW   0.16  14.5    NW   21.8   21.6   21.6  1018.8  0.00   0.0   0.000   0.002   24.5    54   14.6   24.6   9.83 1.1736    21.7   21.1   21.7    23    1    100.0    1 
28/09/26   1:05   21.8   21.8   21.8    61   13.9   8.0   NNW   0.13  11.3   NNW   21.8   21.6   21.6  1018.8  0.00   0.0   0.000   0.002   24.5    54   14.6   24.6   9.83 1.1736    21.7   21.1   21.7    23    1    100.0    1 
28/09/26   1:06   21.7   21.8   21.7    61   13.9   8.0    NW   0.13  12.9   NNW   21.7   21.6   21.6  1018.8  0.00   0.0   0.000   0.002   24.5    54   14.6   24.6   9.83 1.1736    21.7   21.1   21.7    24    1    100.0    1 
28/09/26   1:07   21.7   21.7   21.7    61   13.9   9.7   NNW   0.16  11.3   WNW   21.7   21.6   21.6  1018.8  0.00   0.0   0.000   0.002   24.5    54   14.6   24.6   9.83 1.1736    21.7   21.1   21.7    23    1    100.0    1 
28/09/26   1:08   21.7   21.7   21.7    61   13.9  11.3    NW   0.19  16.1    NW   21.7   21.6   21.6  1018.8  0.00   0.0   0.000   0.002   24.5    54   14.6   24.6   9.83 1.1736    21.7   21.1   21.7    24    1    100.0    1 
28/09/26   1:09   21.7   21.7   21.7    61   13.9   9.7    NW   0.16  12.9   NNW   21.7   21.6   21.6  1018.8  0.00   0.0   0.000   0.002   24.5    54   14.6   24.6   9.83 1.1736    21.7   21.1   21.7    23    1    100.0    1 
28/09/26   1:10   21.7   21.7   21.7    61   13.8   8.0    NW   0.13  11.3   NNW   21.7   21.5   21.5  1018.8  0.00   0.0   0.000   0.002   24.5    54   14.6   24.6   9.83 1.1736    21.7   21.1   21.7    23    1    100.0    1 
28/09/26   1:11   21.7   21.7   21.7    61   13.8   8.0   NNW   0.13   9.7    NW   21.7   21.5   21.5  1018.8  0.00   0.0   0.000   0.002   24.5    54   14.6   24.6   9.83 1.1736    21.7   21.1   21.7    24    1    100.0    1 
28/09/26   1:12   21.7   21.7   21.7    61   13.8   6.4    NW   0.11   9.7    NW   21.7   21.5   21.5  1018.8  0.00   0.0   0.000   0.002   24.5    54   14.6   24.6   9.83 1.1736    21.7   21.1   21.7    23    1    100.0    1 
28/09/26   1:13   21.7   21.7   21.7    61   13.8   4.8     N   0.08   8.0     N   21.7   21.5   21.5  1018.9  0.00   0.0   0.000   0.002   24.5    54   14.6   24.6   9.83 1.1737    21.7   21.1   21.7    24    1    100.0    1 
28/09/26   1:14   21.7   21.7   21.7    61   13.8   3.2    NW   0.05   6.4    NW   21.7   21.5   21.5  1018.9  0.00   0.0   0.000   0.002   24.5    54   14.6   24.6   9.83 1.1737    21.7   21.1   21.7    23    1    100.0    1 
28/09/26   1:15   21.7   21.7   21.7    61   13.8   8.0    NW   0.13   9.7    NW   21.7   21.5   21.5  1018.8  0.00   0.0   0.000   0.002   24.5    54   14.6   24.6   9.83 1.1736    21.7   21.1   21.7    23    1    100.0    1 
28/09/26   1:16   21.6   21.7   21.6    62   14.0   4.8   NNW   0.08   6.4   NNW   21.6   21.4   21.4  1018.9  0.00   0.0   0.000   0.002   24.5    54   14.6   24.6   9.83 1.1737    21.7   21.1   21.7    24    1    100.0    1 
28/09/26   1:17   21.6   21.7   21.6    62   14.0   4.8    NW   0.08   8.0   NNW   21.6   21.4   21.4  1018.9  0.00   0.0   0.000   0.002   24.5    54   14.6   24.6   9.83 1.1737    21.7   21.1   21.7    23    1    100.0    1 
28/09/26   1:18   21.6   21.6   21.6    62   14.0   4.8   NNW   0.08   6.4   NNW   21.6   21.4   21.4  1018.9  0.00   0.0   0.000   0.002   24.5    54   14.6   24.6   9.83 1.1737    21.7   21.1   21.7    24    1    100.0    1 
28/09/26   1:19   21.6   21.6   21.6    62   14.0   4.8    NW   0.08   6.4    NW   21.6   21.4   21.4  1018.9  0.00   0.0   0.000   0.002   24.5    54   14.6   24.6   9.83 1.1737    21.7   21.1   21.7    23    1    100.0    1 
28/09/26   1:20   21.6   21.6   21.6    62   14.0   3.2   NNW   0.05   6.4    NW   21.6   21.4   21.4  1018.9  0.00   0.0   0.000   0.002   24.5    54   14.6   24.6   9.83 1.1737    21.7   21.1   21.7    23    1    100.0    1 
28/09/26   1:21   21.6   21.6   21.6    62   14.0   4.8    NW   0.08   6.4    NW   21.6   21.4   21.4  1018.9  0.00   0.0   0.000   0.002   24.5    54   14.6   24.6   9.83 1.1737    21.7   21.1   21.7    23    1    100.0    1 
28/09/26   1:22   21.6   21.6   21.6    62   14.0   6.4   NNW   0.11  11.3    NW   21.6   21.4   21.4  1018.9  0.00   0.0   0.000   0.002   24.5    54   14.6   24.6   9.83 1.1738    21.7   21.1   21.7    22    1     95.7    1 
28/09/26   1:23   21.6   21.6   21.6    62   14.0   6.4    NW   0.11   9.7    NW   21.6   21.4   21.4  1018.9  0.00   0.0   0.000   0.002   24.5    54   14.6   24.6   9.83 1.1738    21.7   21.1   21.7    24    1    100.0    1 
28/09/26   1:24   21.6   21.6   21.6    62   14.0   8.0    NW   0.13  11.3    NW   21.6   21.4   21.4  1019.0  0.00   0.0   0.000   0.002   24.6    54   14.7   24.7   9.82 1.1732    21.7   21.1   21.7    23    1    100.0    1 
28/09/26   1:25   21.6   21.6   21.6    62   14.0   6.4    NW   0.11   9.7   NNW   21.6   21.4   21.4  1018.9  0.00   0.0   0.000   0.002   24.6    54   14.7   24.7   9.82 1.1732    21.7   21.1   21.7    24    1    100.0    1 
28/09/26   1:26   21.6   21.6   21.6    62   14.0   3.2   NNW   0.05   4.8    NW   21.6   21.4   21.4  1019.0  0.00   0.0   0.000   0.002   24.6    55   15.0   24.7  10.00 1.1729    21.7   21.1   21.7    23    1    100.0    1 
28/09/26   1:27   21.6   21.6   21.6    62   14.0   4.8    NW   0.08   8.0    NW   21.6   21.4   21.4  1019.0  0.00   0.0   0.000   0.002   24.6    54   14.7   24.7   9.82 1.1732    21.7   21.1   21.7    23    1    100.0    1 
28/09/26   1:28   21.6   21.6   21.6    62   14.0   6.4   NNW   0.11   8.0   NNW   21.6   21.4   21.4  1019.0  0.00   0.0   0.000   0.002   24.6    55   15.0   24.7  10.00 1.1729    21.7   21.1   21.7    24    1    100.0    1 
28/09/26   1:29   21.6   21.6   21.6    62   14.0   3.2   NNW   0.05   4.8   NNW   21.6   21.4   21.4  1018.9  0.00   0.0   0.000   0.002   24.6    55   15.0   24.7  10.00 1.1728    21.7   21.1   21.7    22    1     95.7    1 
28/09/26   1:30   21.6   21.6   21.6    62   14.0   4.8   NNW   0.08   8.0   NNW   21.6   21.4   21.4  1019.0  0.00   0.0   0.000   0.002   24.6    55   15.0   24.7  10.00 1.1729    21.7   21.1   21.7    24    1    100.0    1 
28/09/26   1:31   21.6   21.6   21.6    62   14.0   3.2   NNW   0.05   6.4    NW   21.6   21.4   21.4  1018.9  0.00   0.0   0.000   0.002   24.6    55   15.0   24.7  10.00 1.1728    21.7   21.1   21.7    23    1    100.0    1 
28/09/26   1:32   21.6   21.6   21.6    62   14.0   4.8    NW   0.08   6.4    NW   21.6   21.4   21.4  1019.0  0.00   0.0   0.000   0.002   24.6    55   15.0   24.7  10.00 1.1729    21.7   21.1   21.7    22    1     95.7    1 
28/09/26   1:33   21.6   21.6   21.6    62   14.0   4.8    NW   0.08  11.3    NW   21.6   21.4   21.4  1018.9  0.00   0.0   0.000   0.002   24.6    55   15.0   24.7  10.00 1.1728    21.7   21.1   21.7    24    1    100.0    1 
28/09/26   1:34   21.6   21.6   21.5    62   14.0   6.4    NW   0.11   8.0    NW   21.6   21.4   21.4  1018.9  0.00   0.0   0.000   0.002   24.6    55   15.0   24.7  10.00 1.1728    21.7   21.1   21.7    22    1     95.7    1 
28/09/26   1:35   21.6   21.6   21.5    62   14.0   4.8   NNW   0.08   6.4   NNW   21.6   21.4   21.4  1019.0  0.00   0.0   0.000   0.002   24.6    55   15.0   24.7  10.00 1.1729    21.7   21.1   21.7    24    1    100.0    1 
28/09/26   1:36   21.5   21.6   21.5    62   13.9   6.4    NW   0.11   8.0   NNW   21.5   21.3   21.3  1018.9  0.00   0.0   0.000   0.002   24.6    55   15.0   24.7  10.00 1.1728    21.7   21.1   21.7    22    1     95.7    1 
28/09/26   1:37   21.5   21.5   21.5    63   14.2   4.8    NW   0.08   8.0   WNW   21.5   21.4   21.4  1018.9  0.00   0.0   0.000   0.002   24.6    55   15.0   24.7  10.00 1.1728    21.7   21.1   21.7    22    1     95.7    1 
28/09/26   1:38   21.5   21.5   21.5    63   14.2   6.4    NW   0.11   8.0    NW   21.5   21.4   21.4  1019.0  0.00   0.0   0.000   0.002   24.6    55   15.0   24.7  10.00 1.1729    21.7   21.1   21.7    23    1    100.0    1 
28/09/26   1:39   21.5   21.5   21.5    63   14.2   4.8   NNW   0.08   8.0    NW   21.5   21.4   21.4  1019.0  0.00   0.0   0.000   0.002   24.6    55   15.0   24.7  10.00 1.1729    21.7   21.1   21.7    21    1     91.3    1 
28/09/26   1:40   21.4   21.5   21.4    63   14.1   6.4    NW   0.11   8.0    NW   21.4   21.3   21.3  1019.0  0.00   0.0   0.000   0.002   24.6    55   15.0   24.7  10.00 1.1729    21.7   21.1   21.7    24    1    100.0    1 
28/09/26   1:41   21.4   21.5   21.4    63   14.1   4.8    NW   0.08   6.4    NW   21.4   21.3   21.3  1018.9  0.00   0.0   0.000   0.002   24.6    55   15.0   24.7  10.00 1.1728    21.7   21.1   21.7    22    1     95.7    1 
28/09/26   1:42   21.4   21.5   21.4    63   14.1   4.8    NW   0.08   6.4    NW   21.4   21.3   21.3  1018.9  0.00   0.0   0.000   0.002   24.6    55   15.0   24.7  10.00 1.1728    21.7   21.1   21.7    22    1     95.7    1 
28/09/26   1:43   21.4   21.4   21.4    63   14.1   4.8   NNW   0.08   4.8   NNW   21.4   21.3   21.3  1019.0  0.00   0.0   0.000   0.002   24.6    55   15.0   24.7  10.00 1.1729    21.7   21.1   21.7    22    1     95.7    1 
28/09/26   1:44   21.4   21.4   21.4    63   14.1   3.2   NNW   0.05   4.8    NW   21.4   21.3   21.3  1018.9  0.00   0.0   0.000   0.002   24.6    55   15.0   24.7  10.00 1.1728    21.7   21.1   21.7    22    1     95.7    1 
28/09/26   1:45   21.4   21.4   21.4    63   14.1   0.0   NNW   0.00   1.6   NNW   21.4   21.3   21.3  1018.9  0.00   0.0   0.000   0.002   24.6    55   15.0   24.7  10.00 1.1728    21.7   21.1   21.7    23    1    100.0    1 
28/09/26   1:46   21.4   21.4   21.4    63   14.1   0.0   ---   0.00   0.0   ---   21.4   21.3   21.3  1018.9  0.00   0.0   0.000   0.002   24.6    55   15.0   24.7  10.00 1.1728    21.7   21.1   21.7    23    1    100.0    1 
28/09/26   1:47   21.4   21.4   21.4    63   14.1   1.6   NNW   0.03   3.2   NNW   21.4   21.3   21.3  1019.0  0.00   0.0   0.000   0.002   24.6    55   15.0   24.7  10.00 1.1729    21.7   21.1   21.7    22    1     95.7    1 
28/09/26   1:48   21.4   21.4   21.4    63   14.1   3.2   NNE   0.05   4.8   NNE   21.4   21.3   21.3  1019.0  0.00   0.0   0.000   0.002   24.6    55   15.0   24.7  10.00 1.1730    21.7   21.1   21.7    23    1    100.0    1 
28/09/26   1:49   21.4   21.4   21.4    63   14.1   3.2   NNE   0.05   4.8    NW   21.4   21.3   21.3  1019.0  0.00   0.0   0.000   0.002   24.6    55   15.0   24.7  10.00 1.1729    21.7   21.1   21.7    24    1    100.0    1 
28/09/26   1:50   21.4   21.4   21.4    63   14.1   4.8    NW   0.08   6.4    NW   21.4   21.3   21.3  1019.0  0.00   0.0   0.000   0.002   24.6    55   15.0   24.7  10.00 1.1729    21.7   21.1   21.7    21    1     91.3    1 
28/09/26   1:51   21.4   21.4   21.4    63   14.1   3.2   NNW   0.05   3.2    NW   21.4   21.2   21.2  1019.0  0.00   0.0   0.000   0.002   24.6    55   15.0   24.7  10.00 1.1729    21.7   21.1   21.7    23    1    100.0    1 
28/09/26   1:52   21.4   21.4   21.4    63   14.1   1.6   NNW   0.03   3.2   NNW   21.4   21.2   21.2  1019.0  0.00   0.0   0.000   0.002   24.6    55   15.0   24.7  10.00 1.1729    21.7   21.1   21.7    23    1    100.0    1 
28/09/26   1:53   21.4   21.4   21.4    63   14.1   1.6   NNW   0.03   3.2   NNW   21.4   21.2   21.2  1019.1  0.00   0.0   0.000   0.002   24.6    55   15.0   24.7  10.00 1.1730    21.7   21.1   21.7    23    1    100.0    1 
28/09/26   1:54   21.4   21.4   21.4    63   14.1   0.0   NNW   0.00   1.6   NNW   21.4   21.2   21.2  1019.0  0.00   0.0   0.000   0.002   24.6    55   15.0   24.7  10.00 1.1730    21.7   21.1   21.7    23    1    100.0    1 
28/09/26   1:55   21.4   21.4   21.4    63   14.1   0.0   NNW   0.00   1.6   NNW   21.4   21.2   21.2  1019.0  0.00   0.0   0.000   0.002   24.6    55   15.0   24.7  10.00 1.1730    21.7   21.1   21.7    23    1    100.0    1 
28/09/26   1:56   21.4   21.4   21.4    64   14.3   0.0   NNW   0.00   1.6   NNW   21.4   21.3   21.3  1019.0  0.00   0.0   0.000   0.002   24.6    55   15.0   24.7  10.00 1.1729    21.7   21.1   21.7    22    1     95.7    1 
28/09/26   1:57   21.4   21.4   21.4    64   14.3   1.6     N   0.03   4.8     N   21.4   21.3   21.3  1019.0  0.00   0.0   0.000   0.002   24.6    55   15.0   24.7  10.00 1.1730    21.7   21.1   21.7    24    1    100.0    1 
28/09/26   1:58   21.4   21.4   21.4    64   14.3   4.8   NNE   0.08   6.4   NNE   21.4   21.3   21.3  1019.0  0.00   0.0   0.000   0.002   24.6    55   15.0   24.7  10.00 1.1730    21.7   21.1   21.7    22    1     95.7    1 
28/09/26   1:59   21.4   21.4   21.4    64   14.3   4.8   NNE   0.08   6.4   NNE   21.4   21.3   21.3  1019.0  0.00   0.0   0.000   0.002   24.6    55   15.0   24.7  10.00 1.1729    21.7   21.1   21.7    23    1    100.0    1 
28/09/26   2:00   21.4   21.4   21.4    64   14.3   3.2   NNE   0.05   6.4   NNE   21.4   21.3   21.3  1019.0  0.00   0.0   0.000   0.002   24.6    55   15.0   24.7  10.00 1.1730    21.7   21.1   21.7    23    1    100.0    1 
28/09/26   2:01   21.4   21.4   21.3    64   14.3   3.2     N   0.05   4.8     N   21.4   21.3   21.3  1019.0  0.00   0.0   0.000   0.002   24.6    55   15.0   24.7  10.00 1.1730    21.7   21.1   21.7    23    1    100.0    1 
28/09/26   2:02   21.3   21.4   21.3    64   14.2   3.2     N   0.05   6.4     N   21.3   21.2   21.2  1019.1  0.00   0.0   0.000   0.002   24.6    55   15.0   24.7  10.00 1.1730    21.1   21.1   21.7    22    1     95.7    1 
28/09/26   2:03   21.3   21.4   21.3    64   14.2   3.2   NNE   0.05   4.8   NNE   21.3   21.2   21.2  1019.1  0.00   0.0   0.000   0.002   24.6    55   15.0   24.7  10.00 1.1730    21.1   21.1   21.7    22    1     95.7    1 
28/09/26   2:04   21.3   21.4   21.3    64   14.2   3.2   NNE   0.05   4.8   NNE   21.3   21.2   21.2  1019.1  0.00   0.0   0.000   0.002   24.6    55   15.0   24.7  10.00 1.1730    21.1   21.1   21.7    24    1    100.0    1 
28/09/26   2:05   21.3   21.3   21.3    64   14.2   3.2   NNE   0.05   4.8   NNE   21.3   21.2   21.2  1019.1  0.00   0.0   0.000   0.002   24.6    55   15.0   24.7  10.00 1.1730    21.1   21.1   21.7    22    1     95.7    1 
28/09/26   2:06   21.3   21.3   21.3    64   14.2   3.2   NNW   0.05   6.4   NNW   21.3   21.2   21.2  1019.1  0.00   0.0   0.000   0.002   24.6    55   15.0   24.7  10.00 1.1730    21.1   21.1   21.7    24    1    100.0    1 
28/09/26   2:07   21.3   21.3   21.3    64   14.2   3.2   NNW   0.05   4.8   NNW   21.3   21.2   21.2  1019.1  0.00   0.0   0.000   0.002   24.6    55   15.0   24.7  10.00 1.1730    21.1   21.1   21.7    22    1     95.7    1 
28/09/26   2:08   21.3   21.3   21.3    64   14.2   1.6   NNW   0.03   3.2   NNW   21.3   21.2   21.2  1019.2  0.00   0.0   0.000   0.002   24.6    55   15.0   24.7  10.00 1.1732    21.1   21.1   21.7    23    1    100.0    1 
28/09/26   2:09   21.3   21.3   21.3    64   14.2   3.2   NNW   0.05   4.8   NNW   21.3   21.2   21.2  1019.2  0.00   0.0   0.000   0.002   24.6    55   15.0   24.7  10.00 1.1732    21.1   21.1   21.7    23    1    100.0    1 
28/09/26   2:10   21.3   21.3   21.3    64   14.2   3.2   NNW   0.05   4.8   NNW   21.3   21.2   21.2  1019.2  0.00   0.0   0.000   0.002   24.6    55   15.0   24.7  10.00 1.1732    21.1   21.1   21.7    23    1    100.0    1 
28/09/26   2:11   21.3   21.3   21.3    64   14.2   4.8    NW   0.08   6.4    NW   21.3   21.2   21.2  1019.2  0.00   0.0   0.000   0.002   24.6    55   15.0   24.7  10.00 1.1732    21.1   21.1   21.7    21    1     91.3    1 
28/09/26   2:12   21.3   21.3   21.3    64   14.2   3.2    NW   0.05   4.8    NW   21.3   21.2   21.2  1019.2  0.00   0.0   0.000   0.002   24.6    55   15.0   24.7  10.00 1.1732    21.1   21.1   21.7    21    1     91.3    1 
28/09/26   2:13   21.3   21.3   21.3    64   14.2   4.8    NW   0.08   6.4    NW   21.3   21.2   21.2  1019.2  0.00   0.0   0.000   0.002   24.6    55   15.0   24.7  10.00 1.1732    21.1   21.1   21.7    23    1    100.0    1 
28/09/26   2:14   21.3   21.3   21.3    64   14.2   4.8   NNW   0.08   6.4   NNW   21.3   21.2   21.2  1019.2  0.00   0.0   0.000   0.002   24.6    55   15.0   24.7  10.00 1.1731    21.1   21.1   21.7    23    1    100.0    1 
28/09/26   2:15   21.3   21.3   21.3    64   14.2   3.2    NW   0.05   4.8   NNW   21.3   21.2   21.2  1019.1  0.00   0.0   0.000   0.002   24.6    55   15.0   24.7  10.00 1.1730    21.1   21.1   21.7    23    1    100.0    1 
28/09/26   2:16   21.3   21.3   21.3    64   14.2   4.8   NNE   0.08   6.4   NNE   21.3   21.2   21.2  1019.0  0.00   0.0   0.000   0.002   24.6    55   15.0   24.7  10.00 1.1730    21.1   21.1   21.7    24    1    100.0    1 
28/09/26   2:17   21.3   21.3   21.3    64   14.2   4.8     N   0.08   6.4     N   21.3   21.2   21.2  1019.0  0.00   0.0   0.000   0.002   24.6    55   15.0   24.7  10.00 1.1729    21.1   21.1   21.7    23    1    100.0    1 
28/09/26   2:18   21.3   21.3   21.3    64   14.2   4.8   NNW   0.08   6.4     N   21.3   21.2   21.2  1018.9  0.00   0.0   0.000   0.002   24.6    55   15.0   24.7  10.00 1.1728    21.1   21.1   21.7    24    1    100.0    1 
28/09/26   2:19   21.3   21.3   21.3    64   14.2   3.2     N   0.05   6.4     N   21.3   21.2   21.2  1019.0  0.00   0.0   0.000   0.002   24.6    55   15.0   24.7  10.00 1.1729    21.1   21.1   21.7    22    1     95.7    1 
28/09/26   2:20   21.3   21.3   21.3    64   14.2   3.2     N   0.05   4.8     N   21.3   21.2   21.2  1019.0  0.00   0.0   0.000   0.002   24.6    55   15.0   24.7  10.00 1.1729    21.1   21.1   21.7    22    1     95.7    1 
28/09/26   2:21   21.3   21.3   21.3    64   14.2   3.2     N   0.05   3.2     N   21.3   21.2   21.2  1019.0  0.00   0.0   0.000   0.002   24.6    55   15.0   24.7  10.00 1.1729    21.1   21.1   21.7    24    1    100.0    1 
28/09/26   2:22   21.3   21.3   21.2    64   14.2   1.6     N   0.03   3.2     N   21.3   21.2   21.2  1019.0  0.00   0.0   0.000   0.002   24.6    55   15.0   24.7  10.00 1.1729    21.1   21.1   21.7    21    1     91.3    1 
28/09/26   2:23   21.2   21.2   21.2    64   14.1   3.2     N   0.05   4.8     N   21.2   21.1   21.1  1019.0  0.00   0.0   0.000   0.002   24.6    55   15.0   24.7  10.00 1.1729    21.1   21.1   21.7    24    1    100.0    1 
28/09/26   2:24   21.2   21.2   21.2    64   14.1   1.6     N   0.03   3.2     N   21.2   21.1   21.1  1019.0  0.00   0.0   0.000   0.002   24.6    55   15.0   24.7  10.00 1.1729    21.1   21.1   21.7    22    1     95.7    1 
28/09/26   2:25   21.2   21.2   21.2    64   14.1   1.6     N   0.03   3.2     N   21.2   21.1   21.1  1018.9  0.00   0.0   0.000   0.002   24.6    55   15.0   24.7  10.00 1.1728    21.1   21.1   21.7    23    1    100.0    1 
28/09/26   2:26   21.2   21.2   21.2    65   14.4   3.2     N   0.05   4.8     N   21.2   21.1   21.1  1019.0  0.00   0.0   0.000   0.002   24.6    55   15.0   24.7  10.00 1.1729    21.1   21.1   21.7    23    1    100.0    1 
28/09/26   2:27   21.2   21.2   21.2    65   14.4   3.2     N   0.05   4.8     N   21.2   21.1   21.1  1018.9  0.00   0.0   0.000   0.002   24.6    55   15.0   24.7  10.00 1.1728    21.1   21.1   21.7    23    1    100.0    1 
28/09/26   2:28   21.2   21.2   21.2    65   14.4   3.2     N   0.05   4.8     N   21.2   21.1   21.1  1018.9  0.00   0.0   0.000   0.002   24.6    55   15.0   24.7  10.00 1.1728    21.1   21.1   21.7    23    1    100.0    1 
28/09/26   2:29   21.2   21.2   21.2    65   14.4   3.2     N   0.05   4.8     N   21.2   21.1   21.1  1018.9  0.00   0.0   0.000   0.002   24.6    55   15.0   24.7  10.00 1.1728    21.1   21.1   21.7    22    1     95.7    1 
28/09/26   2:30   21.2   21.2   21.2    65   14.4   4.8     N   0.08   6.4    NW   21.2   21.1   21.1  1018.9  0.00   0.0   0.000   0.002   24.6    55   15.0   24.7  10.00 1.1728    21.1   21.1   21.7    24    1    100.0    1 
28/09/26   2:31   21.2   21.2   21.2    65   14.4   4.8   NNW   0.08   4.8   NNW   21.2   21.1   21.1  1018.9  0.00   0.0   0.000   0.002   24.6    55   15.0   24.7  10.00 1.1728    21.1   21.1   21.7    23    1    100.0    1 
28/09/26   2:32   21.2   21.2   21.2    65   14.4   3.2   NNW   0.05   4.8   NNW   21.2   21.1   21.1  1018.9  0.00   0.0   0.000   0.002   24.6    55   15.0   24.7  10.00 1.1728    21.1   21.1   21.7    21    1     91.3    1 
28/09/26   2:33   21.2   21.2   21.2    65   14.4   1.6   NNW   0.03   3.2   NNW   21.2   21.1   21.1  1018.9  0.00   0.0   0.000   0.002   24.6    55   15.0   24.7  10.00 1.1728    21.1   21.1   21.7    24    1    100.0    1 
28/09/26   2:34   21.2   21.2   21.2    65   14.3   1.6   NNW   0.03   3.2   NNW   21.2   21.1   21.1  1019.0  0.00   0.0   0.000   0.002   24.6    55   15.0   24.7  10.00 1.1729    21.1   21.1   21.7    22    1     95.7    1 
28/09/26   2:35   21.2   21.2   21.2    65   14.3   3.2     N   0.05   4.8     N   21.2   21.1   21.1  1019.0  0.00   0.0   0.000   0.002   24.6    55   15.0   24.7  10.00 1.1729    21.1   21.1   21.7    24    1    100.0    1 
28/09/26   2:36   21.2   21.2   21.2    65   14.3   3.2     N   0.05   4.8     N   21.2   21.1   21.1  1019.0  0.00   0.0   0.000   0.002   24.6    55   15.0   24.7  10.00 1.1729    21.1   21.1   21.7    23    1    100.0    1 
28/09/26   2:37   21.2   21.2   21.2    65   14.3   3.2     N   0.05   3.2     N   21.2   21.1   21.1  1019.0  0.00   0.0   0.000   0.002   24.6    55   15.0   24.7  10.00 1.1729    21.1   21.1   21.7    23    1    100.0    1 
28/09/26   2:38   21.2   21.2   21.2    65   14.3   3.2     N   0.05   4.8     N   21.2   21.1   21.1  1019.0  0.00   0.0   0.000   0.002   24.6    55   15.0   24.7  10.00 1.1730    21.1   21.1   21.7    24    1    100.0    1 
28/09/26   2:39   21.2   21.2   21.2    65   14.3   1.6     N   0.03   3.2     N   21.2   21.1   21.1  1019.0  0.00   0.0   0.000   0.002   24.7    55   15.0   24.8   9.99 1.1727    21.1   21.1   21.7    23    1    100.0    1 
28/09/26   2:40   21.1   21.2   21.1    65   14.3   3.2   NNW   0.05   4.8     N   21.1   21.0   21.0  1019.0  0.00   0.0   0.000   0.002   24.7    55   15.0   24.8   9.99 1.1727    21.1   21.1   21.7    24    1    100.0    1 
28/09/26   2:41   21.1   21.2   21.1    65   14.3   4.8   NNW   0.08   4.8   NNW   21.1   21.0   21.0  1019.1  0.00   0.0   0.000   0.002   24.7    55   15.0   24.8   9.99 1.1727    21.1   21.1   21.7    23    1    100.0    1 
28/09/26   2:42   21.1   21.1   21.1    65   14.3   3.2   NNW   0.05   4.8   NNW   21.1   21.0   21.0  1019.1  0.00   0.0   0.000   0.002   24.7    55   15.0   24.8   9.99 1.1727    21.1   21.1   21.7    23    1    100.0    1 
28/09/26   2:43   21.1   21.1   21.1    65   14.3   3.2   NNW   0.05   4.8   NNW   21.1   21.0   21.0  1019.1  0.00   0.0   0.000   0.002   24.7    55   15.0   24.8   9.99 1.1727    21.1   21.1   21.7    23    1    100.0    1 
28/09/26   2:44   21.1   21.1   21.1    65   14.3   1.6   NNW   0.03   3.2   NNW   21.1   21.0   21.0  1019.1  0.00   0.0   0.000   0.002   24.7    55   15.0   24.8   9.99 1.1727    21.1   21.1   21.7    22    1     95.7    1 
28/09/26   2:45   21.1   21.1   21.1    65   14.3   1.6   NNW   0.03   3.2   NNW   21.1   21.0   21.0  1019.0  0.00   0.0   0.000   0.002   24.7    55   15.0   24.8   9.99 1.1726    21.1   21.1   21.7    24    1    100.0    1 
28/09/26   2:46   21.1   21.1   21.1    65   14.3   3.2   NNW   0.05   3.2   NNW   21.1   21.0   21.0  1019.0  0.00   0.0   0.000   0.002   24.7    55   15.0   24.8   9.99 1.1726    21.1   21.1   21.7    23    1    100.0    1 
28/09/26   2:47   21.1   21.1   21.1    65   14.3   1.6   NNW   0.03   3.2   NNW   21.1   21.0   21.0  1019.0  0.00   0.0   0.000   0.002   24.7    55   15.0   24.8   9.99 1.1726    21.1   21.1   21.7    24    1    100.0    1 
28/09/26   2:48   21.1   21.1   21.1    65   14.3   3.2   ENE   0.05   4.8   ENE   21.1   21.0   21.0  1019.0  0.00   0.0   0.000   0.002   24.7    55   15.0   24.8   9.99 1.1726    21.1   21.1   21.7    23    1    100.0    1 
28/09/26   2:49   21.1   21.1   21.1    65   14.3   1.6   ENE   0.03   3.2   ENE   21.1   21.0   21.0  1019.0  0.00   0.0   0.000   0.002   24.7    55   15.0   24.8   9.99 1.1726    21.1   21.1   21.7    23    1    100.0    1 
28/09/26   2:50   21.1   21.1   21.1    65   14.3   3.2   ENE   0.05   4.8   ENE   21.1   21.0   21.0  1019.0  0.00   0.0   0.000   0.002   24.7    56   15.3   24.8  10.19 1.1723    21.1   21.1   21.7    24    1    100.0    1 
28/09/26   2:51   21.1   21.1   21.1    65   14.2   3.2   ENE   0.05   6.4   ENE   21.1   20.9   20.9  1019.0  0.00   0.0   0.000   0.002   24.7    56   15.3   24.8  10.19 1.1722    21.1   21.1   21.7    23    1    100.0    1 
28/09/26   2:52   21.1   21.1   21.1    65   14.2   3.2   ENE   0.05   4.8   ENE   21.1   20.9   20.9  1018.9  0.00   0.0   0.000   0.002   24.7    56   15.3   24.8  10.19 1.1722    21.1   21.1   21.7    22    1     95.7    1 
28/09/26   2:53   21.1   21.1   21.1    65   14.2   3.2   ENE   0.05   4.8   ENE   21.1   20.9   20.9  1018.9  0.00   0.0   0.000   0.002   24.7    56   15.3   24.8  10.19 1.1722    21.1   21.1   21.7    23    1    100.0    1 
28/09/26   2:54   21.1   21.1   21.0    65   14.2   3.2   ENE   0.05   4.8   ENE   21.1   20.9   20.9  1018.9  0.00   0.0   0.000   0.002   24.7    56   15.3   24.8  10.19 1.1722    21.1   21.1   21.7    24    1    100.0    1 
28/09/26   2:55   21.0   21.1   21.0    66   14.4   3.2    NE   0.05   4.8     N   21.0   20.9   20.9  1018.9  0.00   0.0   0.000   0.002   24.7    56   15.3   24.8  10.19 1.1722    21.1   21.1   21.7    23    1    100.0    1 
28/09/26   2:56   21.0   21.0   21.0    66   14.4   4.8   ENE   0.08   6.4   ENE   21.0   20.9   20.9  1018.9  0.00   0.0   0.000   0.002   24.7    56   15.3   24.8  10.19 1.1722    21.1   21.1   21.7    23    1    100.0    1 
28/09/26   2:57   21.0   21.0   21.0    66   14.4   1.6   ENE   0.03   3.2   ENE   21.0   20.9   20.9  1019.0  0.00   0.0   0.000   0.002   24.7    56   15.3   24.8  10.19 1.1722    21.1   21.1   21.7    24    1    100.0    1 
28/09/26   2:58   21.0   21.0   21.0    66   14.4   0.0   ENE   0.00   1.6   ENE   21.0   20.9   20.9  1018.9  0.00   0.0   0.000   0.002   24.7    56   15.3   24.8  10.19 1.1722    21.1   21.1   21.7    23    1    100.0    1 
28/09/26   2:59   21.0   21.0   21.0    66   14.4   3.2   ENE   0.05   4.8   ENE   21.0   20.9   20.9  1018.9  0.00   0.0   0.000   0.002   24.7    56   15.3   24.8  10.19 1.1722    21.1   21.1   21.7    24    1    100.0    1 
28/09/26   3:00   20.9   21.0   20.9    66   14.4   4.8   ENE   0.08   6.4   ENE   20.9   20.9   20.9  1018.9  0.00   0.0   0.000   0.002   24.7    56   15.3   24.8  10.19 1.1722    21.1   21.1   21.7    23    1    100.0    1 
28/09/26   3:01   20.9   21.0   20.9    66   14.4   1.6   ENE   0.03   3.2   ENE   20.9   20.9   20.9  1018.9  0.00   0.0   0.000   0.002   24.7    56   15.3   24.8  10.19 1.1721    21.1   21.1   21.7    23    1    100.0    1 
28/09/26   3:02   20.9   20.9   20.9    66   14.4   1.6   ENE   0.03   3.2   ENE   20.9   20.9   20.9  1018.9  0.00   0.0   0.000   0.002   24.7    56   15.3   24.8  10.19 1.1722    21.1   21.1   21.7    23    1    100.0    1 
28/09/26   3:03   20.9   20.9   20.9    66   14.4   1.6   ENE   0.03   3.2   ENE   20.9   20.9   20.9  1018.9  0.00   0.0   0.000   0.002   24.7    56   15.3   24.8  10.19 1.1721    21.1   21.1   21.7    22    1     95.7    1 
28/09/26   3:04   20.9   20.9   20.9    66   14.4   3.2   ENE   0.05   6.4   ENE   20.9   20.9   20.9  1018.9  0.00   0.0   0.000   0.002   24.7    56   15.3   24.8  10.19 1.1721    21.1   21.1   21.7    24    1    100.0    1 
28/09/26   3:05   20.9   20.9   20.9    66   14.4   3.2   ENE   0.05   3.2   ENE   20.9   20.9   20.9  1018.9  0.00   0.0   0.000   0.002   24.7    56   15.3   24.8  10.19 1.1721    21.1   21.1   21.7    22    1     95.7    1 
28/09/26   3:06   20.9   20.9   20.9    66   14.3   1.6   ENE   0.03   3.2   ENE   20.9   20.9   20.9  1018.9  0.00   0.0   0.000   0.002   24.7    56   15.3   24.8  10.19 1.1721    21.1   21.1   21.7    23    1    100.0    1 
28/09/26   3:07   20.9   20.9   20.9    66   14.3   1.6   ENE   0.03   3.2   ENE   20.9   20.9   20.9  1018.9  0.00   0.0   0.000   0.002   24.7    56   15.3   24.8  10.19 1.1722    21.1   21.1   21.7    22    1     95.7    1 
28/09/26   3:08   20.9   20.9   20.9    66   14.3   0.0   ENE   0.00   1.6   ENE   20.9   20.9   20.9  1019.0  0.00   0.0   0.000   0.002   24.7    56   15.3   24.8  10.19 1.1722    21.1   21.1   21.7    23    1    100.0    1 
28/09/26   3:09   20.9   20.9   20.9    66   14.3   0.0   ENE   0.00   1.6   ENE   20.9   20.9   20.9  1018.9  0.00   0.0   0.000   0.002   24.7    56   15.3   24.8  10.19 1.1722    21.1   21.1   21.7    23    1    100.0    1 
28/09/26   3:10   20.9   20.9   20.9    66   14.3   3.2   ENE   0.05   6.4   ENE   20.9   20.9   20.9  1019.0  0.00   0.0   0.000   0.002   24.7    56   15.3   24.8  10.19 1.1722    21.1   21.1   21.7    23    1    100.0    1 
28/09/26   3:11   20.9   20.9   20.9    66   14.3   3.2   ENE   0.05   3.2   ENE   20.9   20.9   20.9  1019.0  0.00   0.0   0.000   0.002   24.7    56   15.3   24.8  10.19 1.1723    21.1   21.1   21.7    23    1    100.0    1 
28/09/26   3:12   20.9   20.9   20.9    66   14.3   1.6   ENE   0.03   3.2   ENE   20.9   20.9   20.9  1019.0  0.00   0.0   0.000   0.002   24.7    56   15.3   24.8  10.19 1.1723    21.1   21.1   21.7    22    1     95.7    1 
28/09/26   3:13   20.8   20.9   20.8    66   14.2   3.2   ENE   0.05   4.8   ENE   20.8   20.8   20.8  1019.0  0.00   0.0   0.000   0.002   24.7    56   15.3   24.8  10.19 1.1723    21.1   21.1   21.7    23    1    100.0    1 
28/09/26   3:14   20.8   20.9   20.8    66   14.2   3.2   ENE   0.05   4.8   ENE   20.8   20.8   20.8  1019.0  0.00   0.0   0.000   0.002   24.7    56   15.3   24.8  10.19 1.1723    21.1   21.1   21.7     9    1     39.1    1 
28/09/26   3:15   20.8   20.8   20.8    66   14.2   0.0   ---   0.00   0.0   ---   20.8   20.8   20.8  1019.0  0.00   0.0   0.000   0.002   24.7    56   15.3   24.8  10.19 1.1723    21.1   21.1   21.7     9    1     39.1    1 
28/09/26   3:16   20.8   20.8   20.8    66   14.2   1.6   ENE   0.03   1.6   ENE   20.8   20.8   20.8  1019.1  0.00   0.0   0.000   0.002   24.7    56   15.3   24.8  10.19 1.1724    21.1   21.1   21.7    24    1    100.0    1 
28/09/26   3:17   20.8   20.8   20.8    66   14.2   0.0   ---   0.00   0.0   ---   20.8   20.8   20.8  1019.1  0.00   0.0   0.000   0.002   24.7    56   15.3   24.8  10.19 1.1724    21.1   21.1   21.7    22    1     95.7    1 
28/09/26   3:18   20.8   20.8   20.8    66   14.2   0.0   ---   0.00   0.0   ---   20.8   20.8   20.8  1019.1  0.00   0.0   0.000   0.002   24.7    56   15.3   24.8  10.19 1.1724    20.6   21.1   21.7    23    1    100.0    1 
28/09/26   3:19   20.8   20.8   20.8    66   14.2   0.0   ENE   0.00   1.6   ENE   20.8   20.8   20.8  1019.1  0.00   0.0   0.000   0.002   24.7    56   15.3   24.8  10.19 1.1724    20.6   21.1   21.7    23    1    100.0    1 
28/09/26   3:20   20.8   20.8   20.8    66   14.2   0.0   ENE   0.00   3.2   ENE   20.8   20.8   20.8  1019.1  0.00   0.0   0.000   0.002   24.7    56   15.3   24.8  10.19 1.1724    20.6   21.1   21.7    23    1    100.0    1 
28/09/26   3:21   20.8   20.8   20.8    66   14.2   3.2   ENE   0.05   4.8   ENE   20.8   20.8   20.8  1019.1  0.00   0.0   0.000   0.002   24.7    56   15.3   24.8  10.19 1.1724    20.6   21.1   21.7    23    1    100.0    1 
28/09/26   3:22   20.8   20.8   20.8    66   14.2   1.6   ENE   0.03   3.2   ENE   20.8   20.8   20.8  1019.1  0.00   0.0   0.000   0.002   24.7    56   15.3   24.8  10.19 1.1724    20.6   21.1   21.7    22    1     95.7    1 
28/09/26   3:23   20.8   20.8   20.8    66   14.2   3.2   ENE   0.05   4.8   ENE   20.8   20.8   20.8  1019.2  0.00   0.0   0.000   0.002   24.7    56   15.3   24.8  10.19 1.1725    20.6   21.1   21.7    23    1    100.0    1 
28/09/26   3:24   20.8   20.8   20.7    66   14.2   0.0   ENE   0.00   1.6   ENE   20.8   20.8   20.8  1019.2  0.00   0.0   0.000   0.002   24.7    56   15.3   24.8  10.19 1.1725    20.6   21.1   21.7    22    1     95.7    1 
28/09/26   3:25   20.7   20.7   20.7    66   14.1   0.0   ENE   0.00   1.6   ENE   20.7   20.7   20.7  1019.2  0.00   0.0   0.000   0.002   24.7    56   15.3   24.8  10.19 1.1725    20.6   21.1   21.7    22    1     95.7    1 
28/09/26   3:26   20.7   20.8   20.7    66   14.1   1.6   ENE   0.03   1.6   ENE   20.7   20.7   20.7  1019.2  0.00   0.0   0.000   0.002   24.7    56   15.3   24.8  10.19 1.1725    20.6   21.1   21.7    24    1    100.0    1 
28/09/26   3:27   20.7   20.7   20.7    66   14.1   0.0   ENE   0.00   1.6   ENE   20.7   20.7   20.7  1019.2  0.00   0.0   0.000   0.002   24.7    56   15.3   24.8  10.19 1.1725    20.6   21.1   21.7    22    1     95.7    1 
28/09/26   3:28   20.7   20.7   20.7    66   14.1   0.0   ENE   0.00   1.6   ENE   20.7   20.7   20.7  1019.2  0.00   0.0   0.000   0.002   24.7    56   15.3   24.8  10.19 1.1725    20.6   21.1   21.7    24    1    100.0    1 
28/09/26   3:29   20.7   20.7   20.7    66   14.1   1.6   ENE   0.03   1.6   ENE   20.7   20.7   20.7  1019.2  0.00   0.0   0.000   0.002   24.7    56   15.3   24.8  10.19 1.1725    20.6   21.1   21.7    21    1     91.3    1 
28/09/26   3:30   20.7   20.7   20.7    66   14.1   1.6   ENE   0.03   1.6   ENE   20.7   20.7   20.7  1019.2  0.00   0.0   0.000   0.002   24.7    56   15.3   24.8  10.19 1.1725    20.6   21.1   21.7    22    1     95.7    1 
28/09/26   3:31   20.7   20.7   20.7    66   14.1   0.0   ---   0.00   0.0   ---   20.7   20.7   20.7  1019.2  0.00   0.0   0.000   0.002   24.7    56   15.3   24.8  10.19 1.1725    20.6   21.1   21.7    24    1    100.0    1 
28/09/26   3:32   20.7   20.7   20.7    66   14.1   0.0   ENE   0.00   1.6   ENE   20.7   20.7   20.7  1019.2  0.00   0.0   0.000   0.002   24.7    56   15.3   24.8  10.19 1.1725    20.6   21.1   21.7    22    1     95.7    1 
28/09/26   3:33   20.7   20.7   20.7    67   14.4   1.6   ENE   0.03   3.2   ENE   20.7   20.8   20.8  1019.2  0.00   0.0   0.000   0.002   24.7    56   15.3   24.8  10.19 1.1725    20.6   21.1   21.7    24    1    100.0    1 
28/09/26   3:34   20.7   20.7   20.7    67   14.3   1.6   ENE   0.03   3.2   ENE   20.7   20.8   20.8  1019.2  0.00   0.0   0.000   0.002   24.7    56   15.3   24.8  10.19 1.1725    20.6   21.1   21.7    22    1     95.7    1 
28/09/26   3:35   20.7   20.7   20.7    67   14.3   0.0   ENE   0.00   1.6   ENE   20.7   20.8   20.8  1019.2  0.00   0.0   0.000   0.002   24.7    56   15.3   24.8  10.19 1.1725    20.6   21.1   21.7    24    1    100.0    1 
28/09/26   3:36   20.7   20.7   20.7    67   14.3   0.0   ---   0.00   0.0   ---   20.7   20.8   20.8  1019.2  0.00   0.0   0.000   0.002   24.7    56   15.3   24.8  10.19 1.1725    20.6   21.1   21.7    22    1     95.7    1 
28/09/26   3:37   20.7   20.7   20.7    67   14.3   0.0   ---   0.00   0.0   ---   20.7   20.8   20.8  1019.3  0.00   0.0   0.000   0.002   24.7    56   15.3   24.8  10.19 1.1726    20.6   21.1   21.7    23    1    100.0    1 
28/09/26   3:38   20.7   20.7   20.7    67   14.3   0.0   ---   0.00   0.0   ---   20.7   20.8   20.8  1019.3  0.00   0.0   0.000   0.002   24.7    56   15.3   24.8  10.19 1.1726    20.6   21.1   21.7    23    1    100.0    1 
28/09/26   3:39   20.7   20.7   20.7    67   14.3   0.0   ---   0.00   0.0   ---   20.7   20.8   20.8  1019.3  0.00   0.0   0.000   0.002   24.7    56   15.3   24.8  10.19 1.1726    20.6   21.1   21.7    23    1    100.0    1 
28/09/26   3:40   20.7   20.7   20.7    67   14.3   0.0   ---   0.00   0.0   ---   20.7   20.8   20.8  1019.3  0.00   0.0   0.000   0.002   24.7    56   15.3   24.8  10.19 1.1726    20.6   21.1   21.7    23    1    100.0    1 
28/09/26   3:41   20.7   20.7   20.7    67   14.3   0.0   ---   0.00   0.0   ---   20.7   20.8   20.8  1019.4  0.00   0.0   0.000   0.002   24.7    56   15.3   24.8  10.19 1.1727    20.6   21.1   21.7    21    1     91.3    1 
28/09/26   3:42   20.7   20.7   20.6    67   14.3   0.0   ---   0.00   0.0   ---   20.7   20.8   20.8  1019.4  0.00   0.0   0.000   0.002   24.7    56   15.3   24.8  10.19 1.1727    20.6   21.1   21.7    23    1    100.0    1 
28/09/26   3:43   20.6   20.7   20.6    67   14.3   0.0   ---   0.00   0.0   ---   20.6   20.7   20.7  1019.3  0.00   0.0   0.000   0.002   24.7    56   15.3   24.8  10.19 1.1727    20.6   21.1   21.7    23    1    100.0    1 
28/09/26   3:44   20.6   20.6   20.6    67   14.3   0.0   ---   0.00   0.0   ---   20.6   20.7   20.7  1019.3  0.00   0.0   0.000   0.002   24.7    56   15.3   24.8  10.19 1.1727    20.6   21.1   21.7    23    1    100.0    1 
28/09/26   3:45   20.6   20.6   20.6    67   14.3   0.0   ENE   0.00   1.6   ENE   20.6   20.7   20.7  1019.3  0.00   0.0   0.000   0.002   24.7    56   15.3   24.8  10.19 1.1727    20.6   21.1   21.7    24    1    100.0    1 
28/09/26   3:46   20.6   20.6   20.6    67   14.3   0.0   ---   0.00   0.0   ---   20.6   20.7   20.7  1019.4  0.00   0.0   0.000   0.002   24.7    56   15.3   24.8  10.19 1.1727    20.6   21.1   21.7    22    1     95.7    1 
28/09/26   3:47   20.6   20.6   20.6    67   14.3   0.0   ENE   0.00   3.2   ENE   20.6   20.7   20.7  1019.3  0.00   0.0   0.000   0.002   24.7    56   15.3   24.8  10.19 1.1727    20.6   21.1   21.7    23    1    100.0    1 
28/09/26   3:48   20.6   20.6   20.6    67   14.3   1.6   ENE   0.03   3.2   ENE   20.6   20.7   20.7  1019.3  0.00   0.0   0.000   0.002   24.7    56   15.3   24.8  10.19 1.1726    20.6   21.1   21.7    22    1     95.7    1 
28/09/26   3:49   20.6   20.6   20.6    67   14.3   3.2   ENE   0.05   3.2   ENE   20.6   20.7   20.7  1019.3  0.00   0.0   0.000   0.002   24.7    56   15.3   24.8  10.19 1.1726    20.6   21.1   21.7    22    1     95.7    1 
28/09/26   3:50   20.6   20.6   20.6    67   14.3   1.6   ENE   0.03   3.2   ENE   20.6   20.7   20.7  1019.4  0.00   0.0   0.000   0.002   24.7    56   15.3   24.8  10.19 1.1727    20.6   21.1   21.7    23    1    100.0    1 
28/09/26   3:51   20.6   20.6   20.6    67   14.3   3.2   ENE   0.05   4.8   ENE   20.6   20.7   20.7  1019.3  0.00   0.0   0.000   0.002   24.7    56   15.3   24.8  10.19 1.1727    20.6   21.1   21.7    23    1    100.0    1 
28/09/26   3:52   20.6   20.6   20.6    67   14.3   3.2   ENE   0.05   4.8   ENE   20.6   20.7   20.7  1019.4  0.00   0.0   0.000   0.002   24.7    56   15.3   24.8  10.19 1.1727    20.6   21.1   21.7    23    1    100.0    1 
28/09/26   3:53   20.6   20.6   20.6    67   14.3   3.2     N   0.05   4.8     N   20.6   20.7   20.7  1019.3  0.00   0.0   0.000   0.002   24.7    56   15.3   24.8  10.19 1.1727    20.6   21.1   21.7    23    1    100.0    1 
28/09/26   3:54   20.6   20.6   20.6    67   14.3   3.2     N   0.05   3.2     N   20.6   20.7   20.7  1019.4  0.00   0.0   0.000   0.002   24.7    56   15.3   24.8  10.19 1.1727    20.6   21.1   21.7    22    1     95.7    1 
28/09/26   3:55   20.6   20.6   20.6    67   14.3   3.2    NW   0.05   4.8     N   20.6   20.7   20.7  1019.4  0.00   0.0   0.000   0.002   24.7    56   15.3   24.8  10.19 1.1727    20.6   21.1   21.7    23    1    100.0    1 
28/09/26   3:56   20.6   20.6   20.6    68   14.5   4.8    NW   0.08   6.4    NW   20.6   20.8   20.8  1019.4  0.00   0.0   0.000   0.002   24.7    56   15.3   24.8  10.19 1.1727    20.6   21.1   21.7    22    1     95.7    1 
28/09/26   3:57   20.6   20.6   20.6    68   14.5   4.8    NW   0.08   6.4    NW   20.6   20.8   20.8  1019.4  0.00   0.0   0.000   0.002   24.7    56   15.3   24.8  10.19 1.1727    20.6   21.1   21.7    22    1     95.7    1 
28/09/26   3:58   20.6   20.6   20.6    68   14.5   4.8    NW   0.08   4.8    NW   20.6   20.8   20.8  1019.3  0.00   0.0   0.000   0.002   24.7    56   15.3   24.8  10.19 1.1727    20.6   21.1   21.7    23    1    100.0    1 
28/09/26   3:59   20.6   20.6   20.6    68   14.5   6.4    NW   0.11   8.0   WNW   20.6   20.8   20.8  1019.3  0.00   0.0   0.000   0.002   24.7    56   15.3   24.8  10.19 1.1727    20.6   21.1   21.7    23    1    100.0    1 
28/09/26   4:00   20.6   20.6   20.6    68   14.5   4.8    NW   0.08   6.4    NW   20.6   20.8   20.8  1019.3  0.00   0.0   0.000   0.002   24.7    56   15.3   24.8  10.19 1.1727    20.6   21.1   21.7    24    1    100.0    1 
28/09/26   4:01   20.6   20.6   20.6    68   14.5   4.8    NW   0.08   6.4    NW   20.6   20.8   20.8  1019.3  0.00   0.0   0.000   0.002   24.7    56   15.3   24.8  10.19 1.1726    20.6   21.1   21.7    23    1    100.0    1 
28/09/26   4:02   20.6   20.6   20.6    68   14.5   4.8   NNW   0.08   6.4    NW   20.6   20.8   20.8  1019.3  0.00   0.0   0.000   0.002   24.7    56   15.3   24.8  10.19 1.1726    20.6   21.1   21.7    24    1    100.0    1 
28/09/26   4:03   20.6   20.6   20.6    68   14.5   4.8    NW   0.08   6.4    NW   20.6   20.8   20.8  1019.2  0.00   0.0   0.000   0.002   24.7    56   15.3   24.8  10.19 1.1725    20.6   21.1   21.7    23    1    100.0    1 
28/09/26   4:04   20.6   20.6   20.6    68   14.5   4.8     N   0.08   6.4     N   20.6   20.8   20.8  1019.3  0.00   0.0   0.000   0.002   24.7    56   15.3   24.8  10.19 1.1726    20.6   21.1   21.7    24    1    100.0    1 
28/09/26   4:05   20.6   20.6   20.6    68   14.5   4.8     N   0.08   6.4     N   20.6   20.8   20.8  1019.3  0.00   0.0   0.000   0.002   24.7    56   15.3   24.8  10.19 1.1726    20.6   21.1   21.7    22    1     95.7    1 
28/09/26   4:06   20.6   20.6   20.6    68   14.5   3.2     N   0.05   6.4     N   20.6   20.8   20.8  1019.2  0.00   0.0   0.000   0.002   24.7    56   15.3   24.8  10.19 1.1725    20.6   21.1   21.7    22    1     95.7    1 
28/09/26   4:07   20.6   20.6   20.6    68   14.5   3.2     N   0.05   4.8   NNW   20.6   20.8   20.8  1019.3  0.00   0.0   0.000   0.002   24.7    56   15.3   24.8  10.19 1.1726    20.6   21.1   21.7    22    1     95.7    1 
28/09/26   4:08   20.6   20.6   20.6    68   14.5   3.2     N   0.05   4.8     N   20.6   20.8   20.8  1019.3  0.00   0.0   0.000   0.002   24.7    56   15.3   24.8  10.19 1.1726    20.6   21.1   21.7    23    1    100.0    1 
28/09/26   4:09   20.6   20.6   20.6    68   14.5   1.6     N   0.03   3.2     N   20.6   20.8   20.8  1019.3  0.00   0.0   0.000   0.002   24.7    56   15.3   24.8  10.19 1.1727    20.6   21.1   21.7    24    1    100.0    1 
28/09/26   4:10   20.6   20.6   20.6    68   14.5   3.2   NNW   0.05   4.8   NNW   20.6   20.8   20.8  1019.3  0.00   0.0   0.000   0.002   24.7    56   15.3   24.8  10.19 1.1727    20.6   21.1   21.7    23    1    100.0    1 
28/09/26   4:11   20.6   20.6   20.6    68   14.5   4.8    NW   0.08   4.8    NW   20.6   20.8   20.8  1019.4  0.00   0.0   0.000   0.002   24.7    56   15.3   24.8  10.19 1.1727    20.6   21.1   21.7    23    1    100.0    1 
28/09/26   4:12   20.6   20.6   20.6    68   14.4   4.8    NW   0.08   6.4    NW   20.6   20.7   20.7  1019.4  0.00   0.0   0.000   0.002   24.7    56   15.3   24.8  10.19 1.1727    20.6   21.1   21.7    23    1    100.0    1 
28/09/26   4:13   20.6   20.6   20.6    68   14.4   3.2    NW   0.05   3.2    NW   20.6   20.7   20.7  1019.4  0.00   0.0   0.000   0.002   24.7    56   15.3   24.8  10.19 1.1727    20.6   21.1   21.7    23    1    100.0    1 
28/09/26   4:14   20.6   20.6   20.6    68   14.4   3.2    NW   0.05   6.4    NW   20.6   20.7   20.7  1019.4  0.00   0.0   0.000   0.002   24.7    56   15.3   24.8  10.19 1.1727    20.6   21.1   21.7    23    1    100.0    1 
28/09/26   4:15   20.6   20.6   20.6    68   14.4   3.2    NW   0.05   4.8    NW   20.6   20.7   20.7  1019.4  0.00   0.0   0.000   0.002   24.7    56   15.3   24.8  10.19 1.1727    20.6   21.1   21.7    23    1    100.0    1 
28/09/26   4:16   20.6   20.6   20.6    68   14.4   3.2   WNW   0.05   4.8    NW   20.6   20.7   20.7  1019.4  0.00   0.0   0.000   0.002   24.7    56   15.3   24.8  10.19 1.1727    20.6   21.1   21.7    24    1    100.0    1 
28/09/26   4:17   20.6   20.6   20.6    68   14.4   3.2   WNW   0.05   4.8    NW   20.6   20.7   20.7  1019.4  0.00   0.0   0.000   0.002   24.7    56   15.3   24.8  10.19 1.1727    20.6   21.1   21.7    20    1     87.0    1 
28/09/26   4:18   20.6   20.6   20.6    68   14.4   3.2   WNW   0.05   4.8   WNW   20.6   20.7   20.7  1019.3  0.00   0.0   0.000   0.002   24.7    56   15.3   24.8  10.19 1.1727    20.6   21.1   21.7    22    1     95.7    1 
28/09/26   4:19   20.6   20.6   20.6    68   14.4   1.6   WNW   0.03   3.2   WNW   20.6   20.7   20.7  1019.2  0.00   0.0   0.000   0.002   24.7    56   15.3   24.8  10.19 1.1725    20.6   21.1   21.7    24    1    100.0    1 
28/09/26   4:20   20.6   20.6   20.6    68   14.4   4.8     N   0.08   8.0     N   20.6   20.7   20.7  1019.3  0.00   0.0   0.000   0.002   24.7    56   15.3   24.8  10.19 1.1726    20.6   21.1   21.7    22    1     95.7    1 
28/09/26   4:21   20.6   20.6   20.6    68   14.4   6.4   NNE   0.11   6.4     N   20.6   20.7   20.7  1019.2  0.00   0.0   0.000   0.002   24.7    56   15.3   24.8  10.19 1.1725    20.6   21.1   21.7    24    1    100.0    1 
28/09/26   4:22   20.6   20.6   20.6    68   14.4   4.8   NNE   0.08   6.4   NNE   20.6   20.7   20.7  1019.2  0.00   0.0   0.000   0.002   24.7    56   15.3   24.8  10.19 1.1725    20.6   21.1   21.7    22    1     95.7    1 
28/09/26   4:23   20.6   20.6   20.6    68   14.4   3.2   NNE   0.05   4.8   NNE   20.6   20.7   20.7  1019.2  0.00   0.0   0.000   0.002   24.7    56   15.3   24.8  10.19 1.1725    20.6   21.1   21.7    23    1    100.0    1 
28/09/26   4:24   20.6   20.6   20.6    68   14.4   4.8   NNE   0.08   6.4   NNW   20.6   20.7   20.7  1019.2  0.00   0.0   0.000   0.002   24.7    56   15.3   24.8  10.19 1.1725    20.6   21.1   21.7    24    1    100.0    1 
28/09/26   4:25   20.6   20.6   20.5    68   14.4   3.2     N   0.05   4.8   NNW   20.6   20.7   20.7  1019.1  0.00   0.0   0.000   0.002   24.8    56   15.4   24.9  10.19 1.1718    20.6   21.1   21.7    23    1    100.0    1 
28/09/26   4:26   20.6   20.6   20.5    68   14.4   3.2     N   0.05   4.8     N   20.6   20.7   20.7  1019.1  0.00   0.0   0.000   0.002   24.8    56   15.4   24.9  10.19 1.1718    20.6   21.1   21.7    23    1    100.0    1 
28/09/26   4:27   20.5   20.6   20.5    68   14.4   3.2     N   0.05   4.8     N   20.5   20.7   20.7  1019.1  0.00   0.0   0.000   0.002   24.7    56   15.3   24.8  10.19 1.1724    20.6   21.1   21.7    23    1    100.0    1 
28/09/26   4:28   20.5   20.5   20.5    68   14.4   4.8   NNE   0.08   4.8   NNE   20.5   20.7   20.7  1019.1  0.00   0.0   0.000   0.002   24.7    56   15.3   24.8  10.19 1.1724    20.6   21.1   21.7    21    1     91.3    1 
28/09/26   4:29   20.5   20.5   20.5    68   14.4   4.8   NNE   0.08   6.4   NNE   20.5   20.7   20.7  1019.1  0.00   0.0   0.000   0.002   24.8    56   15.4   24.9  10.19 1.1718    20.6   21.1   21.7    23    1    100.0    1 
28/09/26   4:30   20.5   20.5   20.5    69   14.6   3.2   NNE   0.05   4.8   NNE   20.5   20.7   20.7  1019.1  0.00   0.0   0.000   0.002   24.8    56   15.4   24.9  10.19 1.1719    20.6   21.1   21.7    21    1     91.3    1 
28/09/26   4:31   20.5   20.5   20.5    69   14.6   3.2   NNE   0.05   4.8     N   20.5   20.7   20.7  1019.1  0.00   0.0   0.000   0.002   24.8    56   15.4   24.9  10.19 1.1719    20.6   21.1   21.7    22    1     95.7    1 
28/09/26   4:32   20.5   20.5   20.5    69   14.6   1.6     N   0.03   4.8   NNW   20.5   20.7   20.7  1019.1  0.00   0.0   0.000   0.002   24.8    56   15.4   24.9  10.19 1.1718    20.6   21.1   21.7    23    1    100.0    1 
28/09/26   4:33   20.5   20.5   20.5    68   14.4   3.2     N   0.05   4.8     N   20.5   20.7   20.7  1019.1  0.00   0.0   0.000   0.002   24.8    56   15.4   24.9  10.19 1.1718    20.6   21.1   21.7    21    1     91.3    1 
28/09/26   4:34   20.5   20.5   20.5    69   14.6   1.6     N   0.03   3.2     N   20.5   20.7   20.7  1019.1  0.00   0.0   0.000   0.002   24.8    56   15.4   24.9  10.19 1.1718    20.6   21.1   21.7    23    1    100.0    1 
28/09/26   4:35   20.5   20.5   20.5    69   14.6   4.8   NNE   0.08   4.8     N   20.5   20.7   20.7  1019.1  0.00   0.0   0.000   0.002   24.8    56   15.4   24.9  10.19 1.1718    20.6   21.1   21.7    21    1     91.3    1 
28/09/26   4:36   20.5   20.5   20.5    69   14.6   4.8   NNE   0.08   6.4   NNE   20.5   20.7   20.7  1019.0  0.00   0.0   0.000   0.002   24.8    56   15.4   24.9  10.19 1.1717    20.6   21.1   21.7    24    1    100.0    1 
28/09/26   4:37   20.4   20.5   20.4    69   14.6   3.2   NNE   0.05   4.8   NNE   20.4   20.7   20.7  1019.0  0.00   0.0   0.000   0.001   24.8    56   15.4   24.9  10.19 1.1717    20.6   21.1   21.7    22    1     95.7    1 
28/09/26   4:38   20.4   20.4   20.4    69   14.6   3.2   NNE   0.05   4.8   NNE   20.4   20.7   20.7  1019.0  0.00   0.0   0.000   0.001   24.8    56   15.4   24.9  10.19 1.1717    20.6   21.1   21.7    22    1     95.7    1 
28/09/26   4:39   20.4   20.4   20.4    69   14.6   1.6   NNE   0.03   3.2   NNE   20.4   20.7   20.7  1019.0  0.00   0.0   0.000   0.001   24.8    56   15.4   24.9  10.19 1.1717    20.6   21.1   21.7    22    1     95.7    1 
28/09/26   4:40   20.4   20.4   20.4    68   14.3   0.0   NNE   0.00   1.6   NNE   20.4   20.6   20.6  1019.0  0.00   0.0   0.000   0.001   24.8    56   15.4   24.9  10.19 1.1717    20.6   21.1   21.7    22    1     95.7    1 
28/09/26   4:41   20.4   20.4   20.4    69   14.6   1.6   NNE   0.03   3.2   NNE   20.4   20.7   20.7  1019.0  0.00   0.0   0.000   0.001   24.8    56   15.4   24.9  10.19 1.1717    20.6   21.1   21.7    24    1    100.0    1 
28/09/26   4:42   20.4   20.4   20.4    68   14.3   1.6   NNE   0.03   3.2   NNE   20.4   20.6   20.6  1019.0  0.00   0.0   0.000   0.001   24.8    56   15.4   24.9  10.19 1.1717    20.6   21.1   21.7    22    1     95.7    1 
28/09/26   4:43   20.4   20.4   20.4    68   14.3   3.2   NNE   0.05   3.2   NNE   20.4   20.6   20.6  1019.0  0.00   0.0   0.000   0.001   24.8    56   15.4   24.9  10.19 1.1717    20.6   21.1   21.7    24    1    100.0    1 
28/09/26   4:44   20.4   20.4   20.4    69   14.6   4.8    NE   0.08   6.4    NE   20.4   20.7   20.7  1019.0  0.00   0.0   0.000   0.001   24.8    56   15.4   24.9  10.19 1.1717    20.6   21.1   21.7    23    1    100.0    1 
28/09/26   4:45   20.4   20.4   20.4    69   14.6   4.8    NE   0.08   6.4   ENE   20.4   20.7   20.7  1019.0  0.00   0.0   0.000   0.001   24.8    56   15.4   24.9  10.19 1.1717    20.6   21.1   21.7    24    1    100.0    1 
28/09/26   4:46   20.4   20.4   20.4    69   14.6   3.2    NE   0.05   6.4   NNE   20.4   20.7   20.7  1019.0  0.00   0.0   0.000   0.001   24.8    56   15.4   24.9  10.19 1.1717    20.6   21.1   21.7    23    1    100.0    1 
28/09/26   4:47   20.4   20.4   20.4    69   14.6   6.4    NE   0.11   6.4    NE   20.4   20.7   20.7  1018.9  0.00   0.0   0.000   0.001   24.8    56   15.4   24.9  10.19 1.1716    20.6   21.1   21.7    22    1     95.7    1 
28/09/26   4:48   20.4   20.4   20.4    69   14.6   3.2    NE   0.05   6.4    NE   20.4   20.7   20.7  1019.0  0.00   0.0   0.000   0.001   24.8    56   15.4   24.9  10.19 1.1717    20.6   21.1   21.7    24    1    100.0    1 
28/09/26   4:49   20.4   20.4   20.4    69   14.5   1.6    NE   0.03   3.2    NE   20.4   20.6   20.6  1019.0  0.00   0.0   0.000   0.001   24.8    56   15.4   24.9  10.19 1.1717    20.6   21.1   21.7    23    1    100.0    1 
28/09/26   4:50   20.4   20.4   20.4    69   14.5   3.2    NE   0.05   4.8    NE   20.4   20.6   20.6  1018.9  0.00   0.0   0.000   0.001   24.8    56   15.4   24.9  10.19 1.1716    20.6   21.1   21.7    24    1    100.0    1 
28/09/26   4:51   20.4   20.4   20.4    69   14.5   4.8    NE   0.08   6.4    NE   20.4   20.6   20.6  1018.9  0.00   0.0   0.000   0.001   24.8    56   15.4   24.9  10.19 1.1716    20.6   21.1   21.7    23    1    100.0    1 
28/09/26   4:52   20.4   20.4   20.4    69   14.5   3.2     E   0.05   6.4     E   20.4   20.6   20.6  1018.9  0.00   0.0   0.000   0.001   24.8    56   15.4   24.9  10.19 1.1715    20.6   21.1   21.7    21    1     91.3    1 
28/09/26   4:53   20.4   20.4   20.4    69   14.5   4.8   ENE   0.08   6.4   ENE   20.4   20.6   20.6  1018.8  0.00   0.0   0.000   0.001   24.8    56   15.4   24.9  10.19 1.1715    20.6   21.1   21.7    24    1    100.0    1 
28/09/26   4:54   20.4   20.4   20.4    69   14.5   3.2   ENE   0.05   4.8   ENE   20.4   20.6   20.6  1018.8  0.00   0.0   0.000   0.001   24.8    56   15.4   24.9  10.19 1.1714    20.6   21.1   21.7    22    1     95.7    1 
28/09/26   4:55   20.4   20.4   20.4    69   14.5   3.2   ENE   0.05   4.8   ENE   20.4   20.6   20.6  1018.8  0.00   0.0   0.000   0.001   24.8    56   15.4   24.9  10.19 1.1714    20.6   21.1   21.7    24    1    100.0    1 
28/09/26   4:56   20.4   20.4   20.4    69   14.5   1.6   ENE   0.03   3.2   ENE   20.4   20.6   20.6  1018.8  0.00   0.0   0.000   0.001   24.8    56   15.4   24.9  10.19 1.1714    20.6   21.1   21.7    22    1     95.7    1 
28/09/26   4:57   20.4   20.4   20.3    69   14.5   0.0   ---   0.00   0.0   ---   20.4   20.6   20.6  1018.8  0.00   0.0   0.000   0.001   24.8    56   15.4   24.9  10.19 1.1715    20.6   21.1   21.7    24    1    100.0    1 
28/09/26   4:58   20.3   20.4   20.3    69   14.5   1.6   ENE   0.03   3.2   ENE   20.3   20.5   20.5  1018.8  0.00   0.0   0.000   0.001   24.8    57   15.7   24.9  10.29 1.1711    20.6   21.1   21.7    22    1     95.7    1 
28/09/26   4:59   20.3   20.3   20.3    69   14.5   1.6   ENE   0.03   3.2   ENE   20.3   20.5   20.5  1018.8  0.00   0.0   0.000   0.001   24.8    57   15.7   24.9  10.29 1.1711    20.6   21.1   21.7    22    1     95.7    1 
28/09/26   5:00   20.3   20.3   20.3    69   14.5   1.6   ENE   0.03   4.8   ENE   20.3   20.5   20.5  1018.9  0.00   0.0   0.000   0.001   24.8    57   15.7   24.9  10.29 1.1712    20.6   21.1   21.7    24    1    100.0    1 
28/09/26   5:01   20.3   20.3   20.3    69   14.5   3.2   ENE   0.05   4.8   ENE   20.3   20.5   20.5  1018.9  0.00   0.0   0.000   0.001   24.8    57   15.7   24.9  10.29 1.1712    20.6   21.1   21.7    22    1     95.7    1 
28/09/26   5:02   20.3   20.3   20.3    69   14.4   3.2   ENE   0.05   4.8   ENE   20.3   20.4   20.4  1018.8  0.00   0.0   0.000   0.001   24.8    57   15.7   24.9  10.29 1.1711    20.6   21.1   21.7    23    1    100.0    1 
28/09/26   5:03   20.3   20.3   20.3    69   14.4   1.6   ENE   0.03   3.2   ENE   20.3   20.4   20.4  1018.9  0.00   0.0   0.000   0.001   24.8    57   15.7   24.9  10.29 1.1712    20.6   21.1   21.7    22    1     95.7    1 
28/09/26   5:04   20.3   20.3   20.3    69   14.4   1.6   ENE   0.03   3.2   ENE   20.3   20.4   20.4  1018.9  0.00   0.0   0.000   0.001   24.8    57   15.7   24.9  10.29 1.1712    20.6   21.1   21.7    22    1     95.7    1 
28/09/26   5:05   20.3   20.3   20.3    69   14.4   1.6   ENE   0.03   3.2   ENE   20.3   20.4   20.4  1018.9  0.00   0.0   0.000   0.001   24.8    57   15.7   24.9  10.29 1.1712    20.6   21.1   21.7    23    1    100.0    1 
28/09/26   5:06   20.3   20.3   20.3    69   14.4   0.0   ENE   0.00   3.2   ENE   20.3   20.4   20.4  1018.9  0.00   0.0   0.000   0.001   24.8    57   15.7   24.9  10.29 1.1712    20.6   21.1   21.7    23    1    100.0    1 
28/09/26   5:07   20.3   20.3   20.3    69   14.4   0.0   ENE   0.00   1.6   ENE   20.3   20.4   20.4  1018.9  0.00   0.0   0.000   0.001   24.8    57   15.7   24.9  10.29 1.1712    20.6   21.1   21.7    23    1    100.0    1 
28/09/26   5:08   20.3   20.3   20.3    69   14.4   1.6   ENE   0.03   3.2   ENE   20.3   20.4   20.4  1018.8  0.00   0.0   0.000   0.001   24.8    56   15.4   24.9  10.19 1.1715    20.6   21.1   21.7    23    1    100.0    1 
28/09/26   5:09   20.3   20.3   20.3    69   14.4   1.6   ENE   0.03   3.2   ENE   20.3   20.4   20.4  1018.8  0.00   0.0   0.000   0.001   24.8    56   15.4   24.9  10.19 1.1715    20.6   21.1   21.7    22    1     95.7    1 
28/09/26   5:10   20.2   20.3   20.2    69   14.3   3.2     E   0.05   4.8     E   20.2   20.4   20.4  1018.8  0.00   0.0   0.000   0.001   24.8    56   15.4   24.9  10.19 1.1715    20.6   21.1   21.7    22    1     95.7    1 
28/09/26   5:11   20.2   20.3   20.2    69   14.3   3.2     N   0.05   4.8    NE   20.2   20.4   20.4  1018.8  0.00   0.0   0.000   0.001   24.8    56   15.4   24.9  10.19 1.1715    20.0   21.1   21.7    23    1    100.0    1 
28/09/26   5:12   20.2   20.2   20.2    69   14.3   3.2    NE   0.05   6.4    NE   20.2   20.4   20.4  1018.8  0.00   0.0   0.000   0.001   24.8    56   15.4   24.9  10.19 1.1715    20.0   21.1   21.7    23    1    100.0    1 
28/09/26   5:13   20.2   20.2   20.2    69   14.3   3.2   ENE   0.05   4.8    NE   20.2   20.4   20.4  1018.8  0.00   0.0   0.000   0.001   24.8    57   15.7   24.9  10.29 1.1711    20.0   21.1   21.7    23    1    100.0    1 
28/09/26   5:14   20.2   20.2   20.2    69   14.3   3.2   ENE   0.05   4.8   ENE   20.2   20.4   20.4  1018.8  0.00   0.0   0.000   0.001   24.8    57   15.7   24.9  10.29 1.1711    20.0   21.1   21.7    22    1     95.7    1 
28/09/26   5:15   20.2   20.2   20.2    69   14.3   3.2   ENE   0.05   4.8   ENE   20.2   20.4   20.4  1018.8  0.00   0.0   0.000   0.001   24.8    57   15.7   24.9  10.29 1.1711    20.0   21.1   21.7    23    1    100.0    1 
28/09/26   5:16   20.2   20.2   20.2    69   14.3   3.2   ENE   0.05   4.8   ENE   20.2   20.3   20.3  1018.8  0.00   0.0   0.000   0.001   24.8    56   15.4   24.9  10.19 1.1714    20.0   21.1   21.7    22    1     95.7    1 
28/09/26   5:17   20.2   20.2   20.2    69   14.3   3.2   ENE   0.05   4.8   ENE   20.2   20.3   20.3  1018.8  0.00   0.0   0.000   0.001   24.8    56   15.4   24.9  10.19 1.1715    20.0   21.1   21.7    24    1    100.0    1 
28/09/26   5:18   20.2   20.2   20.2    69   14.3   1.6   ENE   0.03   3.2   ENE   20.2   20.3   20.3  1018.8  0.00   0.0   0.000   0.001   24.8    57   15.7   24.9  10.29 1.1711    20.0   21.1   21.7    22    1     95.7    1 
28/09/26   5:19   20.2   20.2   20.2    70   14.5   3.2   ENE   0.05   4.8   ENE   20.2   20.4   20.4  1018.8  0.00   0.0   0.000   0.001   24.8    56   15.4   24.9  10.19 1.1715    20.0   21.1   21.7    24    1    100.0    1 
28/09/26   5:20   20.2   20.2   20.2    70   14.5   3.2   ENE   0.05   4.8   ENE   20.2   20.4   20.4  1018.8  0.00   0.0   0.000   0.001   24.8    56   15.4   24.9  10.19 1.1715    20.0   21.1   21.7    22    1     95.7    1 
28/09/26   5:21   20.2   20.2   20.2    70   14.5   0.0   ENE   0.00   1.6   ENE   20.2   20.4   20.4  1018.8  0.00   0.0   0.000   0.001   24.8    56   15.4   24.9  10.19 1.1715    20.0   21.1   21.7    22    1     95.7    1 
28/09/26   5:22   20.2   20.2   20.2    70   14.5   3.2   ENE   0.05   4.8   ENE   20.2   20.4   20.4  1018.8  0.00   0.0   0.000   0.001   24.8    56   15.4   24.9  10.19 1.1715    20.0   21.1   21.7    24    1    100.0    1 
28/09/26   5:23   20.1   20.2   20.1    70   14.5   3.2   ENE   0.05   3.2   ENE   20.1   20.3   20.3  1018.8  0.00   0.0   0.000   0.001   24.8    57   15.7   24.9  10.29 1.1711    20.0   21.1   21.7    22    1     95.7    1 
28/09/26   5:24   20.1   20.1   20.1    70   14.5   1.6   ENE   0.03   1.6   ENE   20.1   20.3   20.3  1018.8  0.00   0.0   0.000   0.001   24.8    57   15.7   24.9  10.29 1.1711    20.0   21.1   21.7    24    1    100.0    1 
28/09/26   5:25   20.1   20.1   20.1    70   14.5   1.6   ENE   0.03   1.6   ENE   20.1   20.3   20.3  1018.8  0.00   0.0   0.000   0.001   24.8    57   15.7   24.9  10.29 1.1711    20.0   21.1   21.7    22    1     95.7    1 
28/09/26   5:26   20.1   20.1   20.1    70   14.5   0.0   NNE   0.00   3.2   NNE   20.1   20.3   20.3  1018.8  0.00   0.0   0.000   0.001   24.8    57   15.7   24.9  10.29 1.1711    20.0   21.1   21.7    24    1    100.0    1 
28/09/26   5:27   20.1   20.1   20.1    70   14.5   4.8   ENE   0.08   6.4   NNE   20.1   20.3   20.3  1018.8  0.00   0.0   0.000   0.001   24.8    57   15.7   24.9  10.29 1.1711    20.0   21.1   21.7    22    1     95.7    1 
28/09/26   5:28   20.1   20.1   20.1    70   14.5   3.2   ENE   0.05   4.8   ENE   20.1   20.3   20.3  1018.8  0.00   0.0   0.000   0.001   24.8    57   15.7   24.9  10.29 1.1711    20.0   21.1   21.7    22    1     95.7    1 
28/09/26   5:29   20.1   20.1   20.1    70   14.5   1.6   ENE   0.03   4.8   ENE   20.1   20.3   20.3  1018.8  0.00   0.0   0.000   0.001   24.8    57   15.7   24.9  10.29 1.1711    20.0   21.1   21.7    24    1    100.0    1 
28/09/26   5:30   20.1   20.1   20.1    70   14.5   1.6   ENE   0.03   3.2   ENE   20.1   20.3   20.3  1018.8  0.00   0.0   0.000   0.001   24.8    57   15.7   24.9  10.29 1.1711    20.0   21.1   21.7    23    1    100.0    1 
28/09/26   5:31   20.1   20.1   20.1    70   14.4   1.6   ENE   0.03   3.2   ENE   20.1   20.2   20.2  1018.8  0.00   0.0   0.000   0.001   24.8    57   15.7   24.9  10.29 1.1711    20.0   21.1   21.7    24    1    100.0    1 
28/09/26   5:32   20.1   20.1   20.1    70   14.4   1.6   ENE   0.03   3.2   ENE   20.1   20.2   20.2  1018.8  0.00   0.0   0.000   0.001   24.8    57   15.7   24.9  10.29 1.1711    20.0   21.1   21.7    23    1    100.0    1 
28/09/26   5:33   20.1   20.1   20.1    70   14.4   0.0   ---   0.00   0.0   ---   20.1   20.2   20.2  1018.9  0.00   0.0   0.000   0.001   24.8    57   15.7   24.9  10.29 1.1712    20.0   21.1   21.7    23    1    100.0    1 
28/09/26   5:34   20.1   20.1   20.1    70   14.4   4.8     N   0.08   6.4   NNE   20.1   20.2   20.2  1018.9  0.00   0.0   0.000   0.001   24.8    57   15.7   24.9  10.29 1.1712    20.0   21.1   21.7    24    1    100.0    1 
28/09/26   5:35   20.1   20.1   20.1    70   14.4   4.8   NNE   0.08   6.4   NNE   20.1   20.2   20.2  1018.9  0.00   0.0   0.000   0.001   24.8    57   15.7   24.9  10.29 1.1712    20.0   21.1   21.7    23    1    100.0    1 
28/09/26   5:36   20.0   20.1   20.0    70   14.4   3.2   NNE   0.05   3.2   NNE   20.0   20.2   20.2  1018.9  0.00   0.0   0.000   0.001   24.8    57   15.7   24.9  10.29 1.1712    20.0   21.1   21.7    24    1    100.0    1 
28/09/26   5:37   20.0   20.0   20.0    70   14.4   1.6   NNE   0.03   3.2   NNE   20.0   20.2   20.2  1018.9  0.00   0.0   0.000   0.001   24.8    57   15.7   24.9  10.29 1.1712    20.0   21.1   21.7    23    1    100.0    1 
28/09/26   5:38   20.0   20.0   20.0    70   14.4   1.6   NNE   0.03   3.2   NNE   20.0   20.2   20.2  1018.9  0.00   0.0   0.000   0.001   24.8    57   15.7   24.9  10.29 1.1712    20.0   21.1   21.7    24    1    100.0    1 
28/09/26   5:39   20.0   20.0   20.0    70   14.4   3.2   NNE   0.05   6.4    NE   20.0   20.2   20.2  1018.9  0.00   0.0   0.000   0.001   24.8    57   15.7   24.9  10.29 1.1713    20.0   21.1   21.7    23    1    100.0    1 
28/09/26   5:40   20.0   20.0   20.0    70   14.4   4.8    NE   0.08   6.4    NE   20.0   20.2   20.2  1018.9  0.00   0.0   0.000   0.001   24.8    57   15.7   24.9  10.29 1.1712    20.0   21.1   21.7    23    1    100.0    1 
28/09/26   5:41   19.9   20.0   19.9    70   14.3   3.2   NNE   0.05   4.8   NNE   19.9   20.1   20.1  1018.9  0.00   0.0   0.000   0.001   24.8    57   15.7   24.9  10.29 1.1712    20.0   21.1   21.7    24    1    100.0    1 
28/09/26   5:42   19.9   19.9   19.9    70   14.3   3.2   NNE   0.05   4.8   NNE   19.9   20.1   20.1  1018.9  0.00   0.0   0.000   0.001   24.8    57   15.7   24.9  10.29 1.1713    20.0   21.1   21.7    23    1    100.0    1 
28/09/26   5:43   19.9   19.9   19.9    70   14.3   3.2   ENE   0.05   6.4    NE   19.9   20.1   20.1  1018.9  0.00   0.0   0.000   0.001   24.8    57   15.7   24.9  10.29 1.1712    20.0   21.1   21.7    24    1    100.0    1 
28/09/26   5:44   19.9   19.9   19.9    70   14.3   4.8    NE   0.08   6.4    NE   19.9   20.1   20.1  1018.9  0.00   0.0   0.000   0.001   24.8    57   15.7   24.9  10.29 1.1712    20.0   21.1   21.7    22    1     95.7    1 
28/09/26   5:45   19.9   19.9   19.9    70   14.3   3.2   NNE   0.05   6.4   NNE   19.9   20.1   20.1  1018.9  0.00   0.0   0.000   0.001   24.8    57   15.7   24.9  10.29 1.1712    20.0   21.1   21.7    23    1    100.0    1 
28/09/26   5:46   19.9   19.9   19.9    70   14.3   3.2    NE   0.05   4.8    NE   19.9   20.1   20.1  1018.9  0.00   0.0   0.000   0.001   24.8    57   15.7   24.9  10.29 1.1712    20.0   21.1   21.7    24    1    100.0    1 
28/09/26   5:47   19.9   19.9   19.9    70   14.3   3.2     N   0.05   4.8     N   19.9   20.1   20.1  1018.9  0.00   0.0   0.000   0.001   24.8    57   15.7   24.9  10.29 1.1712    20.0   21.1   21.7    22    1     95.7    1 
28/09/26   5:48   19.9   19.9   19.9    70   14.3   3.2     N   0.05   4.8     N   19.9   20.1   20.1  1018.9  0.00   0.0   0.000   0.001   24.8    57   15.7   24.9  10.29 1.1713    20.0   21.1   21.7    24    1    100.0    1 
28/09/26   5:49   19.9   19.9   19.9    70   14.3   3.2    NE   0.05   6.4    NE   19.9   20.1   20.1  1019.0  0.00   0.0   0.000   0.001   24.8    57   15.7   24.9  10.29 1.1713    20.0   21.1   21.7    23    1    100.0    1 
28/09/26   5:50   19.9   19.9   19.9    70   14.3   3.2    NE   0.05   4.8    NE   19.9   20.1   20.1  1019.0  0.00   0.0   0.000   0.001   24.8    57   15.7   24.9  10.29 1.1713    20.0   21.1   21.7    24    1    100.0    1 
28/09/26   5:51   19.9   19.9   19.9    71   14.5   3.2   ENE   0.05   6.4   ENE   19.9   20.1   20.1  1019.0  0.00   0.0   0.000   0.001   24.8    57   15.7   24.9  10.29 1.1713    20.0   21.1   21.7    23    1    100.0    1 
28/09/26   5:52   19.9   19.9   19.9    71   14.5   3.2   ENE   0.05   4.8   ENE   19.9   20.1   20.1  1019.0  0.00   0.0   0.000   0.001   24.8    57   15.7   24.9  10.29 1.1713    20.0   21.1   21.7    21    1     91.3    1 
28/09/26   5:53   19.8   19.9   19.8    71   14.4   3.2   NNE   0.05   4.8   NNE   19.8   20.0   20.0  1019.1  0.00   0.0   0.000   0.001   24.8    57   15.7   24.9  10.29 1.1714    20.0   21.1   21.7    24    1    100.0    1 
28/09/26   5:54   19.8   19.9   19.8    71   14.4   3.2   NNE   0.05   4.8   NNE   19.8   20.0   20.0  1019.1  0.00   0.0   0.000   0.001   24.8    57   15.7   24.9  10.29 1.1714    20.0   21.1   21.7    22    1     95.7    1 
28/09/26   5:55   19.8   19.9   19.8    71   14.4   3.2   NNE   0.05   6.4    NE   19.8   20.0   20.0  1019.1  0.00   0.0   0.000   0.001   24.8    57   15.7   24.9  10.29 1.1714    20.0   21.1   21.7    24    1    100.0    1 
28/09/26   5:56   19.8   19.8   19.8    71   14.4   3.2    NE   0.05   4.8    NE   19.8   20.0   20.0  1019.1  0.00   0.0   0.000   0.001   24.8    57   15.7   24.9  10.29 1.1714    20.0   21.1   21.7    23    1    100.0    1 
28/09/26   5:57   19.8   19.8   19.8    71   14.4   1.6    NE   0.03   3.2    NE   19.8   20.0   20.0  1019.1  0.00   0.0   0.000   0.001   24.8    57   15.7   24.9  10.29 1.1715    20.0   21.1   21.7    23    1    100.0    1 
28/09/26   5:58   19.8   19.8   19.8    71   14.4   0.0   ---   0.00   0.0   ---   19.8   20.0   20.0  1019.1  0.00   0.0   0.000   0.001   24.8    57   15.7   24.9  10.29 1.1715    20.0   21.1   21.7    23    1    100.0    1 
28/09/26   5:59   19.8   19.8   19.8    71   14.4   0.0   ---   0.00   0.0   ---   19.8   20.0   20.0  1019.2  0.00   0.0   0.000   0.001   24.8    57   15.7   24.9  10.29 1.1715    20.0   21.1   21.7    23    1    100.0    1 
28/09/26   6:00   19.8   19.8   19.8    71   14.4   1.6    NE   0.03   4.8    NE   19.8   19.9   19.9  1019.2  0.00   0.0   0.000   0.001   24.8    57   15.7   24.9  10.29 1.1716    20.0   21.1   21.7    24    1    100.0    1 
28/09/26   6:01   19.8   19.8   19.8    71   14.4   1.6    NE   0.03   4.8    NE   19.8   19.9   19.9  1019.2  0.00   0.0   0.000   0.001   24.8    57   15.7   24.9  10.29 1.1716    20.0   21.1   21.7    22    1     95.7    1 
28/09/26   6:02   19.8   19.8   19.8    71   14.4   4.8    NE   0.08   4.8    NE   19.8   19.9   19.9  1019.3  0.00   0.0   0.000   0.001   24.8    57   15.7   24.9  10.29 1.1717    20.0   21.1   21.7    23    1    100.0    1 
28/09/26   6:03   19.8   19.8   19.8    71   14.4   3.2   NNW   0.05   4.8    NE   19.8   19.9   19.9  1019.2  0.00   0.0   0.000   0.001   24.8    57   15.7   24.9  10.29 1.1716    20.0   21.1   21.7    21    1     91.3    1 
28/09/26   6:04   19.8   19.8   19.8    71   14.4   3.2   NNW   0.05   3.2   NNW   19.8   19.9   19.9  1019.2  0.00   0.0   0.000   0.001   24.8    57   15.7   24.9  10.29 1.1716    20.0   21.1   21.7    22    1     95.7    1 
28/09/26   6:05   19.8   19.8   19.8    71   14.4   3.2   NNW   0.05   4.8   NNW   19.8   19.9   19.9  1019.2  0.00   0.0   0.000   0.001   24.8    57   15.7   24.9  10.29 1.1716    20.0   21.1   21.7    24    1    100.0    1 
28/09/26   6:06   19.8   19.8   19.8    71   14.4   4.8   NNE   0.08   6.4   NNE   19.8   19.9   19.9  1019.2  0.00   0.0   0.000   0.001   24.8    57   15.7   24.9  10.29 1.1715    20.0   21.1   21.7    22    1     95.7    1 
28/09/26   6:07   19.8   19.8   19.8    71   14.4   3.2   NNE   0.05   4.8   NNE   19.8   19.9   19.9  1019.2  0.00   0.0   0.000   0.001   24.8    57   15.7   24.9  10.29 1.1716    20.0   21.1   21.7    24    1    100.0    1 
28/09/26   6:08   19.7   19.8   19.7    71   14.3   3.2   NNE   0.05   4.8   NNE   19.7   19.9   19.9  1019.2  0.00   0.0   0.000   0.001   24.8    57   15.7   24.9  10.29 1.1716    20.0   21.1   21.7    22    1     95.7    1 
28/09/26   6:09   19.8   19.8   19.7    71   14.4   1.6   NNE   0.03   3.2   NNE   19.8   19.9   19.9  1019.2  0.00   0.0   0.000   0.001   24.8    57   15.7   24.9  10.29 1.1716    20.0   21.1   21.7    23    1    100.0    1 
28/09/26   6:10   19.7   19.7   19.7    71   14.3   3.2   NNE   0.05   4.8   NNE   19.7   19.9   19.9  1019.2  0.00   0.0   0.000   0.001   24.8    57   15.7   24.9  10.29 1.1715    20.0   21.1   21.7    23    1    100.0    1 
28/09/26   6:11   19.7   19.7   19.7    71   14.3   3.2   NNE   0.05   4.8   NNE   19.7   19.9   19.9  1019.2  0.00   0.0   0.000   0.001   24.8    57   15.7   24.9  10.29 1.1716    20.0   21.1   21.7    23    1    100.0    1 
28/09/26   6:12   19.7   19.7   19.7    71   14.3   4.8   NNW   0.08   4.8     N   19.7   19.9   19.9  1019.3  0.00   0.0   0.000   0.001   24.8    57   15.7   24.9  10.29 1.1717    20.0   21.1   21.7    23    1    100.0    1 
28/09/26   6:13   19.7   19.7   19.7    71   14.3   3.2   NNW   0.05   4.8   NNW   19.7   19.9   19.9  1019.2  0.00   0.0   0.000   0.001   24.8    57   15.7   24.9  10.29 1.1716    20.0   21.1   21.7    23    1    100.0    1 
28/09/26   6:14   19.7   19.7   19.7    71   14.3   4.8   NNW   0.08   4.8   NNW   19.7   19.9   19.9  1019.2  0.00   0.0   0.000   0.001   24.8    57   15.7   24.9  10.29 1.1716    20.0   21.1   21.7    23    1    100.0    1 
28/09/26   6:15   19.7   19.7   19.7    71   14.3   4.8   NNW   0.08   6.4   NNW   19.7   19.9   19.9  1019.2  0.00   0.0   0.000   0.001   24.8    57   15.7   24.9  10.29 1.1716    20.0   21.1   21.7    24    1    100.0    1 
28/09/26   6:16   19.7   19.7   19.7    71   14.3   4.8   NNW   0.08   6.4   NNW   19.7   19.8   19.8  1019.2  0.00   0.0   0.000   0.001   24.8    57   15.7   24.9  10.29 1.1716    19.4   21.1   21.7    23    1    100.0    1 
28/09/26   6:17   19.7   19.7   19.7    71   14.3   4.8   NNW   0.08   6.4   NNW   19.7   19.8   19.8  1019.3  0.00   0.0   0.000   0.001   24.8    57   15.7   24.9  10.29 1.1717    19.4   21.1   21.7    24    1    100.0    1 
28/09/26   6:18   19.7   19.7   19.7    71   14.3   4.8   NNW   0.08   6.4   NNW   19.7   19.8   19.8  1019.2  0.00   0.0   0.000   0.001   24.8    57   15.7   24.9  10.29 1.1716    19.4   21.1   21.7    23    1    100.0    1 
28/09/26   6:19   19.7   19.7   19.7    72   14.5   4.8     N   0.08   6.4   NNW   19.7   19.8   19.8  1019.3  0.00   0.0   0.000   0.001   24.8    57   15.7   24.9  10.29 1.1717    19.4   21.1   21.7    23    1    100.0    1 
28/09/26   6:20   19.7   19.7   19.7    72   14.5   4.8     N   0.08   4.8     N   19.7   19.8   19.8  1019.3  0.00   0.0   0.000   0.001   24.8    57   15.7   24.9  10.29 1.1717    19.4   21.1   21.7    23    1    100.0    1 
28/09/26   6:21   19.7   19.7   19.7    72   14.5   3.2     N   0.05   4.8     N   19.7   19.8   19.8  1019.3  0.00   0.0   0.000   0.001   24.8    57   15.7   24.9  10.29 1.1717    19.4   21.1   21.7    23    1    100.0    1 
28/09/26   6:22   19.7   19.7   19.6    72   14.5   3.2     N   0.05   4.8     N   19.7   19.8   19.8  1019.3  0.00   0.0   0.000   0.001   24.8    57   15.7   24.9  10.29 1.1717    19.4   21.1   21.7    24    1    100.0    1 
28/09/26   6:23   19.6   19.7   19.6    72   14.4   3.2     N   0.05   4.8     N   19.6   19.8   19.8  1019.3  0.00   0.0   0.000   0.001   24.8    57   15.7   24.9  10.29 1.1717    19.4   21.1   21.7    22    1     95.7    1 
28/09/26   6:24   19.6   19.7   19.6    72   14.4   3.2     N   0.05   4.8     N   19.6   19.8   19.8  1019.3  0.00   0.0   0.000   0.001   24.8    57   15.7   24.9  10.29 1.1717    19.4   21.1   21.7    24    1    100.0    1 
28/09/26   6:25   19.6   19.6   19.6    72   14.4   4.8     N   0.08   4.8     N   19.6   19.8   19.8  1019.3  0.00   0.0   0.000   0.001   24.8    57   15.7   24.9  10.29 1.1717    19.4   21.1   21.7    22    1     95.7    1 
28/09/26   6:26   19.6   19.6   19.6    72   14.4   6.4   NNW   0.11   8.0   NNW   19.6   19.8   19.8  1019.3  0.00   0.0   0.000   0.001   24.8    57   15.7   24.9  10.29 1.1717    19.4   21.1   21.7    23    1    100.0    1 
28/09/26   6:27   19.6   19.6   19.6    72   14.4   4.8   NNW   0.08   6.4     N   19.6   19.8   19.8  1019.3  0.00   0.0   0.000   0.001   24.8    57   15.7   24.9  10.29 1.1717    19.4   21.1   21.7    23    1    100.0    1 
28/09/26   6:28   19.6   19.6   19.6    72   14.4   6.4     N   0.11   6.4     N   19.6   19.8   19.8  1019.4  0.00   0.0   0.000   0.001   24.8    57   15.7   24.9  10.29 1.1718    19.4   21.1   21.7    22    1     95.7    1 
28/09/26   6:29   19.6   19.6   19.6    72   14.4   6.4   NNW   0.11   8.0   NNW   19.6   19.8   19.8  1019.4  0.00   0.0   0.000   0.001   24.8    57   15.7   24.9  10.29 1.1718    19.4   21.1   21.7    23    1    100.0    1 
28/09/26   6:30   19.6   19.6   19.6    72   14.4   4.8     N   0.08   6.4     N   19.6   19.8   19.8  1019.3  0.00   0.0   0.000   0.001   24.8    57   15.7   24.9  10.29 1.1717    19.4   21.1   21.7    22    1     95.7    1 
28/09/26   6:31   19.6   19.6   19.6    72   14.4   4.8   NNW   0.08   6.4   NNE   19.6   19.8   19.8  1019.3  0.00   0.0   0.000   0.001   24.8    57   15.7   24.9  10.29 1.1717    19.4   21.1   21.7    24    1    100.0    1 
28/09/26   6:32   19.6   19.6   19.6    72   14.4   4.8    NW   0.08   6.4    NW   19.6   19.8   19.8  1019.3  0.00   0.0   0.000   0.001   24.8    57   15.7   24.9  10.29 1.1717    19.4   21.1   21.7    22    1     95.7    1 
28/09/26   6:33   19.6   19.6   19.6    72   14.4   3.2    NW   0.05   6.4     N   19.6   19.8   19.8  1019.4  0.00   0.0   0.000   0.001   24.8    57   15.7   24.9  10.29 1.1718    19.4   21.1   21.7    23    1    100.0    1 
28/09/26   6:34   19.6   19.6   19.6    72   14.4   3.2     N   0.05   6.4     N   19.6   19.8   19.8  1019.4  0.00   0.0   0.000   0.001   24.8    57   15.7   24.9  10.29 1.1718    19.4   21.1   21.7    23    1    100.0    1 
28/09/26   6:35   19.6   19.6   19.6    72   14.4   4.8   NNW   0.08   6.4    NW   19.6   19.8   19.8  1019.4  0.00   0.0   0.000   0.001   24.8    57   15.7   24.9  10.29 1.1718    19.4   21.1   21.7    22    1     95.7    1 
28/09/26   6:36   19.6   19.6   19.6    72   14.4   3.2    NW   0.05   4.8    NW   19.6   19.8   19.8  1019.4  0.00   0.0   0.000   0.001   24.8    57   15.7   24.9  10.29 1.1718    19.4   21.1   21.7    23    1    100.0    1 
28/09/26   6:37   19.6   19.6   19.6    72   14.4   6.4    NW   0.11   8.0    NW   19.6   19.8   19.8  1019.4  0.00   0.0   0.000   0.001   24.8    57   15.7   24.9  10.29 1.1718    19.4   21.1   21.7    23    1    100.0    1 
28/09/26   6:38   19.6   19.6   19.6    72   14.4   4.8     N   0.08   8.0    NW   19.6   19.8   19.8  1019.4  0.00   0.0   0.000   0.001   24.8    57   15.7   24.9  10.29 1.1718    19.4   21.1   21.7    22    1     95.7    1 
28/09/26   6:39   19.6   19.6   19.6    72   14.4   6.4    NW   0.11   8.0    NW   19.6   19.8   19.8  1019.4  0.00   0.0   0.000   0.001   24.8    57   15.7   24.9  10.29 1.1718    19.4   21.1   21.7    23    1    100.0    1 
28/09/26   6:40   19.6   19.6   19.6    72   14.4   8.0   NNW   0.13  11.3   NNW   19.6   19.8   19.8  1019.4  0.00   0.0   0.000   0.001   24.8    57   15.7   24.9  10.29 1.1718    19.4   21.1   21.7    23    1    100.0    1 
28/09/26   6:41   19.6   19.6   19.6    72   14.4   8.0   NNW   0.13  11.3   NNW   19.6   19.8   19.8  1019.4  0.00   0.0   0.000   0.001   24.8    57   15.7   24.9  10.29 1.1718    19.4   21.1   21.7    23    1    100.0    1 
28/09/26   6:42   19.6   19.6   19.6    72   14.4   4.8     N   0.08   6.4     N   19.6   19.7   19.7  1019.4  0.00   0.0   0.000   0.001   24.8    57   15.7   24.9  10.29 1.1718    19.4   21.1   21.7    23    1    100.0    1 
28/09/26   6:43   19.6   19.6   19.6    72   14.4   3.2    NW   0.05   6.4    NW   19.6   19.7   19.7  1019.4  0.00   0.0   0.000   0.001   24.8    57   15.7   24.9  10.29 1.1718    19.4   21.1   21.7    23    1    100.0    1 
28/09/26   6:44   19.6   19.6   19.6    72   14.4   4.8    NW   0.08   4.8    NW   19.6   19.7   19.7  1019.4  0.00   0.0   0.000   0.001   24.8    57   15.7   24.9  10.29 1.1718    19.4   21.1   21.7    23    1    100.0    1 
28/09/26   6:45   19.6   19.6   19.6    72   14.4   3.2    NW   0.05   6.4    NW   19.6   19.7   19.7  1019.4  0.00   0.0   0.000   0.001   24.8    57   15.7   24.9  10.29 1.1718    19.4   21.1   21.7    22    1     95.7    1 
28/09/26   6:46   19.5   19.6   19.5    72   14.3   6.4    NW   0.11   8.0    NW   19.5   19.7   19.7  1019.4  0.00   0.0   0.000   0.001   24.8    57   15.7   24.9  10.29 1.1718    19.4   21.1   21.7    23    1    100.0    1 
28/09/26   6:47   19.6   19.6   19.5    72   14.4   4.8    NW   0.08   8.0    NW   19.6   19.7   19.7  1019.3  0.00   0.0   0.000   0.001   24.8    57   15.7   24.9  10.29 1.1717    19.4   21.1   21.7    21    1     91.3    1 
28/09/26   6:48   19.5   19.6   19.5    72   14.3   6.4    NW   0.11   8.0    NW   19.5   19.7   19.7  1019.4  0.00   0.0   0.000   0.001   24.8    57   15.7   24.9  10.29 1.1718    19.4   21.1   21.7    24    1    100.0    1 
28/09/26   6:49   19.5   19.6   19.5    72   14.3   6.4    NW   0.11   6.4    NW   19.5   19.7   19.7  1019.3  0.00   0.0   0.000   0.001   24.8    57   15.7   24.9  10.29 1.1717    19.4   21.1   21.7    22    1     95.7    1 
28/09/26   6:50   19.5   19.5   19.5    72   14.3   4.8    NW   0.08   6.4    NW   19.5   19.7   19.7  1019.3  0.00   0.0   0.000   0.001   24.8    57   15.7   24.9  10.29 1.1717    19.4   21.1   21.7    23    1    100.0    1 
28/09/26   6:51   19.5   19.5   19.5    72   14.3   4.8    NW   0.08   8.0     W   19.5   19.7   19.7  1019.3  0.00   0.0   0.000   0.001   24.8    57   15.7   24.9  10.29 1.1717    19.4   21.1   21.7    22    1     95.7    1 
28/09/26   6:52   19.5   19.5   19.5    72   14.3   3.2    NW   0.05   4.8    NW   19.5   19.7   19.7  1019.3  0.00   0.0   0.000   0.001   24.8    57   15.7   24.9  10.29 1.1717    19.4   21.1   21.7    23    1    100.0    1 
28/09/26   6:53   19.5   19.5   19.5    72   14.3   3.2    NW   0.05   4.8    NW   19.5   19.7   19.7  1019.3  0.00   0.0   0.000   0.001   24.8    57   15.7   24.9  10.29 1.1717    19.4   21.1   21.7    23    1    100.0    1 
28/09/26   6:54   19.5   19.5   19.5    72   14.3   3.2     N   0.05   4.8   NNW   19.5   19.7   19.7  1019.3  0.00   0.0   0.000   0.001   24.8    57   15.7   24.9  10.29 1.1717    19.4   21.1   21.7    23    1    100.0    1 
28/09/26   6:55   19.4   19.5   19.4    72   14.3   3.2     N   0.05   4.8     N   19.4   19.6   19.6  1019.3  0.00   0.0   0.000   0.001   24.8    57   15.7   24.9  10.29 1.1717    19.4   21.1   21.7    22    1     95.7    1 
28/09/26   6:56   19.4   19.4   19.4    72   14.3   4.8     N   0.08   6.4    NW   19.4   19.6   19.6  1019.3  0.00   0.0   0.000   0.001   24.8    57   15.7   24.9  10.29 1.1717    19.4   21.1   21.7    23    1    100.0    1 
28/09/26   6:57   19.4   19.4   19.4    72   14.3   3.2   WNW   0.05   6.4   WNW   19.4   19.6   19.6  1019.3  0.00   0.0   0.000   0.001   24.8    57   15.7   24.9  10.29 1.1717    19.4   21.1   21.7    23    1    100.0    1 
28/09/26   6:58   19.4   19.4   19.4    72   14.3   3.2   WNW   0.05   3.2   WNW   19.4   19.6   19.6  1019.4  0.00   0.0   0.000   0.001   24.8    57   15.7   24.9  10.29 1.1718    19.4   21.1   21.7    24    1    100.0    1 
28/09/26   6:59   19.4   19.4   19.4    72   14.2   3.2    NW   0.05   4.8    NW   19.4   19.5   19.5  1019.4  0.00   0.0   0.000   0.001   24.8    57   15.7   24.9  10.29 1.1718    19.4   21.1   21.7    23    1    100.0    1 
28/09/26   7:00   19.4   19.4   19.4    72   14.2   3.2    NW   0.05   4.8    NW   19.4   19.5   19.5  1019.4  0.00   0.0   0.000   0.001   24.8    57   15.7   24.9  10.29 1.1718    19.4   21.1   21.7    23    1    100.0    1 
28/09/26   7:01   19.4   19.4   19.4    72   14.2   6.4   NNW   0.11   8.0    NW   19.4   19.5   19.5  1019.5  0.00   0.0   0.000   0.001   24.8    57   15.7   24.9  10.29 1.1719    19.4   21.1   21.7    23    1    100.0    1 
28/09/26   7:02   19.4   19.4   19.4    72   14.2   6.4   NNW   0.11   8.0    NW   19.4   19.5   19.5  1019.5  0.00   0.0   0.000   0.001   24.8    57   15.7   24.9  10.29 1.1719    19.4   21.1   21.7    22    1     95.7    1 
28/09/26   7:03   19.4   19.4   19.4    73   14.4   8.0    NW   0.13   9.7    NW   19.4   19.6   19.6  1019.5  0.00   0.0   0.000   0.001   24.8    57   15.7   24.9  10.29 1.1719    19.4   21.1   21.7    24    1    100.0    1 
28/09/26   7:04   19.3   19.4   19.3    73   14.4   8.0   NNW   0.13  11.3    NW   19.3   19.5   19.5  1019.5  0.00   0.0   0.000   0.001   24.8    57   15.7   24.9  10.29 1.1719    19.4   21.1   21.7    23    1    100.0    1 
28/09/26   7:05   19.3   19.3   19.3    73   14.4   8.0    NW   0.13   9.7    NW   19.3   19.5   19.5  1019.6  0.00   0.0   0.000   0.001   24.8    57   15.7   24.9  10.29 1.1720    19.4   21.1   21.7    24    1    100.0    1 
28/09/26   7:06   19.3   19.3   19.3    73   14.3   6.4    NW   0.11   8.0    NW   19.3   19.4   19.4  1019.6  0.00   0.0   0.000   0.001   24.8    57   15.7   24.9  10.29 1.1720    19.4   21.1   21.7    23    1    100.0    1 
28/09/26   7:07   19.3   19.3   19.3    73   14.3   4.8    NW   0.08   6.4   NNW   19.3   19.4   19.4  1019.6  0.00   0.0   0.000   0.001   24.8    57   15.7   24.9  10.29 1.1720    19.4   21.1   21.7    23    1    100.0    1 
28/09/26   7:08   19.3   19.3   19.3    73   14.3   9.7   WNW   0.16  12.9   WNW   19.3   19.4   19.4  1019.7  0.00   0.0   0.000   0.001   24.8    57   15.7   24.9  10.29 1.1721    19.4   21.1   21.7    24    1    100.0    1 
28/09/26   7:09   19.2   19.3   19.2    73   14.3   8.0   WNW   0.13  11.3   WNW   19.2   19.4   19.4  1019.7  0.00   0.0   0.000   0.001   24.8    57   15.7   24.9  10.29 1.1722    19.4   21.1   21.7    23    1    100.0    1 
28/09/26   7:10   19.2   19.2   19.2    73   14.3   6.4    NW   0.11   9.7   WNW   19.2   19.4   19.4  1019.7  0.00   0.0   0.000   0.001   24.8    57   15.7   24.9  10.29 1.1721    19.4   21.1   21.7    24    1    100.0    1 
28/09/26   7:11   19.2   19.2   19.2    73   14.2   3.2   NNW   0.05   4.8   WNW   19.2   19.3   19.3  1019.7  0.00   0.0   0.000   0.001   24.8    57   15.7   24.9  10.29 1.1722    19.4   21.1   21.7    23    1    100.0    1 
28/09/26   7:12   19.2   19.2   19.2    73   14.2   4.8   NNW   0.08   6.4   WNW   19.2   19.3   19.3  1019.6  0.00   0.0   0.000   0.001   24.8    57   15.7   24.9  10.29 1.1721    19.4   21.1   21.7    23    1    100.0    1 
28/09/26   7:13   19.2   19.2   19.2    73   14.2   6.4    NW   0.11  12.9    NW   19.2   19.3   19.3  1019.6  0.00   0.0   0.000   0.001   24.8    57   15.7   24.9  10.29 1.1721    19.4   21.1   21.7    23    1    100.0    1 
28/09/26   7:14   19.1   19.1   19.1    73   14.2   9.7    NW   0.16  11.3    NW   19.1   19.2   19.2  1019.6  0.00   0.0   0.000   0.001   24.8    57   15.7   24.9  10.29 1.1720    18.9   21.1   21.7    22    1     95.7    1 
28/09/26   7:15   19.1   19.1   19.1    73   14.2   6.4    NW   0.11   9.7   NNW   19.1   19.2   19.2  1019.6  0.00   0.0   0.000   0.001   24.8    57   15.7   24.9  10.29 1.1720    18.9   21.1   21.7    23    1    100.0    1 
28/09/26   7:16   19.1   19.1   19.1    74   14.3   6.4    NW   0.11   8.0     N   19.1   19.2   19.2  1019.6  0.00   0.0   0.000   0.001   24.8    57   15.7   24.9  10.29 1.1721    18.9   21.1   21.7    23    1    100.0    1 
28/09/26   7:17   19.0   19.1   19.0    74   14.3   4.8    NW   0.08   8.0    NW   19.0   19.2   19.2  1019.6  0.00   0.0   0.000   0.000   24.8    57   15.7   24.9  10.29 1.1720    18.9   21.1   21.7    24    1    100.0    1 
28/09/26   7:18   19.0   19.0   19.0    74   14.3   6.4    NW   0.11   9.7    NW   19.0   19.2   19.2  1019.6  0.00   0.0   0.000   0.000   24.8    57   15.7   24.9  10.29 1.1720    18.9   21.1   21.7    23    1    100.0    1 
28/09/26   7:19   19.0   19.0   19.0    74   14.3   3.2    NW   0.05   6.4    NW   19.0   19.2   19.2  1019.6  0.00   0.0   0.000   0.000   24.8    57   15.7   24.9  10.29 1.1721    18.9   21.1   21.7    21    1     91.3    1 
28/09/26   7:20   19.0   19.0   19.0    74   14.3   4.8    NW   0.08   6.4    NW   19.0   19.2   19.2  1019.6  0.00   0.0   0.000   0.000   24.8    57   15.7   24.9  10.29 1.1720    18.9   21.1   21.7    23    1    100.0    1 
28/09/26   7:21   18.9   19.0   18.9    74   14.2   4.8    NW   0.08   6.4    NW   18.9   19.1   19.1  1019.6  0.00   0.0   0.000   0.000   24.8    57   15.7   24.9  10.29 1.1721    18.9   21.1   21.7    23    1    100.0    1 
28/09/26   7:22   18.9   18.9   18.9    74   14.2   1.6    NW   0.03   3.2    NW   18.9   19.1   19.1  1019.6  0.00   0.0   0.000   0.000   24.8    57   15.7   24.9  10.29 1.1721    18.9   21.1   21.7    24    1    100.0    1 
28/09/26   7:23   18.9   18.9   18.9    74   14.2   3.2    NW   0.05   4.8    NW   18.9   19.1   19.1  1019.6  0.00   0.0   0.000   0.000   24.8    57   15.7   24.9  10.29 1.1721    18.9   21.1   21.7    23    1    100.0    1 
28/09/26   7:24   18.9   18.9   18.9    74   14.2   3.2   NNW   0.05   4.8    NW   18.9   19.1   19.1  1019.7  0.00   0.0   0.000   0.000   24.8    57   15.7   24.9  10.29 1.1721    18.9   21.1   21.7    23    1    100.0    1 
28/09/26   7:25   18.9   18.9   18.9    74   14.2   4.8    NW   0.08   6.4    NW   18.9   19.1   19.1  1019.7  0.00   0.0   0.000   0.000   24.8    57   15.7   24.9  10.29 1.1721    18.9   21.1   21.7    23    1    100.0    1 
28/09/26   7:26   18.9   18.9   18.9    74   14.2   6.4    NW   0.11   8.0    NW   18.9   19.1   19.1  1019.7  0.00   0.0   0.000   0.000   24.8    57   15.7   24.9  10.29 1.1722    18.9   21.1   21.7    23    1    100.0    1 
28/09/26   7:27   18.9   18.9   18.9    74   14.2   6.4    NW   0.11   9.7    NW   18.9   19.1   19.1  1019.7  0.00   0.0   0.000   0.000   24.8    57   15.7   24.9  10.29 1.1722    18.9   21.1   21.7    24    1    100.0    1 
28/09/26   7:28   18.9   18.9   18.9    74   14.2   8.0    NW   0.13   9.7    NW   18.9   19.1   19.1  1019.8  0.00   0.0   0.000   0.000   24.8    57   15.7   24.9  10.29 1.1722    18.9   21.1   21.7    23    1    100.0    1 
28/09/26   7:29   18.9   18.9   18.9    75   14.4   6.4   NNW   0.11   8.0    NW   18.9   19.1   19.1  1019.8  0.00   0.0   0.000   0.000   24.8    57   15.7   24.9  10.29 1.1723    18.9   21.1   21.7    24    1    100.0    1 
28/09/26   7:30   18.9   18.9   18.9    75   14.4   4.8   NNW   0.08   6.4   NNW   18.9   19.1   19.1  1019.8  0.00   0.0   0.000   0.000   24.8    57   15.7   24.9  10.29 1.1722    18.9   21.1   21.7    22    1     95.7    1 
28/09/26   7:31   18.9   18.9   18.9    75   14.4   4.8   NNW   0.08   6.4   NNW   18.9   19.1   19.1  1019.9  0.00   0.0   0.000   0.000   24.8    57   15.7   24.9  10.29 1.1724    18.9   21.1   21.7    23    1    100.0    1 
28/09/26   7:32   18.9   18.9   18.9    75   14.4   3.2   NNW   0.05   3.2   NNW   18.9   19.1   19.1  1019.8  0.00   0.0   0.000   0.000   24.8    57   15.7   24.9  10.29 1.1723    18.9   21.1   21.7    23    1    100.0    1 
28/09/26   7:33   18.9   18.9   18.9    75   14.4   3.2   WNW   0.05   4.8   WNW   18.9   19.1   19.1  1019.9  0.00   0.0   0.000   0.000   24.8    57   15.7   24.9  10.29 1.1724    18.9   21.1   21.7    23    1    100.0    1 
28/09/26   7:34   18.9   18.9   18.9    75   14.4   4.8    NW   0.08   6.4    NW   18.9   19.1   19.1  1019.9  0.00   0.0   0.000   0.000   24.8    57   15.7   24.9  10.29 1.1724    18.9   21.1   21.7    23    1    100.0    1 
28/09/26   7:35   18.9   18.9   18.9    75   14.4   4.8     N   0.08   6.4     N   18.9   19.1   19.1  1019.9  0.00   0.0   0.000   0.000   24.8    57   15.7   24.9  10.29 1.1724    18.9   21.1   21.7    23    1    100.0    1 
28/09/26   7:36   18.9   18.9   18.9    75   14.4   4.8   NNW   0.08   6.4     N   18.9   19.1   19.1  1019.9  0.00   0.0   0.000   0.000   24.8    57   15.7   24.9  10.29 1.1724    18.9   21.1   21.7    23    1    100.0    1 
28/09/26   7:37   18.9   18.9   18.9    75   14.4   1.6   NNW   0.03   3.2   NNW   18.9   19.1   19.1  1019.9  0.00   0.0   0.000   0.000   24.8    57   15.7   24.9  10.29 1.1724    18.9   21.1   21.7    23    1    100.0    1 
28/09/26   7:38   18.9   18.9   18.9    75   14.4   1.6   NNW   0.03   4.8     N   18.9   19.1   19.1  1019.9  0.00   0.0   0.000   0.000   24.8    57   15.7   24.9  10.29 1.1724    18.9   21.1   21.7    22    1     95.7    1 
28/09/26   7:39   18.9   18.9   18.9    75   14.4   1.6     N   0.03   4.8     N   18.9   19.1   19.1  1019.9  0.00   0.0   0.000   0.000   24.8    57   15.7   24.9  10.29 1.1724    18.9   21.1   21.7    22    1     95.7    1 
28/09/26   7:40   18.9   18.9   18.9    75   14.4   6.4   NNW   0.11   8.0    NW   18.9   19.1   19.1  1019.9  0.00   0.0   0.000   0.000   24.8    57   15.7   24.9  10.29 1.1724    18.9   21.1   21.7    22    1     95.7    1 
28/09/26   7:41   18.9   18.9   18.9    75   14.4   4.8    NW   0.08   8.0    NW   18.9   19.1   19.1  1019.9  0.00   0.0   0.000   0.000   24.8    57   15.7   24.9  10.29 1.1724    18.9   21.1   21.7    22    1     95.7    1 
28/09/26   7:42   18.9   18.9   18.9    75   14.4   3.2   NNW   0.05   6.4   NNW   18.9   19.1   19.1  1019.8  0.00   0.0   0.000   0.000   24.8    57   15.7   24.9  10.29 1.1723    18.9   21.1   21.7    23    1    100.0    1 
28/09/26   7:43   18.9   18.9   18.9    75   14.4   4.8   NNW   0.08   9.7   NNW   18.9   19.1   19.1  1019.8  0.00   0.0   0.000   0.000   24.8    57   15.7   24.9  10.29 1.1723    18.9   21.1   21.7    23    1    100.0    1 
28/09/26   7:44   18.9   18.9   18.9    75   14.4   9.7    NW   0.16  11.3    NW   18.9   19.1   19.1  1019.9  0.00   0.0   0.000   0.000   24.8    57   15.7   24.9  10.29 1.1724    18.9   21.1   21.7    24    1    100.0    1 
28/09/26   7:45   18.9   18.9   18.9    75   14.4   6.4   NNW   0.11   8.0    NW   18.9   19.1   19.1  1019.9  0.00   0.0   0.000   0.000   24.8    57   15.7   24.9  10.29 1.1724    18.9   21.1   21.7    23    1    100.0    1 
28/09/26   7:46   18.9   18.9   18.9    75   14.4   9.7    NW   0.16   9.7    NW   18.9   19.1   19.1  1019.9  0.00   0.0   0.000   0.000   24.8    57   15.7   24.9  10.29 1.1724    18.9   21.1   21.7    24    1    100.0    1 
28/09/26   7:47   18.9   18.9   18.9    75   14.4   9.7    NW   0.16  11.3   NNW   18.9   19.1   19.1  1019.9  0.00   0.0   0.000   0.000   24.8    57   15.7   24.9  10.29 1.1724    18.9   21.1   21.7    23    1    100.0    1 
28/09/26   7:48   18.9   18.9   18.9    75   14.4   6.4    NW   0.11   9.7    NW   18.9   19.1   19.1  1019.9  0.00   0.0   0.000   0.000   24.8    57   15.7   24.9  10.29 1.1724    18.9   21.1   21.7    23    1    100.0    1 
28/09/26   7:49   18.8   18.9   18.8    75   14.3   6.4   NNW   0.11   8.0    NW   18.8   19.0   19.0  1019.9  0.00   0.0   0.000   0.000   24.8    57   15.7   24.9  10.29 1.1724    18.9   21.1   21.7    23    1    100.0    1 
28/09/26   7:50   18.8   18.8   18.8    75   14.3   4.8    NW   0.08   8.0   NNW   18.8   19.0   19.0  1019.9  0.00   0.0   0.000   0.000   24.8    57   15.7   24.9  10.29 1.1724    18.9   21.1   21.7    23    1    100.0    1 
28/09/26   7:51   18.8   18.8   18.8    75   14.3   4.8    NW   0.08   8.0    NW   18.8   19.0   19.0  1019.9  0.00   0.0   0.000   0.000   24.8    57   15.7   24.9  10.29 1.1724    18.9   21.1   21.7    24    1    100.0    1 
28/09/26   7:52   18.8   18.8   18.8    75   14.3   4.8    NW   0.08   8.0   WNW   18.8   19.0   19.0  1019.9  0.00   0.0   0.000   0.000   24.8    57   15.7   24.9  10.29 1.1724    18.9   21.1   21.7    23    1    100.0    1 
28/09/26   7:53   18.8   18.8   18.8    75   14.3   8.0    NW   0.13   9.7    NW   18.8   19.0   19.0  1019.9  0.00   0.0   0.000   0.000   24.8    57   15.7   24.9  10.29 1.1724    18.9   21.1   21.7    24    1    100.0    1 
28/09/26   7:54   18.8   18.8   18.8    75   14.3   8.0    NW   0.13   9.7    NW   18.8   19.0   19.0  1020.0  0.00   0.0   0.000   0.000   24.8    57   15.7   24.9  10.29 1.1725    18.9   21.1   21.7    23    1    100.0    1 
28/09/26   7:55   18.8   18.8   18.8    75   14.3   8.0    NW   0.13   9.7   NNW   18.8   19.0   19.0  1020.1  0.00   0.0   0.000   0.000   24.8    57   15.7   24.9  10.29 1.1726    18.9   21.1   21.7    23    1    100.0    1 
28/09/26   7:56   18.8   18.8   18.8    75   14.3   8.0   NNW   0.13   9.7   NNW   18.8   19.0   19.0  1020.1  0.00   0.0   0.000   0.000   24.8    57   15.7   24.9  10.29 1.1726    18.9   21.1   21.7    24    1    100.0    1 
28/09/26   7:57   18.8   18.8   18.8    75   14.3   8.0   NNW   0.13  11.3   NNW   18.8   19.0   19.0  1020.2  0.00   0.0   0.000   0.000   24.8    57   15.7   24.9  10.29 1.1727    18.9   21.1   21.7    23    1    100.0    1 
28/09/26   7:58   18.8   18.8   18.8    75   14.3   4.8   NNW   0.08   8.0   NNW   18.8   18.9   18.9  1020.2  0.00   0.0   0.000   0.000   24.8    57   15.7   24.9  10.29 1.1727    18.9   21.1   21.7    23    1    100.0    1 
28/09/26   7:59   18.8   18.8   18.8    75   14.3   4.8   WNW   0.08   8.0   WNW   18.8   19.0   19.0  1020.2  0.00   0.0   0.000   0.000   24.8    57   15.7   24.9  10.29 1.1728    18.9   21.1   21.7    22    1     95.7    1 
28/09/26   8:00   18.8   18.8   18.8    75   14.3   3.2    NW   0.05   8.0   WNW   18.8   19.0   19.0  1020.2  0.00   0.0   0.000   0.000   24.8    57   15.7   24.9  10.29 1.1727    18.9   21.1   21.7    23    1    100.0    1 
28/09/26   8:01   18.8   18.8   18.8    75   14.3   4.8    NW   0.08   8.0    NW   18.8   19.0   19.0  1020.3  0.00   0.0   0.000   0.000   24.8    57   15.7   24.9  10.29 1.1728    18.9   21.1   21.7    23    1    100.0    1 
28/09/26   8:02   18.8   18.8   18.8    75   14.3   6.4   WNW   0.11   8.0   NNW   18.8   19.0   19.0  1020.3  0.00   0.0   0.000   0.000   24.8    57   15.7   24.9  10.29 1.1728    18.9   21.1   21.7    23    1    100.0    1 
28/09/26   8:03   18.8   18.8   18.8    75   14.3   6.4   NNW   0.11   8.0   NNW   18.8   19.0   19.0  1020.2  0.00   0.0   0.000   0.000   24.8    57   15.7   24.9  10.29 1.1728    18.9   21.1   21.7    23    1    100.0    1 
28/09/26   8:04   18.8   18.9   18.8    75   14.3   6.4    NW   0.11   8.0   NNW   18.8   19.0   19.0  1020.2  0.00   0.0   0.000   0.000   24.8    57   15.7   24.9  10.29 1.1728    18.9   21.1   21.7    23    1    100.0    1 
28/09/26   8:05   18.9   18.9   18.8    75   14.4   8.0    NW   0.13   9.7   NNW   18.9   19.1   19.1  1020.3  0.00   0.0   0.000   0.000   24.8    57   15.7   24.9  10.29 1.1728    18.9   21.1   21.7    23    1    100.0    1 
28/09/26   8:06   18.9   18.9   18.9    75   14.4   8.0   NNW   0.13   9.7   NNW   18.9   19.1   19.1  1020.3  0.00   0.0   0.000   0.000   24.8    57   15.7   24.9  10.29 1.1728    18.9   21.1   21.7    23    1    100.0    1 
28/09/26   8:07   18.8   18.9   18.8    75   14.3   6.4    NW   0.11   9.7    NW   18.8   19.0   19.0  1020.2  0.00   0.0   0.000   0.000   24.8    57   15.7   24.9  10.29 1.1728    18.9   21.1   21.7    22    1     95.7    1 
28/09/26   8:08   18.9   18.9   18.8    75   14.4   6.4    NW   0.11   8.0    NW   18.9   19.1   19.1  1020.3  0.00   0.0   0.000   0.000   24.8    57   15.7   24.9  10.29 1.1728    18.9   21.1   21.7    24    1    100.0    1 
28/09/26   8:09   18.9   18.9   18.8    75   14.4   6.4    NW   0.11   8.0   NNW   18.9   19.1   19.1  1020.3  0.00   0.0   0.000   0.000   24.8    57   15.7   24.9  10.29 1.1728    18.9   21.1   21.7    22    1     95.7    1 
28/09/26   8:10   18.9   18.9   18.9    76   14.6   6.4   NNW   0.11   8.0   NNW   18.9   19.1   19.1  1020.3  0.00   0.0   0.000   0.000   24.8    57   15.7   24.9  10.29 1.1728    18.9   21.1   21.7    23    1    100.0    1 
28/09/26   8:11   18.9   18.9   18.9    76   14.6   6.4    NW   0.11   9.7    NW   18.9   19.1   19.1  1020.3  0.00   0.0   0.000   0.000   24.8    57   15.7   24.9  10.29 1.1729    18.9   21.1   21.7    23    1    100.0    1 
28/09/26   8:12   18.9   18.9   18.9    76   14.6   8.0   NNW   0.13   9.7   NNW   18.9   19.1   19.1  1020.3  0.00   0.0   0.000   0.000   24.8    57   15.7   24.9  10.29 1.1729    18.9   21.1   21.7    22    1     95.7    1 
28/09/26   8:13   18.9   18.9   18.9    76   14.6   6.4    NW   0.11   9.7    NW   18.9   19.1   19.1  1020.4  0.00   0.0   0.000   0.000   24.8    57   15.7   24.9  10.29 1.1729    18.9   21.1   21.7    24    1    100.0    1 
28/09/26   8:14   18.9   18.9   18.9    76   14.6   8.0   NNW   0.13   8.0   NNW   18.9   19.1   19.1  1020.4  0.00   0.0   0.000   0.000   24.8    57   15.7   24.9  10.29 1.1729    18.9   21.1   21.7    22    1     95.7    1 
28/09/26   8:15   18.9   18.9   18.9    76   14.6   4.8   NNW   0.08   8.0   NNW   18.9   19.1   19.1  1020.4  0.00   0.0   0.000   0.000   24.8    57   15.7   24.9  10.29 1.1730    18.9   21.1   21.7    24    1    100.0    1 
28/09/26   8:16   18.9   18.9   18.9    76   14.6   6.4   NNW   0.11  11.3   NNW   18.9   19.2   19.2  1020.4  0.00   0.0   0.000   0.000   24.8    57   15.7   24.9  10.29 1.1730    18.9   21.1   21.7    22    1     95.7    1 
28/09/26   8:17   18.9   18.9   18.9    75   14.4   6.4   NNW   0.11  11.3    NW   18.9   19.1   19.1  1020.4  0.00   0.0   0.000   0.000   24.8    57   15.7   24.9  10.29 1.1730    18.9   21.1   21.7    22    1     95.7    1 
28/09/26   8:18   18.9   18.9   18.9    75   14.4   6.4    NW   0.11   8.0    NW   18.9   19.1   19.1  1020.4  0.00   0.0   0.000   0.000   24.8    57   15.7   24.9  10.29 1.1729    18.9   21.1   21.7    22    1     95.7    1 
28/09/26   8:19   18.9   18.9   18.9    75   14.4   3.2   NNW   0.05   6.4   NNW   18.9   19.1   19.1  1020.3  0.00   0.0   0.000   0.000   24.8    57   15.7   24.9  10.29 1.1729    18.9   21.1   21.7    22    1     95.7    1 
28/09/26   8:20   18.9   18.9   18.9    75   14.4   4.8   NNW   0.08   8.0     N   18.9   19.1   19.1  1020.3  0.00   0.0   0.000   0.000   24.8    57   15.7   24.9  10.29 1.1729    18.9   21.1   21.7    23    1    100.0    1 
28/09/26   8:21   18.9   18.9   18.9    75   14.4   9.7    NW   0.16  12.9    NW   18.9   19.1   19.1  1020.3  0.00   0.0   0.000   0.000   24.8    57   15.7   24.9  10.29 1.1728    18.9   21.1   21.7    21    1     91.3    1 
28/09/26   8:22   18.9   18.9   18.9    75   14.4   8.0    NW   0.13   9.7    NW   18.9   19.1   19.1  1020.3  0.00   0.0   0.000   0.000   24.8    56   15.4   24.9  10.19 1.1732    18.9   21.1   21.7    22    1     95.7    1 
28/09/26   8:23   18.9   18.9   18.9    75   14.4   9.7    NW   0.16  12.9   NNW   18.9   19.1   19.1  1020.3  0.00   0.0   0.000   0.000   24.8    56   15.4   24.9  10.19 1.1732    18.9   21.1   21.7    23    1    100.0    1 
28/09/26   8:24   18.9   18.9   18.9    75   14.4   6.4     N   0.11  11.3     N   18.9   19.1   19.1  1020.3  0.00   0.0   0.000   0.000   24.8    56   15.4   24.9  10.19 1.1732    18.9   21.1   21.7    22    1     95.7    1 
28/09/26   8:25   18.9   18.9   18.9    75   14.4   8.0    NW   0.13  12.9    NW   18.9   19.1   19.1  1020.3  0.00   0.0   0.000   0.000   24.8    56   15.4   24.9  10.19 1.1732    18.9   21.1   21.7    24    1    100.0    1 
28/09/26   8:26   18.9   18.9   18.9    75   14.4   8.0    NW   0.13  11.3    NW   18.9   19.1   19.1  1020.3  0.00   0.0   0.000   0.000   24.8    56   15.4   24.9  10.19 1.1732    18.9   21.1   21.7    22    1     95.7    1 
28/09/26   8:27   18.9   18.9   18.9    75   14.4   9.7    NW   0.16  12.9    NW   18.9   19.1   19.1  1020.4  0.00   0.0   0.000   0.000   24.8    56   15.4   24.9  10.19 1.1733    18.9   21.1   21.7    23    1    100.0    1 
28/09/26   8:28   18.8   18.9   18.8    75   14.3   9.7    NW   0.16  12.9    NW   18.8   19.0   19.0  1020.3  0.00   0.0   0.000   0.000   24.8    56   15.4   24.9  10.19 1.1732    18.9   21.1   21.7    21    1     91.3    1 
28/09/26   8:29   18.8   18.8   18.8    76   14.5   8.0    NW   0.13   9.7    NW   18.8   19.0   19.0  1020.3  0.00   0.0   0.000   0.000   24.8    56   15.4   24.9  10.19 1.1732    18.9   21.1   21.7    22    1     95.7    1 
28/09/26   8:30   18.8   18.8   18.8    76   14.5   8.0    NW   0.13   9.7    NW   18.8   19.0   19.0  1020.3  0.00   0.0   0.000   0.000   24.8    56   15.4   24.9  10.19 1.1732    18.9   21.1   21.7    24    1    100.0    1 
28/09/26   8:31   18.8   18.8   18.7    76   14.5   6.4    NW   0.11   9.7   WNW   18.8   19.0   19.0  1020.3  0.00   0.0   0.000   0.000   24.8    56   15.4   24.9  10.19 1.1732    18.9   21.1   21.7    23    1    100.0    1 
28/09/26   8:32   18.7   18.7   18.7    76   14.4   4.8   NNW   0.08   8.0   NNW   18.7   18.9   18.9  1020.3  0.00   0.0   0.000   0.000   24.8    56   15.4   24.9  10.19 1.1732    18.9   21.1   21.7    24    1    100.0    1 
28/09/26   8:33   18.7   18.7   18.7    76   14.4   6.4    NW   0.11   9.7    NW   18.7   18.9   18.9  1020.3  0.00   0.0   0.000   0.000   24.8    56   15.4   24.9  10.19 1.1732    18.9   21.1   21.7    23    1    100.0    1 
28/09/26   8:34   18.7   18.7   18.7    76   14.3   4.8   NNW   0.08   6.4    NW   18.7   18.8   18.8  1020.3  0.00   0.0   0.000   0.000   24.8    56   15.4   24.9  10.19 1.1732    18.9   21.1   21.7    23    1    100.0    1 
28/09/26   8:35   18.7   18.7   18.7    76   14.3   4.8   NNW   0.08   8.0   WNW   18.7   18.8   18.8  1020.3  0.00   0.0   0.000   0.000   24.8    55   15.1   24.9   9.99 1.1736    18.9   21.1   21.7    22    1     95.7    1 
28/09/26   8:36   18.7   18.7   18.7    76   14.3   6.4    NW   0.11   9.7    NW   18.7   18.8   18.8  1020.3  0.00   0.0   0.000   0.000   24.8    55   15.1   24.9   9.99 1.1736    18.9   21.1   21.7    23    1    100.0    1 
28/09/26   8:37   18.7   18.7   18.7    76   14.3   4.8   WNW   0.08   6.4   WNW   18.7   18.8   18.8  1020.4  0.00   0.0   0.000   0.000   24.8    55   15.1   24.9   9.99 1.1736    18.9   21.1   21.7    22    1     95.7    1 
28/09/26   8:38   18.7   18.7   18.7    76   14.3   4.8   WNW   0.08   6.4    NW   18.7   18.8   18.8  1020.3  0.00   0.0   0.000   0.000   24.7    55   15.0   24.8   9.99 1.1742    18.9   21.1   21.7    23    1    100.0    1 
28/09/26   8:39   18.7   18.7   18.7    76   14.3   4.8    NW   0.08   6.4    NW   18.7   18.8   18.8  1020.3  0.00   0.0   0.000   0.000   24.7    55   15.0   24.8   9.99 1.1742    18.9   21.1   21.7    24    1    100.0    1 
28/09/26   8:40   18.7   18.7   18.7    76   14.3   6.4    NW   0.11   8.0    NW   18.7   18.8   18.8  1020.3  0.00   0.0   0.000   0.000   24.7    55   15.0   24.8   9.99 1.1742    18.9   21.1   21.7    21    1     91.3    1 
28/09/26   8:41   18.7   18.7   18.7    76   14.3   8.0    NW   0.13   9.7    NW   18.7   18.8   18.8  1020.4  0.00   0.0   0.000   0.000   24.7    55   15.0   24.8   9.99 1.1742    18.9   21.1   21.7    22    1     95.7    1 
28/09/26   8:42   18.7   18.7   18.7    76   14.3   8.0   NNW   0.13   9.7    NW   18.7   18.8   18.8  1020.3  0.00   0.0   0.000   0.000   24.7    55   15.0   24.8   9.99 1.1741    18.9   21.1   21.7    24    1    100.0    1 
28/09/26   8:43   18.7   18.7   18.7    76   14.3   4.8   NNW   0.08   8.0    NW   18.7   18.8   18.8  1020.3  0.00   0.0   0.000   0.000   24.7    55   15.0   24.8   9.99 1.1742    18.9   21.1   21.7    23    1    100.0    1 
28/09/26   8:44   18.7   18.7   18.7    76   14.3   6.4    NW   0.11   8.0    NW   18.7   18.8   18.8  1020.4  0.00   0.0   0.000   0.000   24.7    55   15.0   24.8   9.99 1.1742    18.9   21.1   21.7    24    1    100.0    1 
28/09/26   8:45   18.7   18.7   18.7    76   14.3   6.4    NW   0.11   8.0    NW   18.7   18.8   18.8  1020.3  0.00   0.0   0.000   0.000   24.6    55   15.0   24.7  10.00 1.1745    18.9   21.1   21.7    23    1    100.0    1 
28/09/26   8:46   18.6   18.7   18.6    76   14.3   4.8    NW   0.08   8.0   NNW   18.6   18.8   18.8  1020.4  0.00   0.0   0.000   0.000   24.6    55   15.0   24.7  10.00 1.1745    18.9   21.1   21.7    24    1    100.0    1 
28/09/26   8:47   18.7   18.7   18.7    77   14.6   4.8   NNE   0.08   8.0   WNW   18.7   18.9   18.9  1020.4  0.00   0.0   0.000   0.000   24.6    55   15.0   24.7  10.00 1.1745    18.9   21.1   21.7    23    1    100.0    1 
28/09/26   8:48   18.7   18.7   18.7    77   14.6   6.4   WNW   0.11   9.7   WNW   18.7   18.9   18.9  1020.4  0.00   0.0   0.000   0.000   24.6    55   15.0   24.7  10.00 1.1745    18.9   21.1   21.7    23    1    100.0    1 
28/09/26   8:49   18.7   18.7   18.7    77   14.6   8.0    NW   0.13  11.3    NW   18.7   18.9   18.9  1020.5  0.00   0.0   0.000   0.000   24.6    55   15.0   24.7  10.00 1.1746    18.9   21.1   21.7    23    1    100.0    1 
28/09/26   8:50   18.7   18.7   18.7    77   14.6   8.0    NW   0.13  11.3    NW   18.7   18.9   18.9  1020.5  0.00   0.0   0.000   0.000   24.6    55   15.0   24.7  10.00 1.1747    18.9   21.1   21.7    23    1    100.0    1 
28/09/26   8:51   18.7   18.7   18.7    77   14.6   4.8    NW   0.08   6.4   WNW   18.7   18.9   18.9  1020.5  0.00   0.0   0.000   0.000   24.6    55   15.0   24.7  10.00 1.1747    18.9   21.1   21.7    24    1    100.0    1 
28/09/26   8:52   18.7   18.7   18.7    77   14.6   4.8    NW   0.08   8.0    NW   18.7   18.9   18.9  1020.6  0.00   0.0   0.000   0.000   24.5    55   14.9   24.6  10.01 1.1754    18.9   21.1   21.7    23    1    100.0    1 
28/09/26   8:53   18.7   18.7   18.7    77   14.6   8.0    NW   0.13  11.3    NW   18.7   18.9   18.9  1020.6  0.00   0.0   0.000   0.000   24.5    55   14.9   24.6  10.01 1.1753    18.9   21.1   21.7    23    1    100.0    1 
28/09/26   8:54   18.7   18.7   18.6    77   14.6   6.4    NW   0.11   8.0    NW   18.7   18.9   18.9  1020.6  0.00   0.0   0.000   0.000   24.5    55   14.9   24.6  10.01 1.1754    18.9   21.1   21.7    24    1    100.0    1 
28/09/26   8:55   18.7   18.7   18.6    77   14.6   6.4   NNW   0.11   8.0    NW   18.7   18.9   18.9  1020.6  0.00   0.0   0.000   0.000   24.5    55   14.9   24.6  10.01 1.1754    18.9   21.1   21.7    23    1    100.0    1 
28/09/26   8:56   18.7   18.7   18.7    77   14.6   6.4    NW   0.11   8.0    NW   18.7   18.9   18.9  1020.6  0.00   0.0   0.000   0.000   24.5    55   14.9   24.6  10.01 1.1754    18.9   21.1   21.7    24    1    100.0    1 
28/09/26   8:57   18.7   18.7   18.7    77   14.6   3.2    NW   0.05   6.4    NW   18.7   18.9   18.9  1020.8  0.00   0.0   0.000   0.000   24.5    55   14.9   24.6  10.01 1.1756    18.9   21.1   21.7    23    1    100.0    1 
28/09/26   8:58   18.7   18.7   18.7    77   14.6   6.4    NW   0.11   9.7   WNW   18.7   18.9   18.9  1020.8  0.00   0.0   0.000   0.000   24.5    55   14.9   24.6  10.01 1.1756    18.9   21.1   21.7    24    1    100.0    1 
28/09/26   8:59   18.7   18.7   18.6    77   14.6   4.8    NW   0.08   6.4    NW   18.7   18.9   18.9  1020.9  0.00   0.0   0.000   0.000   24.5    55   14.9   24.6  10.01 1.1757    18.9   21.1   21.7    22    1     95.7    1 
28/09/26   9:00   18.7   18.7   18.6    77   14.6   3.2   NNW   0.05   4.8    NW   18.7   18.9   18.9  1021.0  0.00   0.0   0.000   0.000   24.5    55   14.9   24.6  10.01 1.1758    18.9   21.1   21.7    23    1    100.0    1 
28/09/26   9:01   18.7   18.7   18.6    77   14.6   1.6     W   0.03   3.2     W   18.7   18.9   18.9  1021.0  0.00   0.0   0.000   0.000   24.4    55   14.8   24.5  10.01 1.1764    18.9   21.1   21.7    24    1    100.0    1 
28/09/26   9:02   18.7   18.7   18.7    77   14.6   3.2   WNW   0.05   6.4   WNW   18.7   18.9   18.9  1021.0  0.00   0.0   0.000   0.000   24.4    55   14.8   24.5  10.01 1.1764    18.9   21.1   21.7    22    1     95.7    1 
28/09/26   9:03   18.7   18.7   18.7    77   14.6   4.8    NW   0.08   4.8    NW   18.7   18.9   18.9  1021.0  0.00   0.0   0.000   0.000   24.4    56   15.0   24.6  10.21 1.1761    18.9   21.1   21.7    24    1    100.0    1 
28/09/26   9:04   18.7   18.7   18.7    77   14.6   4.8    NW   0.08   6.4    NW   18.7   18.9   18.9  1021.0  0.00   0.0   0.000   0.000   24.4    56   15.0   24.6  10.21 1.1761    18.9   21.1   21.7    21    1     91.3    1 
28/09/26   9:05   18.6   18.7   18.6    77   14.5   6.4    NW   0.11   8.0    NW   18.6   18.8   18.8  1021.0  0.00   0.0   0.000   0.000   24.4    56   15.0   24.6  10.21 1.1761    18.9   21.1   21.7    22    1     95.7    1 
28/09/26   9:06   18.6   18.6   18.6    77   14.5   4.8   NNW   0.08   6.4    NW   18.6   18.8   18.8  1021.0  0.00   0.0   0.000   0.000   24.4    56   15.0   24.6  10.21 1.1760    18.9   21.1   21.7    24    1    100.0    1 
28/09/26   9:07   18.6   18.7   18.6    78   14.7   4.8    NW   0.08   6.4    NW   18.6   18.9   18.9  1021.1  0.00   0.0   0.000   0.000   24.4    56   15.0   24.6  10.21 1.1761    18.9   21.1   21.7    22    1     95.7    1 
28/09/26   9:08   18.7   18.7   18.6    78   14.8   3.2   NNW   0.05   6.4   NNW   18.7   18.9   18.9  1021.1  0.00   0.0   0.000   0.000   24.4    56   15.0   24.6  10.21 1.1762    18.9   21.1   21.7    23    1    100.0    1 
28/09/26   9:09   18.7   18.7   18.6    78   14.8   1.6   NNW   0.03   3.2   NNW   18.7   18.9   18.9  1021.1  0.00   0.0   0.000   0.000   24.4    56   15.0   24.6  10.21 1.1762    18.9   21.1   21.7    22    1     95.7    1 
28/09/26   9:10   18.7   18.7   18.7    78   14.8   1.6   NNW   0.03   4.8   NNW   18.7   18.9   18.9  1021.2  0.00   0.0   0.000   0.000   24.4    56   15.0   24.6  10.21 1.1762    18.9   21.1   21.7    24    1    100.0    1 
28/09/26   9:11   18.7   18.7   18.7    78   14.8   1.6   NNW   0.03   4.8   NNW   18.7   18.9   18.9  1021.2  0.00   0.0   0.000   0.000   24.4    56   15.0   24.6  10.21 1.1763    18.9   21.1   21.7    22    1     95.7    1 
28/09/26   9:12   18.7   18.7   18.7    78   14.8   0.0   NNW   0.00   1.6   NNW   18.7   18.9   18.9  1021.3  0.00   0.0   0.000   0.000   24.4    56   15.0   24.6  10.21 1.1764    18.9   21.1   21.7    23    1    100.0    1 
28/09/26   9:13   18.7   18.7   18.7    78   14.8   3.2     W   0.05   6.4     W   18.7   18.9   18.9  1021.3  0.00   0.0   0.000   0.000   24.4    56   15.0   24.6  10.21 1.1764    18.9   21.1   21.7    23    1    100.0    1 
28/09/26   9:14   18.7   18.7   18.7    78   14.8   4.8     W   0.08   6.4     W   18.7   18.9   18.9  1021.3  0.00   0.0   0.000   0.000   24.4    56   15.0   24.6  10.21 1.1764    18.9   21.1   21.7    23    1    100.0    1 
28/09/26   9:15   18.7   18.7   18.7    78   14.8   3.2   WNW   0.05   4.8     W   18.7   18.9   18.9  1021.3  0.00   0.0   0.000   0.000   24.4    56   15.0   24.6  10.21 1.1764    18.9   21.1   21.7    24    1    100.0    1 
28/09/26   9:16   18.7   18.7   18.7    78   14.8   3.2   WNW   0.05   4.8   WNW   18.7   18.9   18.9  1021.3  0.00   0.0   0.000   0.000   24.4    56   15.0   24.6  10.21 1.1764    18.9   21.1   21.7    23    1    100.0    1 
28/09/26   9:17   18.7   18.7   18.7    78   14.8   3.2   WNW   0.05   8.0     W   18.7   18.9   18.9  1021.3  0.00   0.0   0.000   0.000   24.4    56   15.0   24.6  10.21 1.1764    18.9   21.1   21.7    23    1    100.0    1 
28/09/26   9:18   18.7   18.7   18.7    78   14.8   4.8     W   0.08   8.0     W   18.7   18.9   18.9  1021.4  0.00   0.0   0.000   0.000   24.3    56   14.9   24.4  10.22 1.1770    18.9   21.1   21.7    24    1    100.0    1 
28/09/26   9:19   18.6   18.7   18.6    78   14.7   4.8   WNW   0.08   8.0   WNW   18.6   18.9   18.9  1021.4  0.00   0.0   0.000   0.000   24.3    56   14.9   24.4  10.22 1.1770    18.9   21.1   21.7    22    1     95.7    1 
28/09/26   9:20   18.6   18.6   18.6    78   14.7   3.2   WNW   0.05   4.8   WNW   18.6   18.9   18.9  1021.4  0.00   0.0   0.000   0.000   24.3    56   14.9   24.4  10.22 1.1770    18.9   21.1   21.7    24    1    100.0    1 
28/09/26   9:21   18.6   18.6   18.6    78   14.7   3.2   WNW   0.05   4.8   WNW   18.6   18.9   18.9  1021.3  0.00   0.0   0.000   0.000   24.3    56   14.9   24.4  10.22 1.1770    18.9   21.1   21.7    23    1    100.0    1 
28/09/26   9:22   18.6   18.6   18.6    78   14.7   1.6   WNW   0.03   3.2   WNW   18.6   18.9   18.9  1021.3  0.00   0.0   0.000   0.000   24.3    56   14.9   24.4  10.22 1.1770    18.9   21.1   21.7    23    1    100.0    1 
28/09/26   9:23   18.6   18.6   18.6    78   14.7   0.0   WNW   0.00   1.6   WNW   18.6   18.9   18.9  1021.3  0.00   0.0   0.000   0.000   24.3    56   14.9   24.4  10.22 1.1770    18.9   21.1   21.7    24    1    100.0    1 
28/09/26   9:24   18.6   18.6   18.6    79   14.9   3.2    NW   0.05   4.8    NW   18.6   18.9   18.9  1021.3  0.00   0.0   0.000   0.000   24.3    56   14.9   24.4  10.22 1.1770    18.9   21.1   21.7    22    1     95.7    1 
28/09/26   9:25   18.6   18.6   18.6    79   14.9   3.2    NW   0.05   4.8    NW   18.6   18.9   18.9  1021.3  0.00   0.0   0.000   0.000   24.3    56   14.9   24.4  10.22 1.1770    18.9   21.1   21.7    24    1    100.0    1 
28/09/26   9:26   18.6   18.6   18.6    78   14.7   1.6   NNW   0.03   3.2   NNW   18.6   18.9   18.9  1021.3  0.00   0.0   0.000   0.000   24.3    56   14.9   24.4  10.22 1.1769    18.9   21.1   21.7    23    1    100.0    1 
28/09/26   9:27   18.6   18.6   18.6    78   14.7   1.6   NNW   0.03   3.2   NNW   18.6   18.9   18.9  1021.3  0.00   0.0   0.000   0.000   24.3    56   14.9   24.4  10.22 1.1769    18.9   21.1   21.7    24    1    100.0    1 
28/09/26   9:28   18.6   18.6   18.6    79   14.9   0.0   NNW   0.00   1.6   NNW   18.6   18.9   18.9  1021.3  0.00   0.0   0.000   0.000   24.3    56   14.9   24.4  10.22 1.1769    18.9   21.1   21.7    23    1    100.0    1 
28/09/26   9:29   18.6   18.6   18.6    79   14.9   0.0   NNW   0.00   1.6   NNW   18.6   18.9   18.9  1021.2  0.00   0.0   0.000   0.000   24.3    56   14.9   24.4  10.22 1.1769    18.9   21.1   21.7    23    1    100.0    1 
28/09/26   9:30   18.6   18.6   18.6    79   14.9   1.6   NNW   0.03   3.2   NNW   18.6   18.9   18.9  1021.2  0.00   0.0   0.000   0.000   24.3    56   14.9   24.4  10.22 1.1769    18.9   21.1   21.7    24    1    100.0    1 
28/09/26   9:31   18.6   18.6   18.6    79   14.9   3.2   NNW   0.05   4.8   NNW   18.6   18.9   18.9  1021.2  0.00   0.0   0.000   0.000   24.3    56   14.9   24.4  10.22 1.1769    18.9   21.1   21.7    23    1    100.0    1 
28/09/26   9:32   18.7   18.7   18.6    79   14.9   4.8   NNW   0.08   4.8   NNW   18.7   19.0   19.0  1021.2  0.00   0.0   0.000   0.000   24.3    56   14.9   24.4  10.22 1.1769    18.9   21.1   21.7    24    1    100.0    1 
28/09/26   9:33   18.7   18.7   18.7    79   14.9   3.2   NNW   0.05   4.8   NNW   18.7   19.0   19.0  1021.2  0.00   0.0   0.000   0.000   24.3    56   14.9   24.4  10.22 1.1769    18.9   21.1   21.7    23    1    100.0    1 
28/09/26   9:34   18.7   18.7   18.6    79   14.9   4.8    NW   0.08   6.4   NNW   18.7   19.0   19.0  1021.2  0.00   0.0   0.000   0.000   24.3    56   14.9   24.4  10.22 1.1769    18.9   21.1   21.7    22    1     95.7    1 
28/09/26   9:35   18.6   18.7   18.6    79   14.9   6.4   NNW   0.11   8.0   NNW   18.6   18.9   18.9  1021.2  0.00   0.0   0.000   0.000   24.3    56   14.9   24.4  10.22 1.1769    18.9   21.1   21.7    24    1    100.0    1 
28/09/26   9:36   18.6   18.6   18.6    79   14.9   3.2    NW   0.05   4.8   NNW   18.6   18.9   18.9  1021.2  0.00   0.0   0.000   0.000   24.3    56   14.9   24.4  10.22 1.1769    18.9   21.1   21.7    22    1     95.7    1 
28/09/26   9:37   18.6   18.6   18.6    79   14.9   0.0    NW   0.00   1.6    NW   18.6   18.9   18.9  1021.2  0.00   0.0   0.000   0.000   24.3    56   14.9   24.4  10.22 1.1768    18.9   21.1   21.7    22    1     95.7    1 
28/09/26   9:38   18.6   18.6   18.6    79   14.9   0.0    NW   0.00   1.6    NW   18.6   18.9   18.9  1021.2  0.00   0.0   0.000   0.000   24.3    56   14.9   24.4  10.22 1.1768    18.9   21.1   21.7    23    1    100.0    1 
28/09/26   9:39   18.7   18.7   18.6    79   14.9   1.6     N   0.03   3.2     N   18.7   19.0   19.0  1021.2  0.00   0.0   0.000   0.000   24.3    56   14.9   24.4  10.22 1.1768    18.9   21.1   21.7    22    1     95.7    1 
28/09/26   9:40   18.7   18.7   18.7    79   14.9   1.6   NNW   0.03   4.8    NW   18.7   19.0   19.0  1021.2  0.00   0.0   0.000   0.000   24.3    57   15.2   24.4  10.32 1.1765    18.9   21.1   21.7    23    1    100.0    1 
28/09/26   9:41   18.7   18.7   18.7    79   14.9   1.6    NW   0.03   3.2    NW   18.7   19.0   19.0  1021.2  0.00   0.0   0.000   0.000   24.3    57   15.2   24.4  10.32 1.1765    18.9   21.1   21.7    22    1     95.7    1 
28/09/26   9:42   18.7   18.7   18.7    79   14.9   0.0   ---   0.00   0.0   ---   18.7   19.0   19.0  1021.3  0.00   0.0   0.000   0.000   24.3    57   15.2   24.4  10.32 1.1766    18.9   21.1   21.7    22    1     95.7    1 
28/09/26   9:43   18.7   18.7   18.7    79   14.9   0.0    NW   0.00   1.6    NW   18.7   19.0   19.0  1021.3  0.00   0.0   0.000   0.000   24.3    57   15.2   24.4  10.32 1.1766    18.9   21.1   21.7    22    1     95.7    1 
28/09/26   9:44   18.7   18.7   18.7    79   14.9   1.6    NW   0.03   3.2    NW   18.7   19.0   19.0  1021.3  0.00   0.0   0.000   0.000   24.3    57   15.2   24.4  10.32 1.1767    18.9   21.1   21.7    24    1    100.0    1 
28/09/26   9:45   18.7   18.7   18.7    79   14.9   1.6    NW   0.03   3.2    NW   18.7   19.0   19.0  1021.4  0.00   0.0   0.000   0.000   24.3    57   15.2   24.4  10.32 1.1767    18.9   21.1   21.7    22    1     95.7    1 
28/09/26   9:46   18.7   18.7   18.7    79   15.0   1.6    NW   0.03   1.6    NW   18.7   19.1   19.1  1021.4  0.00   0.0   0.000   0.000   24.3    57   15.2   24.4  10.32 1.1767    18.9   21.1   21.7    23    1    100.0    1 
28/09/26   9:47   18.7   18.7   18.7    79   15.0   1.6    NW   0.03   3.2    NW   18.7   19.1   19.1  1021.4  0.00   0.0   0.000   0.000   24.3    57   15.2   24.4  10.32 1.1768    18.9   21.1   21.7    22    1     95.7    1 
28/09/26   9:48   18.7   18.7   18.7    79   15.0   0.0    NW   0.00   1.6    NW   18.7   19.1   19.1  1021.4  0.00   0.0   0.000   0.000   24.3    57   15.2   24.4  10.32 1.1768    18.9   21.1   21.7    22    1     95.7    1 
28/09/26   9:49   18.7   18.7   18.7    79   15.0   0.0   ---   0.00   0.0   ---   18.7   19.1   19.1  1021.5  0.00   0.0   0.000   0.000   24.3    57   15.2   24.4  10.32 1.1768    18.9   21.1   21.7    23    1    100.0    1 
28/09/26   9:50   18.7   18.7   18.7    79   15.0   0.0   ---   0.00   0.0   ---   18.7   19.1   19.1  1021.4  0.00   0.0   0.000   0.000   24.3    57   15.2   24.4  10.32 1.1768    18.9   21.1   21.7    21    1     91.3    1 
28/09/26   9:51   18.8   18.8   18.7    79   15.1   1.6    NW   0.03   3.2    NW   18.8   19.1   19.1  1021.4  0.00   0.0   0.000   0.000   24.3    57   15.2   24.4  10.32 1.1767    18.9   21.1   21.7    24    1    100.0    1 
28/09/26   9:52   18.8   18.8   18.7    79   15.1   1.6    NW   0.03   1.6    NW   18.8   19.1   19.1  1021.4  0.20   0.0   0.000   0.000   24.3    57   15.2   24.4  10.32 1.1767    18.9   21.1   21.7    21    1     91.3    1 
28/09/26   9:53   18.8   18.8   18.7    79   15.1   0.0    NW   0.00   1.6    NW   18.8   19.1   19.1  1021.4  0.00   0.0   0.000   0.000   24.3    57   15.2   24.4  10.32 1.1767    18.9   21.1   21.7    23    1    100.0    1 
28/09/26   9:54   18.8   18.8   18.8    79   15.1   1.6     N   0.03   3.2     N   18.8   19.1   19.1  1021.4  0.00   0.0   0.000   0.000   24.3    57   15.2   24.4  10.32 1.1767    18.9   21.1   21.7    22    1     95.7    1 
28/09/26   9:55   18.8   18.8   18.7    79   15.1   0.0     N   0.00   1.6     N   18.8   19.1   19.1  1021.4  0.00   0.0   0.000   0.000   24.3    57   15.2   24.4  10.32 1.1767    18.9   21.1   21.7    23    1    100.0    1 
28/09/26   9:56   18.8   18.8   18.8    80   15.3   1.6     N   0.03   3.2     N   18.8   19.2   19.2  1021.4  0.00   0.0   0.000   0.000   24.3    57   15.2   24.4  10.32 1.1767    18.9   21.1   21.7    21    1     91.3    1 
28/09/26   9:57   18.7   18.8   18.7    79   15.0   3.2     N   0.05   3.2     N   18.7   19.1   19.1  1021.4  0.00   0.0   0.000   0.000   24.3    57   15.2   24.4  10.32 1.1767    18.9   21.1   21.7    22    1     95.7    1 
28/09/26   9:58   18.8   18.8   18.8    79   15.1   1.6     N   0.03   3.2     N   18.8   19.1   19.1  1021.4  0.00   0.0   0.000   0.000   24.3    57   15.2   24.4  10.32 1.1767    18.9   21.1   21.7    22    1     95.7    1 
28/09/26   9:59   18.7   18.8   18.7    79   15.0   1.6     N   0.03   3.2     N   18.7   19.1   19.1  1021.4  0.00   0.0   0.000   0.000   24.3    57   15.2   24.4  10.32 1.1767    18.9   21.1   21.7    23    1    100.0    1 
28/09/26  10:00   18.7   18.7   18.7    79   15.0   1.6     N   0.03   1.6     N   18.7   19.1   19.1  1021.4  0.00   1.4   0.000   0.000   24.3    57   15.2   24.4  10.32 1.1767    18.9   21.1   21.7    23    1    100.0    1 
28/09/26  10:01   18.7   18.7   18.7    79   15.0   0.0     N   0.00   1.6     N   18.7   19.1   19.1  1021.4  0.20   1.4   0.000   0.000   24.3    57   15.2   24.4  10.32 1.1767    18.9   21.1   21.7    24    1    100.0    1 
28/09/26  10:02   18.7   18.7   18.7    79   15.0   1.6     N   0.03   1.6     N   18.7   19.1   19.1  1021.3  0.00   1.4   0.000   0.000   24.3    57   15.2   24.4  10.32 1.1767    18.9   21.1   21.7    22    1     95.7    1 
28/09/26  10:03   18.7   18.7   18.7    80   15.2   3.2   NNE   0.05   4.8   NNE   18.7   19.1   19.1  1021.3  0.00   1.4   0.000   0.000   24.3    58   15.5   24.5  10.52 1.1763    18.9   21.1   21.7    23    1    100.0    1 
28/09/26  10:04   18.7   18.7   18.7    80   15.2   3.2   NNE   0.05   4.8   NNE   18.7   19.1   19.1  1021.3  0.00   1.4   0.000   0.000   24.3    58   15.5   24.5  10.52 1.1763    18.9   21.1   21.7    24    1    100.0    1 
28/09/26  10:05   18.7   18.7   18.7    80   15.2   4.8    NE   0.08   8.0    NE   18.7   19.1   19.1  1021.2  0.00   2.6   0.000   0.000   24.3    58   15.5   24.5  10.52 1.1762    18.9   21.1   21.7    23    1    100.0    1 
28/09/26  10:06   18.7   18.7   18.7    80   15.2   4.8    NE   0.08   6.4    NE   18.7   19.1   19.1  1021.2  0.20   2.6   0.000   0.000   24.3    58   15.5   24.5  10.52 1.1762    18.9   21.1   21.7    24    1    100.0    1 
28/09/26  10:07   18.7   18.7   18.7    80   15.2   4.8   NNE   0.08   6.4   NNE   18.7   19.1   19.1  1021.2  0.00   2.6   0.000   0.000   24.2    58   15.4   24.4  10.53 1.1764    18.9   21.1   21.7    22    1     95.7    1 
28/09/26  10:08   18.7   18.7   18.7    80   15.2   1.6   NNE   0.03   3.2   NNE   18.7   19.1   19.1  1021.1  0.00   2.6   0.000   0.000   24.2    58   15.4   24.4  10.53 1.1763    18.9   21.1   21.7    24    1    100.0    1 
28/09/26  10:09   18.7   18.7   18.7    81   15.4   1.6    NE   0.03   1.6   NNE   18.7   19.1   19.1  1021.1  0.00   2.6   0.000   0.000   24.2    58   15.4   24.4  10.53 1.1763    18.9   21.1   21.7    22    1     95.7    1 
28/09/26  10:10   18.7   18.7   18.7    81   15.4   3.2    NE   0.05   4.8    NE   18.7   19.1   19.1  1021.1  0.00   2.4   0.000   0.000   24.2    58   15.4   24.4  10.53 1.1763    18.9   21.1   21.7    23    1    100.0    1 
28/09/26  10:11   18.7   18.7   18.7    81   15.4   1.6    NE   0.03   3.2    NE   18.7   19.1   19.1  1021.1  0.00   2.0   0.000   0.000   24.2    58   15.4   24.4  10.53 1.1763    18.9   21.1   21.7    24    1    100.0    1 
28/09/26  10:12   18.7   18.7   18.7    81   15.4   0.0    NE   0.00   3.2    NE   18.7   19.1   19.1  1021.1  0.20   2.0   0.000   0.000   24.2    58   15.4   24.4  10.53 1.1763    18.9   21.1   21.7    22    1     95.7    1 
28/09/26  10:13   18.7   18.7   18.7    81   15.4   4.8    NE   0.08   6.4   ENE   18.7   19.1   19.1  1021.1  0.00   1.8   0.000   0.000   24.2    58   15.4   24.4  10.53 1.1764    18.9   21.1   21.7    24    1    100.0    1 
28/09/26  10:14   18.7   18.7   18.7    81   15.3   3.2   ENE   0.05   4.8   ENE   18.7   19.1   19.1  1021.1  0.00   1.8   0.000   0.000   24.2    58   15.4   24.4  10.53 1.1763    18.9   21.1   21.7    22    1     95.7    1 
28/09/26  10:15   18.7   18.7   18.7    81   15.3   1.6   ENE   0.03   6.4     E   18.7   19.1   19.1  1021.1  0.20   3.6   0.000   0.000   24.2    58   15.4   24.4  10.53 1.1763    18.9   21.1   21.7    23    1    100.0    1 
28/09/26  10:16   18.7   18.7   18.7    81   15.3   3.2    NE   0.05   6.4    NE   18.7   19.1   19.1  1021.1  0.00   3.6   0.000   0.000   24.2    58   15.4   24.4  10.53 1.1763    18.9   21.1   21.7    24    1    100.0    1 
28/09/26  10:17   18.7   18.7   18.7    81   15.3   3.2    NE   0.05   6.4   ENE   18.7   19.1   19.1  1021.1  0.00   3.6   0.000   0.000   24.2    58   15.4   24.4  10.53 1.1763    18.9   21.1   21.7    23    1    100.0    1 
28/09/26  10:18   18.7   18.7   18.6    81   15.3   3.2   ESE   0.05   6.4   ENE   18.7   19.1   19.1  1021.1  0.00   3.6   0.000   0.000   24.2    58   15.4   24.4  10.53 1.1763    18.9   21.1   21.7    24    1    100.0    1 
28/09/26  10:19   18.6   18.6   18.6    81   15.3   4.8   ENE   0.08   8.0   ENE   18.6   19.0   19.0  1021.0  0.00   2.8   0.000   0.000   24.2    58   15.4   24.4  10.53 1.1762    18.9   21.1   21.7    22    1     95.7    1 
28/09/26  10:20   18.6   18.6   18.6    81   15.3   3.2   ENE   0.05   4.8     E   18.6   19.0   19.0  1021.0  0.00   2.2   0.000   0.000   24.2    58   15.4   24.4  10.53 1.1762    18.9   21.1   21.7    23    1    100.0    1 
28/09/26  10:21   18.6   18.6   18.6    82   15.5   6.4   ENE   0.11   8.0     E   18.6   19.0   19.0  1020.9  0.00   2.0   0.000   0.000   24.2    58   15.4   24.4  10.53 1.1761    18.9   21.1   21.7    23    1    100.0    1 
28/09/26  10:22   18.6   18.6   18.6    82   15.4   6.4    NE   0.11   6.4     E   18.6   18.9   18.9  1020.9  0.00   1.6   0.000   0.000   24.2    58   15.4   24.4  10.53 1.1761    18.9   21.1   21.7    23    1    100.0    1 
28/09/26  10:23   18.6   18.6   18.6    82   15.4   3.2   ENE   0.05   6.4   ENE   18.6   18.9   18.9  1021.0  0.00   1.4   0.000   0.000   24.2    58   15.4   24.4  10.53 1.1762    18.3   21.1   21.7    24    1    100.0    1 
28/09/26  10:24   18.6   18.6   18.6    82   15.4   6.4   ENE   0.11  11.3     E   18.6   18.9   18.9  1021.0  0.20   1.4   0.000   0.000   24.2    58   15.4   24.4  10.53 1.1762    18.3   21.1   21.7    22    1     95.7    1 
28/09/26  10:25   18.6   18.6   18.6    82   15.4   4.8    NE   0.08   6.4   ESE   18.6   18.9   18.9  1021.0  0.00   1.4   0.000   0.000   24.2    58   15.4   24.4  10.53 1.1762    18.3   21.1   21.7    24    1    100.0    1 
28/09/26  10:26   18.6   18.6   18.5    82   15.4   3.2    NE   0.05   4.8   NNW   18.6   18.9   18.9  1021.1  0.00   1.4   0.000   0.000   24.2    58   15.4   24.4  10.53 1.1763    18.3   21.1   21.7    23    1    100.0    1 
28/09/26  10:27   18.5   18.6   18.5    82   15.4   1.6    NE   0.03   3.2    NE   18.5   18.9   18.9  1021.1  0.00   1.4   0.000   0.000   24.2    58   15.4   24.4  10.53 1.1763    18.3   21.1   21.7    23    1    100.0    1 
28/09/26  10:28   18.5   18.5   18.5    82   15.4   4.8    NE   0.08   6.4    NE   18.5   18.9   18.9  1021.0  0.00   1.4   0.000   0.000   24.2    59   15.7   24.4  10.73 1.1758    18.3   21.1   21.7    24    1    100.0    1 
28/09/26  10:29   18.5   18.5   18.5    82   15.4   6.4   ENE   0.11   8.0   ENE   18.5   18.9   18.9  1021.0  0.00   1.4   0.000   0.000   24.2    59   15.7   24.4  10.73 1.1758    18.3   21.1   21.7    23    1    100.0    1 
28/09/26  10:30   18.5   18.5   18.5    82   15.4   4.8   ENE   0.08   4.8   ENE   18.5   18.9   18.9  1021.0  0.00   1.4   0.000   0.000   24.2    59   15.7   24.4  10.73 1.1758    18.3   21.1   21.7    24    1    100.0    1 
28/09/26  10:31   18.4   18.5   18.4    83   15.5   4.8   ENE   0.08   8.0     E   18.4   18.8   18.8  1021.0  0.00   1.4   0.000   0.000   24.2    59   15.7   24.4  10.73 1.1758    18.3   21.1   21.7    23    1    100.0    1 
28/09/26  10:32   18.4   18.5   18.4    83   15.5   4.8   ENE   0.08   6.4   ENE   18.4   18.8   18.8  1020.9  0.20   1.6   0.000   0.000   24.2    59   15.7   24.4  10.73 1.1757    18.3   21.1   21.7    23    1    100.0    1 
28/09/26  10:33   18.4   18.4   18.4    83   15.5   4.8    NE   0.08   8.0   ENE   18.4   18.8   18.8  1020.8  0.00   1.6   0.000   0.000   24.2    59   15.7   24.4  10.73 1.1756    18.3   21.1   21.7    22    1     95.7    1 
28/09/26  10:34   18.4   18.4   18.4    83   15.5   6.4     E   0.11   9.7   ENE   18.4   18.8   18.8  1020.8  0.00   1.6   0.000   0.000   24.2    59   15.7   24.4  10.73 1.1756    18.3   21.1   21.7    22    1     95.7    1 
28/09/26  10:35   18.4   18.4   18.4    83   15.5   6.4   ENE   0.11   8.0   ESE   18.4   18.8   18.8  1020.7  0.00   1.6   0.000   0.000   24.2    59   15.7   24.4  10.73 1.1755    18.3   21.1   21.7    23    1    100.0    1 
28/09/26  10:36   18.4   18.4   18.4    83   15.5   4.8     N   0.08   8.0    NE   18.4   18.8   18.8  1020.7  0.00   1.6   0.000   0.000   24.2    59   15.7   24.4  10.73 1.1755    18.3   21.1   21.7    23    1    100.0    1 
28/09/26  10:37   18.4   18.4   18.4    83   15.5   6.4    NE   0.11   9.7    NE   18.4   18.8   18.8  1020.7  0.00   1.6   0.000   0.000   24.2    59   15.7   24.4  10.73 1.1755    18.3   21.1   21.7    23    1    100.0    1 
28/09/26  10:38   18.4   18.4   18.4    83   15.5   4.8    NE   0.08   9.7     E   18.4   18.8   18.8  1020.7  0.00   1.6   0.000   0.000   24.2    59   15.7   24.4  10.73 1.1755    18.3   21.1   21.7    22    1     95.7    1 
28/09/26  10:39   18.4   18.4   18.4    83   15.5   4.8   ENE   0.08   6.4   ENE   18.4   18.8   18.8  1020.6  0.00   1.6   0.000   0.000   24.2    59   15.7   24.4  10.73 1.1754    18.3   21.1   21.7    21    1     91.3    1 
28/09/26  10:40   18.4   18.4   18.4    83   15.4   6.4   ENE   0.11   9.7   ENE   18.4   18.7   18.7  1020.5  0.00   1.4   0.000   0.000   24.2    59   15.7   24.4  10.73 1.1753    18.3   21.1   21.7    23    1    100.0    1 
28/09/26  10:41   18.4   18.4   18.4    83   15.4   8.0   ENE   0.13  11.3   ENE   18.4   18.7   18.7  1020.5  0.00   1.2   0.000   0.000   24.1    59   15.6   24.3  10.73 1.1758    18.3   21.1   21.7    22    1     95.7    1 
28/09/26  10:42   18.4   18.4   18.4    83   15.4   9.7   ENE   0.16  14.5     E   18.4   18.7   18.7  1020.4  0.00   1.2   0.000   0.000   24.1    59   15.6   24.3  10.73 1.1757    18.3   21.1   21.7    23    1    100.0    1 
28/09/26  10:43   18.4   18.4   18.4    83   15.4   6.4    NE   0.11  12.9   ENE   18.4   18.7   18.7  1020.4  0.00   1.0   0.000   0.000   24.1    59   15.6   24.3  10.73 1.1757    18.3   21.1   21.7    23    1    100.0    1 
28/09/26  10:44   18.4   18.4   18.4    83   15.4   6.4   ENE   0.11  12.9    NE   18.4   18.7   18.7  1020.3  0.00   1.0   0.000   0.000   24.1    59   15.6   24.3  10.73 1.1756    18.3   21.1   21.7    22    1     95.7    1 
28/09/26  10:45   18.3   18.4   18.3    83   15.4   8.0    NE   0.13  11.3    NE   18.3   18.7   18.7  1020.3  0.00   0.8   0.000   0.000   24.1    59   15.6   24.3  10.73 1.1756    18.3   21.1   21.7    22    1     95.7    1 
28/09/26  10:46   18.3   18.3   18.3    83   15.4   4.8    NE   0.08   8.0    NE   18.3   18.7   18.7  1020.3  0.00   0.8   0.000   0.000   24.1    59   15.6   24.3  10.73 1.1756    18.3   21.1   21.7    23    1    100.0    1 
28/09/26  10:47   18.3   18.3   18.3    84   15.6   3.2    NE   0.05   6.4    NE   18.3   18.7   18.7  1020.3  0.00   0.8   0.000   0.000   24.1    59   15.6   24.3  10.73 1.1756    18.3   21.1   21.7    24    1    100.0    1 
28/09/26  10:48   18.3   18.3   18.3    84   15.6   9.7    NE   0.16  12.9   NNE   18.3   18.7   18.7  1020.4  0.20   0.8   0.000   0.000   24.1    59   15.6   24.3  10.73 1.1757    18.3   21.1   21.7    23    1    100.0    1 
28/09/26  10:49   18.3   18.3   18.3    84   15.5   8.0    NE   0.13  14.5     E   18.3   18.6   18.6  1020.4  0.00   0.8   0.000   0.000   24.1    59   15.6   24.3  10.73 1.1757    18.3   21.1   21.7    24    1    100.0    1 
28/09/26  10:50   18.3   18.3   18.3    84   15.5   8.0   ENE   0.13  12.9   ENE   18.3   18.6   18.6  1020.4  0.00   0.8   0.000   0.000   24.1    59   15.6   24.3  10.73 1.1757    18.3   21.1   21.7    23    1    100.0    1 
28/09/26  10:51   18.2   18.3   18.2    84   15.5   6.4   ENE   0.11   9.7   ENE   18.2   18.6   18.6  1020.4  0.00   0.8   0.000   0.000   24.1    59   15.6   24.3  10.73 1.1757    18.3   21.1   21.7    23    1    100.0    1 
28/09/26  10:52   18.2   18.3   18.2    84   15.5   9.7   ENE   0.16  14.5   NNE   18.2   18.6   18.6  1020.4  0.00   0.8   0.000   0.000   24.1    60   15.9   24.3  10.93 1.1754    18.3   21.1   21.7    24    1    100.0    1 
28/09/26  10:53   18.2   18.2   18.2    84   15.5   8.0   ENE   0.13  11.3   ENE   18.2   18.6   18.6  1020.4  0.00   0.8   0.000   0.000   24.1    60   15.9   24.3  10.93 1.1753    18.3   21.1   21.7    23    1    100.0    1 
28/09/26  10:54   18.2   18.2   18.2    84   15.5   3.2    NE   0.05   8.0   ENE   18.2   18.6   18.6  1020.4  0.00   0.8   0.000   0.000   24.1    59   15.6   24.3  10.73 1.1757    18.3   21.1   21.7    24    1    100.0    1 
28/09/26  10:55   18.2   18.2   18.2    84   15.5   4.8    NE   0.08   9.7     E   18.2   18.6   18.6  1020.4  0.00   0.8   0.000   0.000   24.1    60   15.9   24.3  10.93 1.1754    18.3   21.1   21.7    23    1    100.0    1 
28/09/26  10:56   18.2   18.2   18.2    84   15.5   8.0   ENE   0.13  11.3   ENE   18.2   18.6   18.6  1020.4  0.00   1.4   0.000   0.000   24.1    60   15.9   24.3  10.93 1.1753    18.3   21.1   21.7    22    1     95.7    1 
28/09/26  10:57   18.2   18.2   18.2    84   15.5   4.8     E   0.08   9.7     E   18.2   18.6   18.6  1020.4  0.20   1.4   0.000   0.000   24.1    60   15.9   24.3  10.93 1.1754    18.3   21.1   21.7    20    1     87.0    1 
28/09/26  10:58   18.2   18.2   18.2    85   15.7   3.2     E   0.05   4.8     E   18.2   18.6   18.6  1020.4  0.00   1.4   0.000   0.000   24.1    60   15.9   24.3  10.93 1.1753    18.3   21.1   21.7    23    1    100.0    1 
28/09/26  10:59   18.2   18.2   18.2    85   15.7   4.8   ENE   0.08   9.7     E   18.2   18.6   18.6  1020.4  0.00   1.4   0.000   0.000   24.1    60   15.9   24.3  10.93 1.1753    18.3   21.1   21.7    24    1    100.0    1 
28/09/26  11:00   18.2   18.2   18.2    85   15.7   4.8   ESE   0.08   9.7   ESE   18.2   18.6   18.6  1020.3  0.00   1.4   0.000   0.000   24.1    60   15.9   24.3  10.93 1.1752    18.3   21.1   21.7    22    1     95.7    1 
28/09/26  11:01   18.2   18.2   18.2    85   15.7   3.2   ESE   0.05   4.8    NE   18.2   18.6   18.6  1020.3  0.00   1.4   0.000   0.000   24.1    60   15.9   24.3  10.93 1.1753    18.3   21.1   21.7    24    1    100.0    1 
28/09/26  11:02   18.3   18.3   18.2    85   15.7   3.2   NNE   0.05   4.8    NE   18.3   18.7   18.7  1020.4  0.00   1.4   0.000   0.000   24.1    60   15.9   24.3  10.93 1.1754    18.3   21.1   21.7    22    1     95.7    1 
28/09/26  11:03   18.2   18.3   18.2    85   15.7   4.8   ENE   0.08  11.3   ENE   18.2   18.6   18.6  1020.4  0.00   1.4   0.000   0.000   24.1    60   15.9   24.3  10.93 1.1754    18.3   21.1   21.7    23    1    100.0    1 
28/09/26  11:04   18.2   18.3   18.2    85   15.7   8.0   ENE   0.13  12.9     E   18.2   18.6   18.6  1020.5  0.00   1.4   0.000   0.000   24.1    60   15.9   24.3  10.93 1.1754    18.3   21.1   21.7    23    1    100.0    1 
28/09/26  11:05   18.2   18.2   18.2    85   15.7   1.6   ESE   0.03   6.4   ESE   18.2   18.6   18.6  1020.5  0.00   1.4   0.000   0.000   24.1    60   15.9   24.3  10.93 1.1755    18.3   21.1   21.7    23    1    100.0    1 
28/09/26  11:06   18.2   18.2   18.2    85   15.7   6.4     E   0.11   9.7   ESE   18.2   18.6   18.6  1020.6  0.00   1.2   0.000   0.000   24.1    60   15.9   24.3  10.93 1.1755    18.3   21.1   21.7    24    1    100.0    1 
28/09/26  11:07   18.2   18.2   18.2    85   15.7   4.8     E   0.08   9.7     E   18.2   18.6   18.6  1020.6  0.00   1.0   0.000   0.000   24.1    60   15.9   24.3  10.93 1.1756    18.3   21.1   21.7    22    1     95.7    1 
28/09/26  11:08   18.2   18.2   18.2    85   15.7   4.8   ENE   0.08   6.4   ENE   18.2   18.6   18.6  1020.6  0.00   1.0   0.000   0.000   24.1    60   15.9   24.3  10.93 1.1756    18.3   21.1   21.7    23    1    100.0    1 
28/09/26  11:09   18.2   18.2   18.2    85   15.7   1.6   ENE   0.03   3.2   ENE   18.2   18.6   18.6  1020.6  0.00   1.0   0.000   0.000   24.1    60   15.9   24.3  10.93 1.1756    18.3   21.1   21.7    24    1    100.0    1 
28/09/26  11:10   18.2   18.2   18.2    85   15.7   0.0   ENE   0.00   1.6   ENE   18.2   18.6   18.6  1020.6  0.00   0.8   0.000   0.000   24.1    60   15.9   24.3  10.93 1.1756    18.3   21.1   21.7    23    1    100.0    1 
28/09/26  11:11   18.2   18.2   18.2    85   15.7   3.2   ENE   0.05   4.8   ENE   18.2   18.6   18.6  1020.7  0.00   0.8   0.000   0.000   24.1    60   15.9   24.3  10.93 1.1757    18.3   21.1   21.7    24    1    100.0    1 
28/09/26  11:12   18.2   18.2   18.2    85   15.7   1.6    SE   0.03   6.4    SE   18.2   18.6   18.6  1020.7  0.00   0.8   0.000   0.000   24.1    60   15.9   24.3  10.93 1.1757    18.3   21.1   21.7    23    1    100.0    1 
28/09/26  11:13   18.2   18.2   18.2    85   15.7   0.0    SE   0.00   3.2    SE   18.2   18.6   18.6  1020.7  0.00   0.0   0.000   0.000   24.1    60   15.9   24.3  10.93 1.1757    18.3   21.1   21.7    24    1    100.0    1 
28/09/26  11:14   18.2   18.2   18.2    85   15.7   0.0   ---   0.00   0.0   ---   18.2   18.6   18.6  1020.7  0.00   0.0   0.000   0.000   24.1    60   15.9   24.3  10.93 1.1757    18.3   21.1   21.7    22    1     95.7    1 
28/09/26  11:15   18.2   18.2   18.2    85   15.7   1.6    SE   0.03   3.2    SE   18.2   18.6   18.6  1020.7  0.00   0.0   0.000   0.000   24.1    60   15.9   24.3  10.93 1.1757    18.3   21.1   21.7    23    1    100.0    1 
28/09/26  11:16   18.3   18.3   18.2    86   15.9   0.0    SE   0.00   3.2    SE   18.3   18.7   18.7  1020.7  0.00   0.0   0.000   0.000   24.1    60   15.9   24.3  10.93 1.1757    18.3   21.1   21.7    22    1     95.7    1 
28/09/26  11:17   18.3   18.3   18.3    86   15.9   0.0    SE   0.00   1.6    SE   18.3   18.7   18.7  1020.8  0.00   0.0   0.000   0.000   24.1    60   15.9   24.3  10.93 1.1758    18.3   21.1   21.7    22    1     95.7    1 
28/09/26  11:18   18.3   18.3   18.3    86   15.9   0.0   ESE   0.00   1.6    SE   18.3   18.7   18.7  1020.8  0.00   0.0   0.000   0.000   24.1    60   15.9   24.3  10.93 1.1759    18.3   21.1   21.7    23    1    100.0    1 
28/09/26  11:19   18.3   18.3   18.3    86   15.9   1.6   ESE   0.03   6.4   ESE   18.3   18.7   18.7  1020.8  0.00   0.0   0.000   0.000   24.1    60   15.9   24.3  10.93 1.1759    18.3   21.1   21.7    21    1     91.3    1 
28/09/26  11:20   18.3   18.3   18.3    86   15.9   3.2   ESE   0.05   6.4   ESE   18.3   18.7   18.7  1020.8  0.00   0.0   0.000   0.000   24.1    60   15.9   24.3  10.93 1.1759    18.3   21.1   21.7    22    1     95.7    1 
28/09/26  11:21   18.3   18.3   18.3    86   15.9   4.8   ENE   0.08   6.4    NE   18.3   18.7   18.7  1020.8  0.00   0.0   0.000   0.000   24.1    60   15.9   24.3  10.93 1.1758    18.3   21.1   21.7    23    1    100.0    1 
28/09/26  11:22   18.3   18.3   18.3    85   15.7   4.8    NE   0.08   9.7   ENE   18.3   18.7   18.7  1020.7  0.00   0.0   0.000   0.000   24.1    60   15.9   24.3  10.93 1.1757    18.3   21.1   21.7    21    1     91.3    1 
28/09/26  11:23   18.2   18.3   18.2    85   15.7   4.8     E   0.08   9.7   ENE   18.2   18.6   18.6  1020.7  0.00   0.0   0.000   0.000   24.1    60   15.9   24.3  10.93 1.1757    18.3   21.1   21.7    21    1     91.3    1 
28/09/26  11:24   18.2   18.3   18.2    85   15.7   4.8   ENE   0.08   8.0   ENE   18.2   18.6   18.6  1020.7  0.00   0.0   0.000   0.000   24.1    60   15.9   24.3  10.93 1.1757    18.3   21.1   21.7    23    1    100.0    1 
28/09/26  11:25   18.3   18.3   18.2    86   15.9   1.6    NE   0.03   1.6    NE   18.3   18.7   18.7  1020.7  0.00   0.0   0.000   0.000   24.1    60   15.9   24.3  10.93 1.1757    18.3   21.1   21.7    22    1     95.7    1 
28/09/26  11:26   18.3   18.3   18.3    86   15.9   3.2    NE   0.05   9.7   ENE   18.3   18.7   18.7  1020.6  0.00   0.0   0.000   0.000   24.1    60   15.9   24.3  10.93 1.1756    18.3   21.1   21.7    23    1    100.0    1 
28/09/26  11:27   18.3   18.3   18.3    86   15.9   3.2    NE   0.05   6.4   ENE   18.3   18.7   18.7  1020.7  0.00   0.0   0.000   0.000   24.1    61   16.1   24.4  11.04 1.1754    18.3   21.1   21.7    20    1     87.0    1 
28/09/26  11:28   18.3   18.3   18.3    86   15.9   1.6   ESE   0.03   3.2   ESE   18.3   18.7   18.7  1020.7  0.00   0.0   0.000   0.000   24.1    61   16.1   24.4  11.04 1.1753    18.3   21.1   21.7    24    1    100.0    1 
28/09/26  11:29   18.3   18.3   18.3    86   15.9   0.0   ESE   0.00   1.6   ESE   18.3   18.8   18.8  1020.7  0.00   0.0   0.000   0.000   24.1    61   16.1   24.4  11.04 1.1754    18.3   21.1   21.7    21    1     91.3    1 
28/09/26  11:30   18.3   18.3   18.3    86   15.9   1.6   ENE   0.03   4.8   ENE   18.3   18.8   18.8  1020.7  0.00   0.0   0.000   0.000   24.1    61   16.1   24.4  11.04 1.1754    18.3   21.1   21.7    23    1    100.0    1 
28/09/26  11:31   18.3   18.3   18.3    86   15.9   4.8   ENE   0.08   6.4   ENE   18.3   18.8   18.8  1020.7  0.00   0.0   0.000   0.000   24.1    61   16.1   24.4  11.04 1.1753    18.3   21.1   21.7    23    1    100.0    1 
28/09/26  11:32   18.3   18.3   18.3    85   15.8   4.8   NNE   0.08   8.0    NE   18.3   18.7   18.7  1020.7  0.00   0.0   0.000   0.000   24.1    61   16.1   24.4  11.04 1.1753    18.3   21.1   21.7    21    1     91.3    1 
28/09/26  11:33   18.3   18.3   18.3    85   15.7   3.2     E   0.05   6.4   NNE   18.3   18.7   18.7  1020.6  0.00   0.0   0.000   0.000   24.1    61   16.1   24.4  11.04 1.1753    18.3   21.1   21.7    24    1    100.0    1 
28/09/26  11:34   18.3   18.3   18.3    85   15.7   4.8    NE   0.08   9.7     E   18.3   18.7   18.7  1020.6  0.00   0.0   0.000   0.000   24.1    61   16.1   24.4  11.04 1.1752    18.3   21.1   21.7    21    1     91.3    1 
28/09/26  11:35   18.3   18.3   18.3    85   15.7   6.4   ENE   0.11   9.7    NE   18.3   18.7   18.7  1020.5  0.00   0.0   0.000   0.000   24.1    61   16.1   24.4  11.04 1.1752    18.3   21.1   21.7    24    1    100.0    1 
28/09/26  11:36   18.3   18.3   18.3    85   15.7   6.4   ENE   0.11   9.7   ENE   18.3   18.7   18.7  1020.5  0.00   0.0   0.000   0.000   24.1    61   16.1   24.4  11.04 1.1751    18.3   21.1   21.7    22    1     95.7    1 
28/09/26  11:37   18.3   18.3   18.3    86   15.9   4.8    NE   0.08   6.4   ENE   18.3   18.7   18.7  1020.3  0.20   0.0   0.000   0.000   24.1    61   16.1   24.4  11.04 1.1749    18.3   21.1   21.7    23    1    100.0    1 
28/09/26  11:38   18.3   18.3   18.3    86   15.9   3.2    NE   0.05   8.0    NE   18.3   18.7   18.7  1020.3  0.00   0.0   0.000   0.000   24.1    61   16.1   24.4  11.04 1.1749    18.3   21.1   21.7    23    1    100.0    1 
28/09/26  11:39   18.3   18.3   18.3    86   15.9   1.6     E   0.03   6.4     E   18.3   18.7   18.7  1020.3  0.00   0.0   0.000   0.000   24.1    61   16.1   24.4  11.04 1.1748    18.3   21.1   21.7    22    1     95.7    1 
28/09/26  11:40   18.3   18.3   18.3    86   15.9   1.6     E   0.03   4.8   NNE   18.3   18.8   18.8  1020.2  0.00   0.0   0.000   0.000   24.1    61   16.1   24.4  11.04 1.1748    18.3   21.1   21.7    23    1    100.0    1 
28/09/26  11:41   18.3   18.3   18.3    86   15.9   4.8   ENE   0.08   6.4   ENE   18.3   18.8   18.8  1020.1  0.00   0.0   0.000   0.000   24.1    61   16.1   24.4  11.04 1.1747    18.3   21.1   21.7    22    1     95.7    1 
28/09/26  11:42   18.3   18.3   18.3    86   15.9   4.8    NE   0.08   4.8   ENE   18.3   18.8   18.8  1020.1  0.00   0.0   0.000   0.000   24.1    61   16.1   24.4  11.04 1.1746    18.3   21.1   21.7    23    1    100.0    1 
28/09/26  11:43   18.4   18.4   18.3    86   16.0   3.2   ENE   0.05   6.4    NE   18.4   18.8   18.8  1020.1  0.00   0.0   0.000   0.000   24.1    61   16.1   24.4  11.04 1.1746    18.3   21.1   21.7    23    1    100.0    1 
28/09/26  11:44   18.4   18.4   18.3    86   16.0   8.0    NE   0.13   9.7    NE   18.4   18.8   18.8  1020.0  0.20   1.6   0.000   0.000   24.1    61   16.1   24.4  11.04 1.1745    18.3   21.1   21.7    22    1     95.7    1 
28/09/26  11:45   18.3   18.4   18.3    86   15.9   8.0   NNE   0.13  11.3    NE   18.3   18.8   18.8  1019.8  0.00   1.6   0.000   0.000   24.1    61   16.1   24.4  11.04 1.1743    18.3   21.1   21.7    24    1    100.0    1 
28/09/26  11:46   18.3   18.3   18.3    86   15.9   8.0   NNE   0.13   9.7   NNE   18.3   18.8   18.8  1019.7  0.00   1.6   0.000   0.000   24.1    61   16.1   24.4  11.04 1.1742    18.3   21.1   21.7    23    1    100.0    1 
28/09/26  11:47   18.3   18.3   18.3    86   15.9   6.4   NNE   0.11   9.7    NE   18.3   18.8   18.8  1019.7  0.00   1.6   0.000   0.000   24.1    61   16.1   24.4  11.04 1.1742    18.3   21.1   21.7    24    1    100.0    1 
28/09/26  11:48   18.3   18.3   18.3    86   15.9   6.4   NNE   0.11   9.7    NE   18.3   18.8   18.8  1019.6  0.00   1.6   0.000   0.000   24.1    61   16.1   24.4  11.04 1.1741    18.3   21.1   21.7    23    1    100.0    1 
28/09/26  11:49   18.4   18.4   18.3    86   16.0   8.0   ENE   0.13  14.5   NNE   18.4   18.8   18.8  1019.6  0.00   1.6   0.000   0.000   24.1    61   16.1   24.4  11.04 1.1741    18.3   21.1   21.7    23    1    100.0    1 
28/09/26  11:50   18.3   18.3   18.3    86   15.9   8.0    NE   0.13  14.5    NE   18.3   18.8   18.8  1019.6  0.00   1.6   0.000   0.000   24.1    61   16.1   24.4  11.04 1.1741    18.3   21.1   21.7    24    1    100.0    1 
28/09/26  11:51   18.3   18.3   18.3    86   15.9   4.8   NNE   0.08   6.4   NNE   18.3   18.8   18.8  1019.7  0.00   1.6   0.000   0.000   24.1    61   16.1   24.4  11.04 1.1742    18.3   21.1   21.7    23    1    100.0    1 
28/09/26  11:52   18.3   18.3   18.3    86   15.9   6.4   NNW   0.11  11.3   NNW   18.3   18.8   18.8  1019.8  0.00   1.4   0.000   0.000   24.1    61   16.1   24.4  11.04 1.1743    18.3   21.1   21.7    24    1    100.0    1 
28/09/26  11:53   18.3   18.3   18.3    86   15.9   8.0   NNE   0.13  11.3   NNE   18.3   18.8   18.8  1019.7  0.00   1.2   0.000   0.000   24.1    61   16.1   24.4  11.04 1.1742    18.3   21.1   21.7    23    1    100.0    1 
28/09/26  11:54   18.3   18.3   18.3    86   15.9   8.0    NE   0.13  12.9    NE   18.3   18.8   18.8  1019.7  0.00   1.2   0.000   0.000   24.1    61   16.1   24.4  11.04 1.1742    18.3   21.1   21.7    24    1    100.0    1 
28/09/26  11:55   18.3   18.3   18.3    86   15.9  12.9    NE   0.21  19.3   ENE   17.9   18.7   18.4  1019.7  0.00   1.0   0.000   0.000   24.1    61   16.1   24.4  11.04 1.1742    18.3   21.1   21.7    23    1    100.0    1 
28/09/26  11:56   18.2   18.3   18.2    86   15.8   8.0    NE   0.13  19.3    NE   18.2   18.6   18.6  1019.8  0.00   1.0   0.000   0.000   24.1    61   16.1   24.4  11.04 1.1743    18.3   21.1   21.7    23    1    100.0    1 
28/09/26  11:57   18.2   18.2   18.2    86   15.8   9.7    NE   0.16  12.9    NE   18.2   18.6   18.6  1019.8  0.00   0.8   0.000   0.000   24.1    61   16.1   24.4  11.04 1.1743    18.3   21.1   21.7    24    1    100.0    1 
28/09/26  11:58   18.2   18.2   18.2    86   15.8   9.7   ENE   0.16  11.3    NE   18.2   18.6   18.6  1019.8  0.00   0.8   0.000   0.000   24.1    61   16.1   24.4  11.04 1.1744    18.3   21.1   21.7    23    1    100.0    1 
28/09/26  11:59   18.2   18.2   18.2    86   15.8   8.0   ENE   0.13  12.9    NE   18.2   18.6   18.6  1019.9  0.00   0.8   0.000   0.000   24.1    61   16.1   24.4  11.04 1.1744    18.3   21.1   21.7    24    1    100.0    1 
28/09/26  12:00   18.2   18.2   18.2    86   15.8   4.8    NE   0.08   9.7     E   18.2   18.6   18.6  1019.9  0.00   0.8   0.000   0.000   24.1    61   16.1   24.4  11.04 1.1745    18.3   21.1   21.7    23    1    100.0    1 
28/09/26  12:01   18.2   18.2   18.2    86   15.8   3.2   ENE   0.05   6.4     E   18.2   18.6   18.6  1020.0  0.00   0.0   0.000   0.000   24.1    61   16.1   24.4  11.04 1.1746    18.3   21.1   21.7    23    1    100.0    1 
28/09/26  12:02   18.2   18.2   18.2    86   15.8   1.6     N   0.03   4.8   NNE   18.2   18.6   18.6  1020.0  0.00   0.0   0.000   0.000   24.0    61   16.0   24.3  11.05 1.1751    18.3   21.1   21.7    23    1    100.0    1 
28/09/26  12:03   18.2   18.2   18.2    86   15.8   4.8     N   0.08   6.4     N   18.2   18.6   18.6  1020.0  0.00   0.0   0.000   0.000   24.0    61   16.0   24.3  11.05 1.1751    18.3   21.1   21.7    23    1    100.0    1 
28/09/26  12:04   18.2   18.2   18.2    86   15.8   8.0     N   0.13  11.3     N   18.2   18.6   18.6  1020.0  0.00   0.0   0.000   0.000   24.0    61   16.0   24.3  11.05 1.1751    18.3   21.1   21.7    24    1    100.0    1 
28/09/26  12:05   18.3   18.3   18.2    86   15.9   8.0     N   0.13   9.7     N   18.3   18.7   18.7  1019.9  0.00   0.0   0.000   0.000   24.0    61   16.0   24.3  11.05 1.1750    18.3   21.1   21.7    23    1    100.0    1 
28/09/26  12:06   18.3   18.3   18.3    87   16.1   4.8    NE   0.08  11.3    NE   18.3   18.7   18.7  1019.9  0.00   0.0   0.000   0.000   24.0    61   16.0   24.3  11.05 1.1751    18.3   21.1   21.7    23    1    100.0    1 
28/09/26  12:07   18.3   18.3   18.3    87   16.1   4.8    NE   0.08  11.3   NNE   18.3   18.7   18.7  1020.0  0.00   0.0   0.000   0.000   24.0    61   16.0   24.3  11.05 1.1751    18.3   21.1   21.7    23    1    100.0    1 
28/09/26  12:08   18.3   18.3   18.3    87   16.1   6.4   NNE   0.11   9.7    NE   18.3   18.8   18.8  1020.0  0.00   0.0   0.000   0.000   24.0    61   16.0   24.3  11.05 1.1751    18.3   21.1   21.7    21    1     91.3    1 
28/09/26  12:09   18.3   18.3   18.3    87   16.1   6.4   NNE   0.11   9.7     N   18.3   18.8   18.8  1020.0  0.00   0.0   0.000   0.000   24.0    61   16.0   24.3  11.05 1.1751    18.3   21.1   21.7    24    1    100.0    1 
28/09/26  12:10   18.3   18.3   18.3    87   16.1   8.0     N   0.13  12.9   NNW   18.3   18.8   18.8  1020.0  0.00   0.0   0.000   0.000   24.0    61   16.0   24.3  11.05 1.1751    18.3   21.1   21.7    22    1     95.7    1 
28/09/26  12:11   18.4   18.4   18.3    87   16.2   3.2     E   0.05   4.8   ENE   18.4   18.9   18.9  1020.0  0.00   0.0   0.000   0.000   24.0    61   16.0   24.3  11.05 1.1751    18.3   21.1   21.7    24    1    100.0    1 
28/09/26  12:12   18.4   18.4   18.4    87   16.2   6.4    NE   0.11  11.3    NE   18.4   18.9   18.9  1020.0  0.00   0.0   0.000   0.000   24.0    61   16.0   24.3  11.05 1.1751    18.3   21.1   21.7    22    1     95.7    1 
28/09/26  12:13   18.4   18.4   18.4    87   16.2   3.2     N   0.05   4.8    NE   18.4   18.9   18.9  1020.1  0.00   0.0   0.000   0.000   24.0    61   16.0   24.3  11.05 1.1752    18.3   21.1   21.7    23    1    100.0    1 
28/09/26  12:14   18.5   18.5   18.4    87   16.3   3.2    NW   0.05   4.8    NW   18.5   19.0   19.0  1020.2  0.00   0.0   0.000   0.000   24.0    61   16.0   24.3  11.05 1.1753    18.3   21.1   21.7    21    1     91.3    1 
28/09/26  12:15   18.5   18.5   18.5    87   16.3   4.8    NW   0.08   9.7   NNW   18.5   19.0   19.0  1020.3  0.00   0.0   0.000   0.000   24.0    61   16.0   24.3  11.05 1.1754    18.3   21.1   21.7    22    1     95.7    1 
28/09/26  12:16   18.5   18.5   18.5    87   16.3   8.0   NNW   0.13   9.7   NNW   18.5   19.0   19.0  1020.4  0.00   0.0   0.000   0.000   24.0    61   16.0   24.3  11.05 1.1755    18.3   21.1   21.7    24    1    100.0    1 
28/09/26  12:17   18.5   18.5   18.5    87   16.3   6.4   NNW   0.11   9.7   NNW   18.5   19.0   19.0  1020.4  0.00   0.0   0.000   0.000   24.0    61   16.0   24.3  11.05 1.1756    18.3   21.1   21.7    22    1     95.7    1 
28/09/26  12:18   18.5   18.5   18.4    87   16.3   3.2   NNW   0.05   4.8   NNW   18.5   19.0   19.0  1020.4  0.00   0.0   0.000   0.000   24.0    61   16.0   24.3  11.05 1.1756    18.3   21.1   21.7    24    1    100.0    1 
28/09/26  12:19   18.5   18.5   18.5    87   16.3   3.2    SE   0.05   6.4    SE   18.5   19.0   19.0  1020.5  0.00   0.0   0.000   0.000   24.0    61   16.0   24.3  11.05 1.1757    18.3   21.1   21.7    23    1    100.0    1 
28/09/26  12:20   18.5   18.6   18.5    87   16.3   4.8   SSE   0.08   9.7    SE   18.5   19.0   19.0  1020.6  0.00   0.0   0.000   0.000   24.0    62   16.3   24.3  11.25 1.1755    18.3   21.1   21.7    23    1    100.0    1 
28/09/26  12:21   18.6   18.6   18.6    87   16.3   3.2   ESE   0.05   8.0    SE   18.6   19.1   19.1  1020.5  0.00   0.0   0.000   0.000   24.0    62   16.3   24.3  11.25 1.1754    18.3   21.1   21.7    24    1    100.0    1 
28/09/26  12:22   18.6   18.6   18.6    87   16.4   1.6   ESE   0.03   6.4   ESE   18.6   19.2   19.2  1020.4  0.00   0.0   0.000   0.000   24.0    62   16.3   24.3  11.25 1.1753    18.9   21.1   21.7    23    1    100.0    1 
28/09/26  12:23   18.6   18.6   18.6    87   16.4   1.6    NE   0.03   4.8    NE   18.6   19.2   19.2  1020.4  0.00   0.0   0.000   0.000   24.0    62   16.3   24.3  11.25 1.1752    18.9   21.1   21.7    24    1    100.0    1 
28/09/26  12:24   18.7   18.7   18.6    87   16.5   3.2     E   0.05   8.0     E   18.7   19.2   19.2  1020.3  0.00   0.0   0.000   0.000   24.0    62   16.3   24.3  11.25 1.1752    18.9   21.1   21.7    23    1    100.0    1 
28/09/26  12:25   18.7   18.7   18.7    87   16.5   1.6     E   0.03   6.4     E   18.7   19.2   19.2  1020.3  0.00   0.0   0.000   0.000   24.0    62   16.3   24.3  11.25 1.1751    18.9   21.1   21.7    23    1    100.0    1 
28/09/26  12:26   18.7   18.7   18.7    87   16.5   1.6     E   0.03   4.8   ENE   18.7   19.3   19.3  1020.3  0.00   0.0   0.000   0.000   24.0    62   16.3   24.3  11.25 1.1752    18.9   21.1   21.7    24    1    100.0    1 
28/09/26  12:27   18.7   18.7   18.7    87   16.5   6.4   ENE   0.11   9.7   ESE   18.7   19.3   19.3  1020.3  0.00   0.0   0.000   0.000   24.0    62   16.3   24.3  11.25 1.1751    18.9   21.1   21.7    23    1    100.0    1 
28/09/26  12:28   18.7   18.7   18.7    87   16.5   3.2     E   0.05   9.7     E   18.7   19.3   19.3  1020.3  0.00   0.0   0.000   0.000   24.0    62   16.3   24.3  11.25 1.1751    18.9   21.1   21.7    24    1    100.0    1 
28/09/26  12:29   18.7   18.7   18.7    87   16.5   3.2   ESE   0.05   9.7     E   18.7   19.3   19.3  1020.3  0.00   0.0   0.000   0.000   24.0    62   16.3   24.3  11.25 1.1751    18.9   21.1   21.7    22    1     95.7    1 
28/09/26  12:30   18.8   18.8   18.7    87   16.6   3.2    SE   0.05   8.0    SE   18.8   19.3   19.3  1020.3  0.00   0.0   0.000   0.000   24.0    62   16.3   24.3  11.25 1.1751    18.9   21.1   21.7    22    1     95.7    1 
28/09/26  12:31   18.8   18.8   18.8    87   16.6   3.2     E   0.05   8.0   ESE   18.8   19.3   19.3  1020.3  0.00   0.0   0.000   0.000   24.0    62   16.3   24.3  11.25 1.1751    18.9   21.1   21.7    24    1    100.0    1 
28/09/26  12:32   18.8   18.8   18.8    87   16.6   3.2   ESE   0.05  11.3   ESE   18.8   19.3   19.3  1020.2  0.00   0.0   0.000   0.000   24.0    62   16.3   24.3  11.25 1.1750    18.9   21.1   21.7    22    1     95.7    1 
28/09/26  12:33   18.8   18.8   18.8    87   16.6   3.2   ESE   0.05   9.7   ESE   18.8   19.4   19.4  1020.2  0.00   0.0   0.000   0.000   24.0    62   16.3   24.3  11.25 1.1750    18.9   21.1   21.7    24    1    100.0    1 
28/09/26  12:34   18.9   18.9   18.8    86   16.5   3.2   SSE   0.05   8.0     E   18.9   19.4   19.4  1020.2  0.00   0.0   0.000   0.000   24.0    62   16.3   24.3  11.25 1.1750    18.9   21.1   21.7    23    1    100.0    1 
28/09/26  12:35   18.9   18.9   18.9    86   16.5   6.4     E   0.11   9.7    SE   18.9   19.4   19.4  1020.1  0.00   0.0   0.000   0.000   24.0    62   16.3   24.3  11.25 1.1749    18.9   21.1   21.7    24    1    100.0    1 
28/09/26  12:36   18.9   18.9   18.9    86   16.5   8.0   ESE   0.13  11.3   ESE   18.9   19.4   19.4  1020.2  0.00   0.0   0.000   0.000   24.0    62   16.3   24.3  11.25 1.1750    18.9   21.1   21.7    23    1    100.0    1 
28/09/26  12:37   18.9   18.9   18.9    86   16.5   4.8     E   0.08  11.3   SSE   18.9   19.5   19.5  1020.1  0.00   0.0   0.000   0.000   24.0    62   16.3   24.3  11.25 1.1749    18.9   21.1   21.7    23    1    100.0    1 
28/09/26  12:38   18.9   18.9   18.9    86   16.5   3.2    SE   0.05   8.0   ESE   18.9   19.5   19.5  1020.1  0.00   0.0   0.000   0.000   24.0    62   16.3   24.3  11.25 1.1748    18.9   21.1   21.7    24    1    100.0    1 
28/09/26  12:39   19.0   19.0   18.9    86   16.6   1.6   ESE   0.03   8.0     E   19.0   19.6   19.6  1020.1  0.00   0.0   0.000   0.000   24.0    62   16.3   24.3  11.25 1.1748    18.9   21.1   21.7    23    1    100.0    1 
28/09/26  12:40   19.0   19.0   19.0    86   16.6   3.2     E   0.05   9.7     E   19.0   19.6   19.6  1020.0  0.00   0.0   0.000   0.000   24.0    62   16.3   24.3  11.25 1.1748    18.9   21.1   21.7    24    1    100.0    1 
28/09/26  12:41   19.0   19.1   19.0    86   16.6   4.8   ENE   0.08   8.0   ESE   19.0   19.6   19.6  1019.9  0.00   0.0   0.000   0.000   24.0    62   16.3   24.3  11.25 1.1747    18.9   21.1   21.7    23    1    100.0    1 
28/09/26  12:42   19.1   19.1   19.1    86   16.7   3.2     E   0.05   6.4   ESE   19.1   19.7   19.7  1019.9  0.00   0.0   0.000   0.001   24.0    62   16.3   24.3  11.25 1.1747    18.9   21.1   21.7    23    1    100.0    1 
28/09/26  12:43   19.1   19.1   19.1    86   16.7   4.8     E   0.08   9.7    NE   19.1   19.7   19.7  1019.9  0.00   0.0   0.000   0.001   24.0    62   16.3   24.3  11.25 1.1746    18.9   21.1   21.7    23    1    100.0    1 
28/09/26  12:44   19.1   19.1   19.1    86   16.7   3.2   ESE   0.05   8.0    NE   19.1   19.7   19.7  1019.8  0.00   0.0   0.000   0.001   24.0    62   16.3   24.3  11.25 1.1746    18.9   21.1   21.7    23    1    100.0    1 
28/09/26  12:45   19.2   19.2   19.1    86   16.8   4.8    NE   0.08   8.0    SE   19.2   19.8   19.8  1019.8  0.00   0.0   0.000   0.001   24.0    62   16.3   24.3  11.25 1.1745    19.4   21.1   21.7    24    1    100.0    1 
28/09/26  12:46   19.2   19.2   19.2    86   16.8   1.6    NE   0.03   4.8    NE   19.2   19.9   19.9  1019.8  0.00   0.0   0.000   0.001   24.0    62   16.3   24.3  11.25 1.1745    19.4   21.1   21.7    23    1    100.0    1 
28/09/26  12:47   19.3   19.3   19.2    86   16.9   1.6    SE   0.03   8.0   ESE   19.3   19.9   19.9  1019.7  0.00   0.0   0.000   0.001   24.0    62   16.3   24.3  11.25 1.1745    19.4   21.1   21.7    24    1    100.0    1 
28/09/26  12:48   19.3   19.3   19.3    86   16.9   0.0   ESE   0.00   1.6    SE   19.3   20.0   20.0  1019.7  0.00   0.0   0.000   0.001   24.0    62   16.3   24.3  11.25 1.1745    19.4   21.1   21.7    23    1    100.0    1 
28/09/26  12:49   19.4   19.4   19.3    86   17.0   4.8   ESE   0.08  17.7   ESE   19.4   20.1   20.1  1019.8  0.00   0.0   0.000   0.001   24.0    62   16.3   24.3  11.25 1.1745    19.4   21.1   21.7    23    1    100.0    1 
28/09/26  12:50   19.4   19.4   19.4    86   17.0   3.2     E   0.05   8.0   ESE   19.4   20.1   20.1  1019.8  0.00   0.0   0.000   0.001   24.0    62   16.3   24.3  11.25 1.1745    19.4   21.1   21.7    23    1    100.0    1 
28/09/26  12:51   19.4   19.4   19.4    85   16.8   6.4    SE   0.11  12.9    SE   19.4   20.1   20.1  1019.8  0.00   0.0   0.000   0.001   24.0    62   16.3   24.3  11.25 1.1745    19.4   21.1   21.7    22    1     95.7    1 
28/09/26  12:52   19.4   19.4   19.4    85   16.8   4.8    NE   0.08   8.0     E   19.4   20.1   20.1  1019.8  0.00   0.0   0.000   0.001   24.0    62   16.3   24.3  11.25 1.1746    19.4   21.1   21.7    23    1    100.0    1 
28/09/26  12:53   19.4   19.4   19.4    85   16.9   6.4     E   0.11  12.9   ESE   19.4   20.1   20.1  1019.8  0.00   0.0   0.000   0.001   24.0    62   16.3   24.3  11.25 1.1745    19.4   21.1   21.7    22    1     95.7    1 
28/09/26  12:54   19.4   19.4   19.4    85   16.9   3.2     E   0.05   6.4     E   19.4   20.1   20.1  1019.8  0.00   0.0   0.000   0.001   24.0    62   16.3   24.3  11.25 1.1745    19.4   21.1   21.7    21    1     91.3    1 
28/09/26  12:55   19.4   19.4   19.4    85   16.9   4.8     E   0.08   8.0   ESE   19.4   20.1   20.1  1019.7  0.00   0.0   0.000   0.001   24.0    62   16.3   24.3  11.25 1.1745    19.4   21.1   21.7    23    1    100.0    1 
28/09/26  12:56   19.5   19.5   19.4    85   16.9   6.4    SE   0.11  11.3     E   19.5   20.2   20.2  1019.7  0.00   0.0   0.000   0.001   24.0    62   16.3   24.3  11.25 1.1745    19.4   21.1   21.7    22    1     95.7    1 
28/09/26  12:57   19.5   19.5   19.5    85   16.9   1.6     S   0.03   3.2     S   19.5   20.2   20.2  1019.7  0.00   0.0   0.000   0.001   24.0    62   16.3   24.3  11.25 1.1744    19.4   21.1   21.7    22    1     95.7    1 
28/09/26  12:58   19.6   19.6   19.5    85   17.0   1.6   ENE   0.03   4.8    NE   19.6   20.2   20.2  1019.8  0.00   0.0   0.000   0.001   24.0    62   16.3   24.3  11.25 1.1745    19.4   21.1   21.7    21    1     91.3    1 
28/09/26  12:59   19.6   19.6   19.6    85   17.0   3.2     E   0.05   6.4    NE   19.6   20.3   20.3  1019.8  0.00   0.0   0.000   0.001   24.0    62   16.3   24.3  11.25 1.1745    19.4   21.1   21.7    24    1    100.0    1 
28/09/26  13:00   19.6   19.6   19.6    84   16.8   4.8   ENE   0.08  11.3     E   19.6   20.3   20.3  1019.8  0.00   0.0   0.000   0.001   24.0    62   16.3   24.3  11.25 1.1745    19.4   21.1   21.7    21    1     91.3    1 
28/09/26  13:01   19.7   19.7   19.6    84   16.9   4.8   ESE   0.08  11.3     E   19.7   20.3   20.3  1019.7  0.00   0.0   0.000   0.001   24.0    62   16.3   24.3  11.25 1.1744    19.4   21.1   21.7    22    1     95.7    1 
28/09/26  13:02   19.7   19.7   19.7    84   16.9   3.2   ENE   0.05   4.8    NE   19.7   20.4   20.4  1019.7  0.00   0.0   0.000   0.001   24.0    62   16.3   24.3  11.25 1.1744    20.0   21.1   21.7    23    1    100.0    1 
28/09/26  13:03   19.7   19.7   19.7    84   16.9   3.2   ENE   0.05  11.3   ESE   19.7   20.4   20.4  1019.7  0.00   0.0   0.000   0.001   24.0    62   16.3   24.3  11.25 1.1745    20.0   21.1   21.7    21    1     91.3    1 
28/09/26  13:04   19.8   19.8   19.8    84   17.0   8.0   ENE   0.13  12.9   ENE   19.8   20.5   20.5  1019.7  0.00   0.0   0.000   0.001   24.0    62   16.3   24.3  11.25 1.1744    20.0   21.1   21.7    23    1    100.0    1 
28/09/26  13:05   19.8   19.8   19.8    84   17.0   3.2     E   0.05   6.4    NE   19.8   20.6   20.6  1019.6  0.00   0.0   0.000   0.001   24.0    62   16.3   24.3  11.25 1.1744    20.0   21.1   21.7    22    1     95.7    1 
28/09/26  13:06   19.8   19.8   19.8    84   17.0   6.4   ESE   0.11   9.7   ESE   19.8   20.6   20.6  1019.6  0.00   0.0   0.000   0.001   24.0    62   16.3   24.3  11.25 1.1744    20.0   21.1   21.7    23    1    100.0    1 
28/09/26  13:07   19.9   19.9   19.9    83   16.9   6.4   ENE   0.11   9.7   ENE   19.9   20.6   20.6  1019.6  0.00   0.0   0.000   0.001   24.0    62   16.3   24.3  11.25 1.1744    20.0   21.1   21.7    23    1    100.0    1 
28/09/26  13:08   19.9   19.9   19.9    83   16.9   4.8   ENE   0.08   8.0     E   19.9   20.6   20.6  1019.6  0.00   0.0   0.000   0.001   24.0    62   16.3   24.3  11.25 1.1743    20.0   21.1   21.7    23    1    100.0    1 
28/09/26  13:09   19.9   19.9   19.9    83   16.9   6.4    NE   0.11  11.3     E   19.9   20.6   20.6  1019.6  0.00   0.0   0.000   0.001   24.0    62   16.3   24.3  11.25 1.1743    20.0   21.1   21.7    23    1    100.0    1 
28/09/26  13:10   19.9   19.9   19.9    83   17.0   6.4   ENE   0.11   9.7     E   19.9   20.7   20.7  1019.6  0.00   0.0   0.000   0.001   24.0    62   16.3   24.3  11.25 1.1743    20.0   21.1   21.7    23    1    100.0    1 
28/09/26  13:11   19.9   19.9   19.9    83   17.0   4.8   ENE   0.08   6.4    NE   19.9   20.7   20.7  1019.6  0.00   0.0   0.000   0.001   24.0    62   16.3   24.3  11.25 1.1743    20.0   21.1   21.7    22    1     95.7    1 
28/09/26  13:12   20.0   20.0   19.9    83   17.0   6.4   NNE   0.11  11.3   ENE   20.0   20.7   20.7  1019.5  0.00   0.0   0.000   0.001   24.0    62   16.3   24.3  11.25 1.1742    20.0   21.1   21.7    23    1    100.0    1 
28/09/26  13:13   20.0   20.0   20.0    82   16.8   6.4   NNE   0.11  11.3   NNE   20.0   20.7   20.7  1019.5  0.00   0.0   0.000   0.001   24.0    62   16.3   24.3  11.25 1.1742    20.0   21.1   21.7    23    1    100.0    1 
28/09/26  13:14   20.0   20.0   20.0    82   16.8   6.4   NNE   0.11  11.3    NE   20.0   20.7   20.7  1019.5  0.00   0.0   0.000   0.001   24.0    62   16.3   24.3  11.25 1.1742    20.0   21.1   21.7    23    1    100.0    1 
28/09/26  13:15   20.1   20.1   20.0    82   16.9   3.2   NNE   0.05   6.4   ENE   20.1   20.8   20.8  1019.6  0.00   0.0   0.000   0.001   24.0    62   16.3   24.3  11.25 1.1743    20.0   21.1   21.7    23    1    100.0    1 
28/09/26  13:16   20.1   20.1   20.1    82   16.9   6.4   NNE   0.11  11.3   NNE   20.1   20.8   20.8  1019.6  0.00   0.0   0.000   0.001   24.0    62   16.3   24.3  11.25 1.1743    20.0   21.1   21.7    24    1    100.0    1 
28/09/26  13:17   20.1   20.1   20.1    82   16.9   8.0    NE   0.13  12.9    NE   20.1   20.8   20.8  1019.5  0.00   0.0   0.000   0.001   24.0    62   16.3   24.3  11.25 1.1742    20.0   21.1   21.7    23    1    100.0    1 
28/09/26  13:18   20.1   20.1   20.1    82   16.9   8.0    NE   0.13  12.9    NE   20.1   20.8   20.8  1019.5  0.00   0.0   0.000   0.001   24.0    62   16.3   24.3  11.25 1.1742    20.0   21.1   21.7    23    1    100.0    1 
28/09/26  13:19   20.1   20.1   20.1    82   16.9   4.8     N   0.08   9.7    NE   20.1   20.8   20.8  1019.5  0.00   0.0   0.000   0.001   24.0    62   16.3   24.3  11.25 1.1742    20.0   21.1   21.7    24    1    100.0    1 
28/09/26  13:20   20.1   20.1   20.1    82   16.9   6.4    NE   0.11   9.7    NE   20.1   20.8   20.8  1019.5  0.00   0.0   0.000   0.001   24.0    62   16.3   24.3  11.25 1.1742    20.0   21.1   21.7    23    1    100.0    1 
28/09/26  13:21   20.1   20.1   20.1    82   16.9   8.0   ENE   0.13  12.9    NE   20.1   20.8   20.8  1019.5  0.00   0.0   0.000   0.001   24.0    62   16.3   24.3  11.25 1.1742    20.0   21.1   21.7    24    1    100.0    1 
28/09/26  13:22   20.2   20.2   20.1    82   17.0   3.2    NE   0.05   6.4     E   20.2   20.9   20.9  1019.5  0.00   0.0   0.000   0.001   24.0    62   16.3   24.3  11.25 1.1742    20.0   21.1   21.7    22    1     95.7    1 
28/09/26  13:23   20.2   20.2   20.2    82   17.0   4.8   ENE   0.08   8.0    NE   20.2   21.0   21.0  1019.6  0.00   0.0   0.000   0.001   24.0    62   16.3   24.3  11.25 1.1743    20.0   21.1   21.7    23    1    100.0    1 
28/09/26  13:24   20.2   20.2   20.2    81   16.9   3.2   ENE   0.05   4.8   ENE   20.2   20.9   20.9  1019.6  0.00   0.0   0.000   0.001   24.0    62   16.3   24.3  11.25 1.1743    20.0   21.1   21.7    24    1    100.0    1 
28/09/26  13:25   20.3   20.3   20.2    81   16.9   1.6   NNE   0.03   4.8     N   20.3   21.0   21.0  1019.6  0.00   0.0   0.000   0.001   24.0    62   16.3   24.3  11.25 1.1743    20.6   21.1   21.7    22    1     95.7    1 
28/09/26  13:26   20.3   20.3   20.3    81   16.9   6.4    NE   0.11   9.7   NNE   20.3   21.0   21.0  1019.5  0.00   0.0   0.000   0.001   24.0    62   16.3   24.3  11.25 1.1742    20.6   21.1   21.7    24    1    100.0    1 
28/09/26  13:27   20.3   20.3   20.3    81   17.0   8.0     E   0.13  12.9   ENE   20.3   21.1   21.1  1019.5  0.00   0.0   0.000   0.001   24.0    62   16.3   24.3  11.25 1.1742    20.6   21.1   21.7    23    1    100.0    1 
28/09/26  13:28   20.4   20.4   20.3    81   17.0   8.0     E   0.13  11.3     E   20.4   21.2   21.2  1019.5  0.00   0.0   0.000   0.001   24.0    62   16.3   24.3  11.25 1.1742    20.6   21.1   21.7    24    1    100.0    1 
28/09/26  13:29   20.4   20.4   20.4    81   17.0   4.8     E   0.08  11.3     E   20.4   21.2   21.2  1019.5  0.00   0.0   0.000   0.001   24.0    62   16.3   24.3  11.25 1.1742    20.6   21.1   21.7    22    1     95.7    1 
28/09/26  13:30   20.4   20.4   20.4    81   17.1   6.4   ESE   0.11   9.7   SSE   20.4   21.2   21.2  1019.5  0.00   0.0   0.000   0.001   24.0    62   16.3   24.3  11.25 1.1742    20.6   21.1   21.7    23    1    100.0    1 
28/09/26  13:31   20.5   20.5   20.4    80   16.9   4.8   ENE   0.08   8.0     E   20.5   21.3   21.3  1019.5  0.00   0.0   0.000   0.002   24.0    62   16.3   24.3  11.25 1.1742    20.6   21.1   21.7    24    1    100.0    1 
28/09/26  13:32   20.5   20.5   20.5    80   16.9   4.8   ENE   0.08   9.7   ENE   20.5   21.3   21.3  1019.5  0.00   0.0   0.000   0.002   24.0    62   16.3   24.3  11.25 1.1742    20.6   21.1   21.7    23    1    100.0    1 
28/09/26  13:33   20.5   20.6   20.5    80   16.9   6.4   ENE   0.11   9.7   ENE   20.5   21.3   21.3  1019.5  0.00   0.0   0.000   0.002   24.0    62   16.3   24.3  11.25 1.1742    20.6   21.1   21.7    24    1    100.0    1 
28/09/26  13:34   20.5   20.6   20.5    79   16.7   6.4   NNE   0.11   9.7    NE   20.5   21.2   21.2  1019.5  0.00   0.0   0.000   0.002   24.0    62   16.3   24.3  11.25 1.1742    20.6   21.1   21.7    22    1     95.7    1 
28/09/26  13:35   20.6   20.6   20.6    79   16.8   6.4    NE   0.11   9.7    NE   20.6   21.3   21.3  1019.6  0.00   0.0   0.000   0.002   24.0    62   16.3   24.3  11.25 1.1743    20.6   21.1   21.7    23    1    100.0    1 
28/09/26  13:36   20.6   20.6   20.6    79   16.8   4.8   NNE   0.08   8.0   NNE   20.6   21.3   21.3  1019.5  0.00   0.0   0.000   0.002   24.0    62   16.3   24.3  11.25 1.1742    20.6   21.1   21.7    23    1    100.0    1 
28/09/26  13:37   20.6   20.6   20.6    79   16.8   4.8     E   0.08   9.7     E   20.6   21.3   21.3  1019.5  0.00   0.0   0.000   0.002   24.0    62   16.3   24.3  11.25 1.1742    20.6   21.1   21.7    21    1     91.3    1 
28/09/26  13:38   20.6   20.6   20.6    79   16.8   3.2   NNE   0.05   6.4   ENE   20.6   21.3   21.3  1019.5  0.00   0.0   0.000   0.002   24.0    62   16.3   24.3  11.25 1.1742    20.6   21.1   21.7    23    1    100.0    1 
28/09/26  13:39   20.7   20.7   20.6    79   16.9   3.2     E   0.05   8.0   ENE   20.7   21.4   21.4  1019.6  0.00   0.0   0.000   0.002   24.0    62   16.3   24.3  11.25 1.1743    20.6   21.1   21.7    23    1    100.0    1 
28/09/26  13:40   20.7   20.7   20.7    79   16.9   8.0   ESE   0.13  12.9    SE   20.7   21.4   21.4  1019.6  0.00   0.0   0.000   0.002   24.0    62   16.3   24.3  11.25 1.1744    20.6   21.1   21.7    23    1    100.0    1 
28/09/26  13:41   20.7   20.7   20.7    79   16.9   6.4   ESE   0.11   9.7   ESE   20.7   21.4   21.4  1019.7  0.00   0.0   0.000   0.002   24.0    62   16.3   24.3  11.25 1.1744    20.6   21.1   21.7    22    1     95.7    1 
28/09/26  13:42   20.8   20.8   20.7    79   17.0   6.4    NE   0.11   9.7   ESE   20.8   21.5   21.5  1019.7  0.00   0.0   0.000   0.002   24.0    62   16.3   24.3  11.25 1.1744    20.6   21.1   21.7    23    1    100.0    1 
28/09/26  13:43   20.9   20.9   20.8    79   17.1   4.8   SSE   0.08   8.0    SE   20.9   21.6   21.6  1019.7  0.00   0.0   0.000   0.002   24.0    62   16.3   24.3  11.25 1.1745    21.1   21.1   21.7    23    1    100.0    1 
28/09/26  13:44   20.9   20.9   20.9    79   17.2   4.8    SE   0.08   8.0   ESE   20.9   21.6   21.6  1019.7  0.00   0.0   0.000   0.002   24.0    62   16.3   24.3  11.25 1.1744    21.1   21.1   21.7    23    1    100.0    1 
28/09/26  13:45   21.0   21.0   20.9    78   17.0   4.8    NE   0.08   6.4     E   21.0   21.6   21.6  1019.7  0.00   0.0   0.000   0.002   24.0    62   16.3   24.3  11.25 1.1744    21.1   21.1   21.7    23    1    100.0    1 
28/09/26  13:46   21.1   21.1   21.0    78   17.1   1.6    NE   0.03   3.2    NE   21.1   21.7   21.7  1019.7  0.00   0.0   0.000   0.002   24.0    62   16.3   24.3  11.25 1.1744    21.1   21.1   21.7    22    1     95.7    1 
28/09/26  13:47   21.2   21.2   21.1    78   17.2   3.2   SSE   0.05   9.7   ESE   21.2   21.8   21.8  1019.7  0.00   0.0   0.000   0.002   24.0    62   16.3   24.3  11.25 1.1744    21.1   21.1   21.7    22    1     95.7    1 
28/09/26  13:48   21.2   21.2   21.2    78   17.2   1.6     E   0.03   6.4     E   21.2   21.8   21.8  1019.7  0.00   0.0   0.000   0.002   24.0    62   16.3   24.3  11.25 1.1744    21.1   21.1   21.7    24    1    100.0    1 
28/09/26  13:49   21.3   21.3   21.3    78   17.3   4.8    SE   0.08   8.0   ESE   21.3   22.0   22.0  1019.6  0.00   0.0   0.000   0.002   24.0    62   16.3   24.3  11.25 1.1743    21.1   21.1   21.7    23    1    100.0    1 
28/09/26  13:50   21.4   21.4   21.3    77   17.2   1.6    NE   0.03   6.4    SE   21.4   22.0   22.0  1019.6  0.00   0.0   0.000   0.002   24.0    62   16.3   24.3  11.25 1.1743    21.7   21.1   21.7    24    1    100.0    1 
28/09/26  13:51   21.4   21.4   21.4    77   17.2   0.0    SE   0.00   3.2    SE   21.4   22.1   22.1  1019.6  0.00   0.0   0.000   0.002   24.0    62   16.3   24.3  11.25 1.1744    21.7   21.1   21.7    23    1    100.0    1 
28/09/26  13:52   21.6   21.6   21.4    77   17.4   1.6   ENE   0.03   4.8     E   21.6   22.2   22.2  1019.7  0.00   0.0   0.000   0.002   24.0    62   16.3   24.3  11.25 1.1744    21.7   21.1   21.7    24    1    100.0    1 
28/09/26  13:53   21.6   21.6   21.6    76   17.2   1.6   ENE   0.03   3.2   ENE   21.6   22.2   22.2  1019.7  0.00   0.0   0.000   0.002   24.0    62   16.3   24.3  11.25 1.1744    21.7   21.1   21.7    23    1    100.0    1 
28/09/26  13:54   21.7   21.7   21.7    76   17.3   6.4    SE   0.11   8.0    SE   21.7   22.3   22.3  1019.7  0.00   0.0   0.000   0.002   24.0    62   16.3   24.3  11.25 1.1744    21.7   21.1   21.7    23    1    100.0    1 
28/09/26  13:55   21.8   21.8   21.7    76   17.4   3.2     E   0.05   6.4     E   21.8   22.4   22.4  1019.7  0.00   0.0   0.000   0.002   24.0    62   16.3   24.3  11.25 1.1744    21.7   21.1   21.7    24    1    100.0    1 
28/09/26  13:56   21.9   21.9   21.8    75   17.3   3.2     E   0.05   6.4     E   21.9   22.4   22.4  1019.7  0.00   0.0   0.000   0.002   24.0    62   16.3   24.3  11.25 1.1744    21.7   21.1   21.7    23    1    100.0    1 
28/09/26  13:57   21.9   21.9   21.9    75   17.3   1.6     E   0.03   3.2     E   21.9   22.4   22.4  1019.7  0.00   0.0   0.000   0.002   24.0    62   16.3   24.3  11.25 1.1744    21.7   21.1   21.7    24    1    100.0    1 
28/09/26  13:58   21.9   21.9   21.9    74   17.1   3.2   ENE   0.05   4.8     E   21.9   22.4   22.4  1019.7  0.00   0.0   0.000   0.003   24.0    62   16.3   24.3  11.25 1.1744    22.2   21.1   21.7    22    1     95.7    1 
28/09/26  13:59   22.0   22.0   21.9    74   17.2   1.6   ENE   0.03   3.2   ENE   22.0   22.5   22.5  1019.7  0.00   0.0   0.000   0.003   24.0    62   16.3   24.3  11.25 1.1744    22.2   21.1   21.7    23    1    100.0    1 
28/09/26  14:00   22.0   22.0   22.0    74   17.2   4.8   NNE   0.08   6.4   NNE   22.0   22.5   22.5  1019.7  0.00   0.0   0.000   0.003   24.0    62   16.3   24.3  11.25 1.1744    22.2   21.1   21.7    24    1    100.0    1 
28/09/26  14:01   21.9   22.0   21.9    73   16.9   8.0     N   0.13   9.7    NE   21.9   22.4   22.4  1019.7  0.00   0.0   0.000   0.003   24.0    62   16.3   24.3  11.25 1.1744    22.2   21.1   21.7    22    1     95.7    1 
28/09/26  14:02   21.9   21.9   21.9    73   16.8   6.4     N   0.11   9.7   NNE   21.9   22.3   22.3  1019.6  0.00   0.0   0.000   0.002   24.0    62   16.3   24.3  11.25 1.1744    21.7   21.1   21.7    23    1    100.0    1 
28/09/26  14:03   21.8   21.9   21.8    73   16.8   4.8     N   0.08   6.4     N   21.8   22.3   22.3  1019.6  0.00   0.0   0.000   0.002   24.0    62   16.3   24.3  11.25 1.1744    21.7   21.1   21.7    23    1    100.0    1 
28/09/26  14:04   21.8   21.8   21.8    73   16.8   3.2   NNE   0.05   4.8     N   21.8   22.3   22.3  1019.6  0.00   0.0   0.000   0.002   24.0    61   16.0   24.3  11.05 1.1747    21.7   21.1   21.7    23    1    100.0    1 
28/09/26  14:05   21.8   21.8   21.8    73   16.7   1.6    NE   0.03   4.8    NE   21.8   22.2   22.2  1019.7  0.00   0.0   0.000   0.002   24.0    61   16.0   24.3  11.05 1.1747    21.7   21.1   21.7    24    1    100.0    1 
28/09/26  14:06   21.8   21.8   21.8    73   16.7   1.6   NNE   0.03   4.8   NNW   21.8   22.2   22.2  1019.7  0.00   0.0   0.000   0.002   24.0    61   16.0   24.3  11.05 1.1747    21.7   21.1   21.7    23    1    100.0    1 
28/09/26  14:07   21.8   21.8   21.8    73   16.7   3.2     N   0.05   4.8     N   21.8   22.2   22.2  1019.6  0.00   0.0   0.000   0.002   24.0    61   16.0   24.3  11.05 1.1747    21.7   21.1   21.7    24    1    100.0    1 
28/09/26  14:08   21.8   21.8   21.8    73   16.7   3.2     N   0.05   6.4   ENE   21.8   22.2   22.2  1019.6  0.00   0.0   0.000   0.002   24.0    61   16.0   24.3  11.05 1.1747    21.7   21.1   21.7    23    1    100.0    1 
28/09/26  14:09   21.8   21.8   21.8    73   16.8   4.8   ENE   0.08   6.4     N   21.8   22.3   22.3  1019.6  0.00   0.0   0.000   0.002   24.0    61   16.0   24.3  11.05 1.1747    21.7   21.1   21.7    24    1    100.0    1 
28/09/26  14:10   21.8   21.8   21.8    73   16.8   4.8     N   0.08   6.4   NNW   21.8   22.3   22.3  1019.7  0.00   0.0   0.000   0.002   24.1    61   16.1   24.4  11.04 1.1742    21.7   21.1   21.7    23    1    100.0    1 
28/09/26  14:11   21.8   21.8   21.8    73   16.8   3.2     N   0.05   4.8     N   21.8   22.3   22.3  1019.6  0.00   0.0   0.000   0.002   24.1    61   16.1   24.4  11.04 1.1741    21.7   21.1   21.7    22    1     95.7    1 
28/09/26  14:12   21.8   21.8   21.8    73   16.8   3.2    NE   0.05   4.8   NNE   21.8   22.3   22.3  1019.7  0.00   0.0   0.000   0.002   24.0    61   16.0   24.3  11.05 1.1747    21.7   21.1   21.7    23    1    100.0    1 
28/09/26  14:13   21.8   21.8   21.8    73   16.8   0.0   ---   0.00   0.0   ---   21.8   22.3   22.3  1019.6  0.00   0.0   0.000   0.002   24.0    61   16.0   24.3  11.05 1.1747    21.7   21.1   21.7    23    1    100.0    1 
28/09/26  14:14   21.9   21.9   21.8    73   16.8   0.0     N   0.00   1.6   NNE   21.9   22.3   22.3  1019.6  0.00   0.0   0.000   0.002   24.1    61   16.1   24.4  11.04 1.1741    21.7   21.1   21.7    24    1    100.0    1 
28/09/26  14:15   21.9   21.9   21.9    73   16.8   0.0     N   0.00   1.6     N   21.9   22.3   22.3  1019.6  0.00   0.0   0.000   0.002   24.1    61   16.1   24.4  11.04 1.1741    21.7   21.1   21.7    23    1    100.0    1 
28/09/26  14:16   21.9   21.9   21.9    73   16.9   0.0     N   0.00   1.6     N   21.9   22.4   22.4  1019.6  0.00   0.0   0.000   0.003   24.1    61   16.1   24.4  11.04 1.1740    22.2   21.1   21.7    23    1    100.0    1 
28/09/26  14:17   21.9   21.9   21.9    73   16.9   0.0   ---   0.00   0.0   ---   21.9   22.4   22.4  1019.6  0.00   0.0   0.000   0.003   24.1    61   16.1   24.4  11.04 1.1741    22.2   21.1   21.7    22    1     95.7    1 
28/09/26  14:18   22.0   22.0   22.0    73   16.9   1.6     N   0.03   3.2     W   22.0   22.4   22.4  1019.6  0.00   0.0   0.000   0.003   24.0    61   16.0   24.3  11.05 1.1747    22.2   21.1   21.7    22    1     95.7    1 
28/09/26  14:19   22.1   22.1   22.0    73   17.0   3.2     W   0.05   4.8     W   22.1   22.5   22.5  1019.6  0.00   0.0   0.000   0.003   24.1    61   16.1   24.4  11.04 1.1740    22.2   21.1   21.7    22    1     95.7    1 
28/09/26  14:20   22.1   22.1   22.0    73   17.0   1.6     W   0.03   3.2     W   22.1   22.5   22.5  1019.6  0.00   0.0   0.000   0.003   24.1    61   16.1   24.4  11.04 1.1740    22.2   21.1   21.7    23    1    100.0    1 
28/09/26  14:21   22.1   22.1   22.1    73   17.0   1.6     W   0.03   3.2     W   22.1   22.5   22.5  1019.6  0.00   0.0   0.000   0.003   24.1    61   16.1   24.4  11.04 1.1740    22.2   21.1   21.7    22    1     95.7    1 
28/09/26  14:22   22.1   22.1   22.1    72   16.8   3.2     W   0.05   4.8     W   22.1   22.4   22.4  1019.6  0.00   0.0   0.000   0.003   24.1    61   16.1   24.4  11.04 1.1741    22.2   21.1   21.7    23    1    100.0    1 
28/09/26  14:23   22.1   22.1   22.0    73   17.0   1.6     W   0.03   1.6     W   22.1   22.5   22.5  1019.6  0.00   0.0   0.000   0.003   24.1    61   16.1   24.4  11.04 1.1741    22.2   21.1   21.7    21    1     91.3    1 
28/09/26  14:24   22.1   22.1   22.1    73   17.0   3.2   NNE   0.05   4.8   NNE   22.1   22.5   22.5  1019.6  0.00   0.0   0.000   0.003   24.1    61   16.1   24.4  11.04 1.1741    22.2   21.1   21.7    22    1     95.7    1 
28/09/26  14:25   22.1   22.1   22.1    72   16.8   4.8    NE   0.08   6.4    NE   22.1   22.4   22.4  1019.6  0.00   0.0   0.000   0.003   24.1    61   16.1   24.4  11.04 1.1741    22.2   21.1   21.7    22    1     95.7    1 
28/09/26  14:26   22.0   22.1   22.0    72   16.7   1.6    NE   0.03   3.2    NE   22.0   22.4   22.4  1019.5  0.00   0.0   0.000   0.003   24.1    61   16.1   24.4  11.04 1.1740    22.2   21.1   21.7    23    1    100.0    1 
28/09/26  14:27   22.0   22.0   22.0    73   16.9   4.8     N   0.08   6.4     N   22.0   22.4   22.4  1019.5  0.00   0.0   0.000   0.003   24.1    61   16.1   24.4  11.04 1.1739    22.2   21.1   21.7    21    1     91.3    1 
28/09/26  14:28   22.0   22.0   22.0    73   16.9   3.2   NNW   0.05   3.2     N   22.0   22.4   22.4  1019.5  0.00   0.0   0.000   0.003   24.1    61   16.1   24.4  11.04 1.1739    22.2   21.1   21.7    21    1     91.3    1 
28/09/26  14:29   22.0   22.0   22.0    73   16.9   3.2     N   0.05   4.8     N   22.0   22.4   22.4  1019.5  0.00   0.0   0.000   0.003   24.1    61   16.1   24.4  11.04 1.1739    22.2   21.1   21.7    23    1    100.0    1 
28/09/26  14:30   22.0   22.1   22.0    73   16.9   6.4     N   0.11   6.4     N   22.0   22.4   22.4  1019.4  0.00   0.0   0.000   0.003   24.1    61   16.1   24.4  11.04 1.1739    22.2   21.1   21.7    22    1     95.7    1 
28/09/26  14:31   22.0   22.0   22.0    73   16.9   3.2     N   0.05   6.4     N   22.0   22.4   22.4  1019.5  0.00   0.0   0.000   0.003   24.1    61   16.1   24.4  11.04 1.1740    22.2   21.1   21.7    24    1    100.0    1 
28/09/26  14:32   22.0   22.0   22.0    73   16.9   0.0     N   0.00   1.6     N   22.0   22.4   22.4  1019.4  0.00   0.0   0.000   0.003   24.1    61   16.1   24.4  11.04 1.1739    22.2   21.1   21.7    22    1     95.7    1 
28/09/26  14:33   22.0   22.0   22.0    73   16.9   1.6   NNW   0.03   6.4   NNW   22.0   22.4   22.4  1019.5  0.00   0.0   0.000   0.003   24.1    61   16.1   24.4  11.04 1.1739    22.2   21.1   21.7    24    1    100.0    1 
28/09/26  14:34   22.0   22.0   22.0    73   16.9   6.4   NNW   0.11   8.0   NNW   22.0   22.4   22.4  1019.5  0.00   0.0   0.000   0.003   24.1    61   16.1   24.4  11.04 1.1739    22.2   21.1   21.7    22    1     95.7    1 
28/09/26  14:35   22.0   22.0   22.0    73   16.9   3.2     N   0.05   4.8   NNW   22.0   22.4   22.4  1019.5  0.00   0.0   0.000   0.003   24.1    61   16.1   24.4  11.04 1.1740    22.2   21.1   21.7    23    1    100.0    1 
28/09/26  14:36   22.0   22.0   22.0    73   16.9   4.8    NE   0.08   6.4   NNE   22.0   22.4   22.4  1019.4  0.00   0.0   0.000   0.003   24.1    61   16.1   24.4  11.04 1.1739    22.2   21.1   21.7    23    1    100.0    1 
28/09/26  14:37   22.0   22.0   22.0    73   16.9   6.4    NW   0.11  11.3    NW   22.0   22.4   22.4  1019.4  0.00   0.0   0.000   0.003   24.1    61   16.1   24.4  11.04 1.1738    22.2   21.1   21.7    23    1    100.0    1 
28/09/26  14:38   22.0   22.1   22.0    73   16.9   8.0     N   0.13  11.3    NW   22.0   22.4   22.4  1019.4  0.00   0.0   0.000   0.003   24.1    61   16.1   24.4  11.04 1.1738    22.2   21.1   21.7    23    1    100.0    1 
28/09/26  14:39   22.1   22.1   22.0    73   17.0   3.2     N   0.05   8.0   ENE   22.1   22.5   22.5  1019.4  0.00   0.0   0.000   0.003   24.1    61   16.1   24.4  11.04 1.1738    22.2   21.1   21.7    23    1    100.0    1 
28/09/26  14:40   22.1   22.1   22.1    73   17.0   4.8   ENE   0.08   6.4   ENE   22.1   22.5   22.5  1019.4  0.00   0.0   0.000   0.003   24.1    61   16.1   24.4  11.04 1.1738    22.2   21.1   21.7    22    1     95.7    1 
28/09/26  14:41   22.1   22.1   22.1    73   17.0   4.8    NE   0.08   6.4    NE   22.1   22.5   22.5  1019.3  0.00   0.0   0.000   0.003   24.1    61   16.1   24.4  11.04 1.1737    22.2   21.1   21.7    24    1    100.0    1 
28/09/26  14:42   22.1   22.1   22.1    73   17.0   4.8   NNE   0.08   6.4     N   22.1   22.6   22.6  1019.3  0.00   0.0   0.000   0.003   24.1    61   16.1   24.4  11.04 1.1737    22.2   21.1   21.7    23    1    100.0    1 
28/09/26  14:43   22.1   22.1   22.1    73   17.0   6.4   NNE   0.11   8.0    NW   22.1   22.6   22.6  1019.3  0.00   0.0   0.000   0.003   24.1    61   16.1   24.4  11.04 1.1738    22.2   21.1   21.7    24    1    100.0    1 
28/09/26  14:44   22.1   22.1   22.1    73   17.0   6.4   NNW   0.11   8.0    NW   22.1   22.6   22.6  1019.3  0.00   0.0   0.000   0.003   24.1    61   16.1   24.4  11.04 1.1738    22.2   21.1   21.7    23    1    100.0    1 
28/09/26  14:45   22.1   22.1   22.1    73   17.0   3.2   NNW   0.05   3.2   NNW   22.1   22.6   22.6  1019.3  0.00   0.0   0.000   0.003   24.1    61   16.1   24.4  11.04 1.1737    22.2   21.1   21.7    23    1    100.0    1 
28/09/26  14:46   22.1   22.1   22.1    73   17.0   0.0   NNW   0.00   1.6   NNW   22.1   22.6   22.6  1019.3  0.00   0.0   0.000   0.003   24.1    61   16.1   24.4  11.04 1.1738    22.2   21.1   21.7    23    1    100.0    1 
28/09/26  14:47   22.1   22.1   22.1    73   17.0   3.2   NNE   0.05   6.4    NW   22.1   22.6   22.6  1019.3  0.00   0.0   0.000   0.003   24.1    61   16.1   24.4  11.04 1.1737    22.2   21.1   21.7    22    1     95.7    1 
28/09/26  14:48   22.1   22.1   22.1    73   17.0   3.2   WNW   0.05   6.4    NW   22.1   22.6   22.6  1019.3  0.00   0.0   0.000   0.003   24.1    61   16.1   24.4  11.04 1.1737    22.2   21.1   21.7    24    1    100.0    1 
28/09/26  14:49   22.1   22.1   22.1    73   17.0   1.6   WNW   0.03   3.2   WNW   22.1   22.6   22.6  1019.2  0.00   0.0   0.000   0.003   24.1    61   16.1   24.4  11.04 1.1736    22.2   21.1   21.7    22    1     95.7    1 
28/09/26  14:50   22.2   22.2   22.1    73   17.1   1.6   WNW   0.03   1.6   WNW   22.2   22.7   22.7  1019.3  0.00   0.0   0.000   0.003   24.1    61   16.1   24.4  11.04 1.1737    22.2   21.1   21.7    24    1    100.0    1 
28/09/26  14:51   22.2   22.2   22.1    73   17.1   0.0   WNW   0.00   3.2   WNW   22.2   22.7   22.7  1019.2  0.00   0.0   0.000   0.003   24.1    61   16.1   24.4  11.04 1.1736    22.2   21.1   21.7    22    1     95.7    1 
28/09/26  14:52   22.2   22.2   22.2    73   17.1   3.2   WNW   0.05   4.8   WNW   22.2   22.7   22.7  1019.2  0.00   0.0   0.000   0.003   24.1    61   16.1   24.4  11.04 1.1736    22.2   21.1   21.7    23    1    100.0    1 
28/09/26  14:53   22.2   22.2   22.2    73   17.1   1.6   WNW   0.03   3.2   WNW   22.2   22.7   22.7  1019.2  0.00   0.0   0.000   0.003   24.1    61   16.1   24.4  11.04 1.1736    22.2   21.1   21.7    24    1    100.0    1 
28/09/26  14:54   22.2   22.2   22.2    73   17.1   4.8    NE   0.08   6.4   NNW   22.2   22.7   22.7  1019.1  0.00   0.0   0.000   0.003   24.1    61   16.1   24.4  11.04 1.1735    22.2   21.1   21.7    23    1    100.0    1 
28/09/26  14:55   22.2   22.2   22.2    72   16.9   4.8    NE   0.08   9.7   NNE   22.2   22.6   22.6  1019.2  0.00   0.0   0.000   0.003   24.1    61   16.1   24.4  11.04 1.1736    22.2   21.1   21.7    24    1    100.0    1 
28/09/26  14:56   22.2   22.2   22.2    72   16.9   6.4    NE   0.11   8.0   NNE   22.2   22.6   22.6  1019.1  0.00   0.0   0.000   0.003   24.1    61   16.1   24.4  11.04 1.1735    22.2   21.1   21.7    22    1     95.7    1 
28/09/26  14:57   22.2   22.2   22.2    72   16.9   6.4   NNE   0.11   9.7   NNE   22.2   22.6   22.6  1019.1  0.00   0.0   0.000   0.003   24.1    61   16.1   24.4  11.04 1.1735    22.2   21.1   21.7    23    1    100.0    1 
28/09/26  14:58   22.2   22.2   22.2    72   16.9   3.2   NNE   0.05   6.4   NNE   22.2   22.6   22.6  1019.2  0.00   0.0   0.000   0.003   24.1    61   16.1   24.4  11.04 1.1736    22.2   21.1   21.7    24    1    100.0    1 
28/09/26  14:59   22.1   22.2   22.1    72   16.8   3.2    NE   0.05   6.4    NE   22.1   22.6   22.6  1019.2  0.00   0.0   0.000   0.003   24.1    61   16.1   24.4  11.04 1.1736    22.2   21.1   21.7    23    1    100.0    1 
28/09/26  15:00   22.1   22.1   22.1    72   16.8   1.6    NE   0.03   4.8    NE   22.1   22.6   22.6  1019.2  0.00   0.0   0.000   0.003   24.1    61   16.1   24.4  11.04 1.1736    22.2   21.1   21.7    23    1    100.0    1 
28/09/26  15:01   22.1   22.1   22.1    72   16.8   3.2   NNW   0.05   4.8    NE   22.1   22.4   22.4  1019.2  0.00   0.0   0.000   0.003   24.1    61   16.1   24.4  11.04 1.1736    22.2   21.1   21.7    23    1    100.0    1 
28/09/26  15:02   22.1   22.1   22.1    72   16.8   3.2   NNW   0.05   4.8   WNW   22.1   22.4   22.4  1019.2  0.00   0.0   0.000   0.003   24.1    61   16.1   24.4  11.04 1.1736    22.2   21.1   21.7    23    1    100.0    1 
28/09/26  15:03   22.1   22.1   22.1    72   16.8   3.2   NNE   0.05   4.8     N   22.1   22.4   22.4  1019.2  0.00   0.0   0.000   0.003   24.1    61   16.1   24.4  11.04 1.1736    22.2   21.1   21.7    23    1    100.0    1 
28/09/26  15:04   22.1   22.1   22.1    73   17.0   1.6   NNE   0.03   3.2   NNE   22.1   22.5   22.5  1019.2  0.00   0.0   0.000   0.003   24.1    61   16.1   24.4  11.04 1.1736    22.2   21.1   21.7    21    1     91.3    1 
28/09/26  15:05   22.1   22.1   22.1    73   17.0   0.0   NNE   0.00   1.6   NNE   22.1   22.6   22.6  1019.3  0.00   0.0   0.000   0.003   24.1    61   16.1   24.4  11.04 1.1737    22.2   21.1   21.7    24    1    100.0    1 
28/09/26  15:06   22.1   22.1   22.1    73   17.0   1.6   ENE   0.03   3.2   ENE   22.1   22.6   22.6  1019.3  0.00   0.0   0.000   0.003   24.1    61   16.1   24.4  11.04 1.1738    22.2   21.1   21.7    22    1     95.7    1 
28/09/26  15:07   22.2   22.2   22.1    73   17.1   0.0   ENE   0.00   1.6   ENE   22.2   22.7   22.7  1019.3  0.00   0.0   0.000   0.003   24.1    61   16.1   24.4  11.04 1.1738    22.2   21.1   21.7    23    1    100.0    1 
28/09/26  15:08   22.2   22.2   22.2    73   17.1   1.6   ESE   0.03   3.2   ESE   22.2   22.7   22.7  1019.4  0.00   0.0   0.000   0.003   24.1    61   16.1   24.4  11.04 1.1738    22.2   21.1   21.7    23    1    100.0    1 
28/09/26  15:09   22.2   22.2   22.2    73   17.1   1.6   ESE   0.03   3.2   ESE   22.2   22.7   22.7  1019.4  0.00   0.0   0.000   0.003   24.1    61   16.1   24.4  11.04 1.1738    22.2   21.1   21.7    21    1     91.3    1 
28/09/26  15:10   22.3   22.3   22.3    73   17.2   1.6   ESE   0.03   3.2   ESE   22.3   22.8   22.8  1019.4  0.00   0.0   0.000   0.003   24.1    61   16.1   24.4  11.04 1.1738    22.2   21.1   21.7    23    1    100.0    1 
28/09/26  15:11   22.4   22.4   22.3    73   17.3   1.6   ESE   0.03   3.2   ESE   22.4   22.9   22.9  1019.4  0.00   0.0   0.000   0.003   24.1    61   16.1   24.4  11.04 1.1738    22.2   21.1   21.7    22    1     95.7    1 
28/09/26  15:12   22.5   22.5   22.4    73   17.4   0.0   ---   0.00   0.0   ---   22.5   23.1   23.1  1019.4  0.00   0.0   0.000   0.003   24.1    60   15.9   24.3  10.93 1.1742    22.2   21.1   21.7    23    1    100.0    1 
28/09/26  15:13   22.5   22.5   22.5    72   17.2   0.0   ---   0.00   0.0   ---   22.5   23.0   23.0  1019.5  0.00   0.0   0.000   0.003   24.1    61   16.1   24.4  11.04 1.1739    22.8   21.1   21.7    21    1     91.3    1 
28/09/26  15:14   22.6   22.6   22.5    71   17.0   0.0   ---   0.00   0.0   ---   22.6   23.1   23.1  1019.5  0.00   0.0   0.000   0.003   24.1    61   16.1   24.4  11.04 1.1739    22.8   21.1   21.7    23    1    100.0    1 
28/09/26  15:15   22.6   22.6   22.6    71   17.0   0.0   ---   0.00   0.0   ---   22.6   23.1   23.1  1019.5  0.00   0.0   0.000   0.003   24.1    61   16.1   24.4  11.04 1.1740    22.8   21.1   21.7    23    1    100.0    1 
28/09/26  15:16   22.6   22.6   22.6    71   17.1   0.0   ---   0.00   0.0   ---   22.6   23.1   23.1  1019.5  0.00   0.0   0.000   0.003   24.1    60   15.9   24.3  10.93 1.1743    22.8   21.1   21.7    23    1    100.0    1 
28/09/26  15:17   22.7   22.7   22.6    71   17.1   0.0   ---   0.00   0.0   ---   22.7   23.2   23.2  1019.5  0.00   0.0   0.000   0.003   24.1    60   15.9   24.3  10.93 1.1743    22.8   21.1   21.7    24    1    100.0    1 
28/09/26  15:18   22.7   22.7   22.7    71   17.2   0.0   ---   0.00   0.0   ---   22.7   23.3   23.3  1019.5  0.00   0.0   0.000   0.003   24.1    61   16.1   24.4  11.04 1.1740    22.8   21.1   21.7    23    1    100.0    1 
28/09/26  15:19   22.8   22.8   22.8    71   17.2   0.0   ---   0.00   0.0   ---   22.8   23.3   23.3  1019.5  0.00   0.0   0.000   0.003   24.1    61   16.1   24.4  11.04 1.1740    22.8   21.1   21.7    24    1    100.0    1 
28/09/26  15:20   22.9   22.9   22.8    71   17.4   3.2   ESE   0.05   6.4   ESE   22.9   23.4   23.4  1019.5  0.00   0.0   0.000   0.003   24.2    61   16.2   24.5  11.04 1.1734    22.8   21.1   21.7    23    1    100.0    1 
28/09/26  15:21   22.9   22.9   22.8    71   17.4   4.8     E   0.08   8.0     E   22.9   23.4   23.4  1019.5  0.00   0.0   0.000   0.003   24.2    61   16.2   24.5  11.04 1.1734    22.8   21.1   21.7    23    1    100.0    1 
28/09/26  15:22   22.9   22.9   22.9    70   17.2   3.2    SE   0.05   6.4   ESE   22.9   23.5   23.5  1019.5  0.00   0.0   0.000   0.003   24.2    61   16.2   24.5  11.04 1.1734    22.8   21.1   21.7    24    1    100.0    1 
28/09/26  15:23   23.0   23.0   22.9    70   17.2   4.8   ENE   0.08   8.0   ENE   23.0   23.6   23.6  1019.6  0.00   0.0   0.000   0.003   24.2    61   16.2   24.5  11.04 1.1735    22.8   21.1   21.7    23    1    100.0    1 
28/09/26  15:24   23.0   23.0   23.0    69   17.0   4.8     E   0.08   8.0   ENE   23.0   23.5   23.5  1019.5  0.00   0.0   0.000   0.003   24.2    61   16.2   24.5  11.04 1.1734    22.8   21.1   21.7    24    1    100.0    1 
28/09/26  15:25   23.0   23.0   23.0    69   17.0   1.6     E   0.03   3.2     E   23.0   23.5   23.5  1019.5  0.00   0.0   0.000   0.003   24.2    61   16.2   24.5  11.04 1.1734    22.8   21.1   21.7    23    1    100.0    1 
28/09/26  15:26   23.0   23.0   23.0    69   17.0   3.2     E   0.05   4.8     E   23.0   23.5   23.5  1019.5  0.00   0.0   0.000   0.003   24.2    61   16.2   24.5  11.04 1.1734    22.8   21.1   21.7    24    1    100.0    1 
28/09/26  15:27   23.0   23.0   22.9    69   17.0   1.6     E   0.03   3.2     E   23.0   23.5   23.5  1019.5  0.00   0.0   0.000   0.003   24.2    61   16.2   24.5  11.04 1.1734    22.8   21.1   21.7    22    1     95.7    1 
28/09/26  15:28   22.9   22.9   22.9    69   17.0   0.0     E   0.00   1.6     E   22.9   23.4   23.4  1019.5  0.00   0.0   0.000   0.003   24.2    61   16.2   24.5  11.04 1.1733    22.8   21.1   21.7    23    1    100.0    1 
28/09/26  15:29   22.9   22.9   22.9    69   17.0   1.6     E   0.03   3.2     E   22.9   23.4   23.4  1019.4  0.00   0.0   0.000   0.003   24.2    61   16.2   24.5  11.04 1.1733    22.8   21.1   21.7    24    1    100.0    1 
28/09/26  15:30   22.9   22.9   22.9    69   17.0   4.8     E   0.08   6.4     E   22.9   23.4   23.4  1019.3  0.00   0.0   0.000   0.003   24.2    61   16.2   24.5  11.04 1.1732    22.8   21.1   21.7    22    1     95.7    1 
28/09/26  15:31   22.9   22.9   22.9    69   17.0   3.2     E   0.05   6.4   ENE   22.9   23.4   23.4  1019.3  0.00   0.0   0.000   0.003   24.2    61   16.2   24.5  11.04 1.1732    22.8   21.1   21.7    24    1    100.0    1 
28/09/26  15:32   22.9   22.9   22.9    70   17.2   1.6    SE   0.03   6.4    SE   22.9   23.5   23.5  1019.3  0.00   0.0   0.000   0.003   24.2    61   16.2   24.5  11.04 1.1731    22.8   21.1   21.7    23    1    100.0    1 
28/09/26  15:33   22.9   22.9   22.9    70   17.2   1.6    SE   0.03   3.2    SE   22.9   23.5   23.5  1019.2  0.00   0.0   0.000   0.003   24.2    61   16.2   24.5  11.04 1.1731    22.8   21.1   21.7    23    1    100.0    1 
28/09/26  15:34   23.0   23.0   22.9    70   17.2   1.6    SE   0.03   1.6    SE   23.0   23.6   23.6  1019.2  0.00   0.0   0.000   0.003   24.2    61   16.2   24.5  11.04 1.1730    22.8   21.1   21.7    24    1    100.0    1 
28/09/26  15:35   23.1   23.1   23.0    70   17.3   3.2     E   0.05   6.4     E   23.1   23.6   23.6  1019.2  0.00   0.0   0.000   0.003   24.2    61   16.2   24.5  11.04 1.1730    23.3   21.1   21.7    23    1    100.0    1 
28/09/26  15:36   23.1   23.1   23.1    70   17.3   1.6     E   0.03   3.2   ESE   23.1   23.7   23.7  1019.2  0.00   0.0   0.000   0.003   24.2    61   16.2   24.5  11.04 1.1730    23.3   21.1   21.7    24    1    100.0    1 
28/09/26  15:37   23.2   23.2   23.1    70   17.4   1.6     E   0.03   3.2     E   23.2   23.7   23.7  1019.2  0.00   0.0   0.000   0.003   24.2    61   16.2   24.5  11.04 1.1730    23.3   21.1   21.7    22    1     95.7    1 
28/09/26  15:38   23.2   23.2   23.2    70   17.4   3.2     E   0.05   4.8   NNE   23.2   23.8   23.8  1019.2  0.00   0.0   0.000   0.003   24.2    61   16.2   24.5  11.04 1.1730    23.3   21.1   21.7    23    1    100.0    1 
28/09/26  15:39   23.3   23.3   23.2    69   17.3   4.8     E   0.08   9.7     E   23.3   23.8   23.8  1019.2  0.00   0.0   0.000   0.003   24.2    61   16.2   24.5  11.04 1.1730    23.3   21.1   21.7    24    1    100.0    1 
28/09/26  15:40   23.3   23.3   23.3    69   17.3   4.8   NNE   0.08   8.0   NNE   23.3   23.8   23.8  1019.2  0.00   0.0   0.000   0.003   24.2    61   16.2   24.5  11.04 1.1730    23.3   21.1   21.7    23    1    100.0    1 
28/09/26  15:41   23.3   23.3   23.3    69   17.3   6.4    NE   0.11   9.7    NE   23.3   23.8   23.8  1019.2  0.00   0.0   0.000   0.003   24.2    61   16.2   24.5  11.04 1.1731    23.3   21.1   21.7    23    1    100.0    1 
28/09/26  15:42   23.2   23.3   23.2    69   17.2   4.8    NE   0.08   6.4   ENE   23.2   23.8   23.8  1019.3  0.00   0.0   0.000   0.003   24.2    61   16.2   24.5  11.04 1.1731    23.3   21.1   21.7    23    1    100.0    1 
28/09/26  15:43   23.2   23.2   23.2    69   17.2   3.2   ENE   0.05   6.4   ENE   23.2   23.8   23.8  1019.3  0.00   0.0   0.000   0.003   24.2    61   16.2   24.5  11.04 1.1731    23.3   21.1   21.7    22    1     95.7    1 
28/09/26  15:44   23.2   23.2   23.2    69   17.2   3.2   NNW   0.05   4.8   NNW   23.2   23.8   23.8  1019.4  0.00   0.0   0.000   0.003   24.2    61   16.2   24.5  11.04 1.1732    23.3   21.1   21.7    23    1    100.0    1 
28/09/26  15:45   23.2   23.2   23.2    69   17.2   4.8    NE   0.08   8.0    NE   23.2   23.7   23.7  1019.4  0.00   0.0   0.000   0.003   24.2    61   16.2   24.5  11.04 1.1733    23.3   21.1   21.7    21    1     91.3    1 
28/09/26  15:46   23.2   23.2   23.2    69   17.2   3.2     N   0.05   4.8   NNE   23.2   23.7   23.7  1019.4  0.00   0.0   0.000   0.003   24.2    61   16.2   24.5  11.04 1.1733    23.3   21.1   21.7    23    1    100.0    1 
28/09/26  15:47   23.2   23.2   23.2    69   17.2   1.6     N   0.03   3.2     N   23.2   23.7   23.7  1019.3  0.00   0.0   0.000   0.003   24.2    61   16.2   24.5  11.04 1.1732    23.3   21.1   21.7    21    1     91.3    1 
28/09/26  15:48   23.2   23.2   23.2    69   17.2   1.6    NE   0.03   3.2    NE   23.2   23.7   23.7  1019.3  0.00   0.0   0.000   0.003   24.2    61   16.2   24.5  11.04 1.1732    23.3   21.1   21.7    23    1    100.0    1 
28/09/26  15:49   23.2   23.2   23.2    69   17.2   0.0    NE   0.00   1.6    NE   23.2   23.8   23.8  1019.3  0.00   0.0   0.000   0.003   24.2    61   16.2   24.5  11.04 1.1731    23.3   21.1   21.7    21    1     91.3    1 
28/09/26  15:50   23.2   23.2   23.2    69   17.2   1.6    NE   0.03   3.2    NE   23.2   23.8   23.8  1019.3  0.00   0.0   0.000   0.003   24.2    61   16.2   24.5  11.04 1.1731    23.3   21.1   21.7    21    1     91.3    1 
28/09/26  15:51   23.2   23.2   23.2    69   17.2   3.2    NE   0.05   6.4     E   23.2   23.8   23.8  1019.2  0.00   0.0   0.000   0.003   24.2    61   16.2   24.5  11.04 1.1731    23.3   21.1   21.7    23    1    100.0    1 
28/09/26  15:52   23.3   23.3   23.2    69   17.3   3.2   NNE   0.05   4.8    NE   23.3   23.8   23.8  1019.2  0.00   0.0   0.000   0.003   24.2    61   16.2   24.5  11.04 1.1730    23.3   21.1   21.7    22    1     95.7    1 
28/09/26  15:53   23.3   23.3   23.3    69   17.3   4.8    NE   0.08   6.4    NE   23.3   23.8   23.8  1019.2  0.00   0.0   0.000   0.003   24.2    61   16.2   24.5  11.04 1.1731    23.3   21.1   21.7    24    1    100.0    1 
28/09/26  15:54   23.3   23.3   23.3    69   17.3   3.2   NNE   0.05   4.8   NNE   23.3   23.8   23.8  1019.1  0.00   0.0   0.000   0.003   24.2    61   16.2   24.5  11.04 1.1729    23.3   21.1   21.7    22    1     95.7    1 
28/09/26  15:55   23.2   23.2   23.2    69   17.2   1.6    NE   0.03   3.2    NE   23.2   23.8   23.8  1019.2  0.00   0.0   0.000   0.003   24.2    61   16.2   24.5  11.04 1.1730    23.3   21.1   21.7    24    1    100.0    1 
28/09/26  15:56   23.3   23.3   23.2    69   17.3   3.2   NNE   0.05   4.8   NNE   23.3   23.8   23.8  1019.2  0.00   0.0   0.000   0.003   24.2    61   16.2   24.5  11.04 1.1730    23.3   21.1   21.7    22    1     95.7    1 
28/09/26  15:57   23.3   23.3   23.2    69   17.3   4.8     N   0.08   8.0     N   23.3   23.8   23.8  1019.2  0.00   0.0   0.000   0.003   24.2    61   16.2   24.5  11.04 1.1730    23.3   21.1   21.7    23    1    100.0    1 
28/09/26  15:58   23.3   23.3   23.3    69   17.3   1.6     N   0.03   3.2     N   23.3   23.8   23.8  1019.1  0.00   0.0   0.000   0.003   24.2    61   16.2   24.5  11.04 1.1729    23.3   21.1   21.7    23    1    100.0    1 
28/09/26  15:59   23.3   23.3   23.3    69   17.3   3.2   NNE   0.05   4.8     N   23.3   23.9   23.9  1019.1  0.00   0.0   0.000   0.003   24.2    61   16.2   24.5  11.04 1.1729    23.3   21.1   21.7    21    1     91.3    1 
28/09/26  16:00   23.3   23.3   23.3    69   17.3   3.2   NNW   0.05   6.4    NW   23.3   23.9   23.9  1019.1  0.00   0.0   0.000   0.003   24.2    61   16.2   24.5  11.04 1.1729    23.3   21.1   21.7    24    1    100.0    1 
28/09/26  16:01   23.3   23.3   23.3    69   17.3   4.8   NNE   0.08   6.4     N   23.3   23.9   23.9  1019.1  0.00   0.0   0.000   0.003   24.2    61   16.2   24.5  11.04 1.1729    23.3   21.1   21.7    22    1     95.7    1 
28/09/26  16:02   23.4   23.4   23.3    69   17.4   1.6   NNE   0.03   4.8   NNE   23.4   24.0   24.0  1019.2  0.00   0.0   0.000   0.004   24.1    61   16.1   24.4  11.04 1.1736    23.3   21.1   21.7    23    1    100.0    1 
28/09/26  16:03   23.4   23.4   23.4    69   17.4   3.2   NNE   0.05   4.8    NE   23.4   24.1   24.1  1019.3  0.00   0.0   0.000   0.004   24.1    61   16.1   24.4  11.04 1.1737    23.3   21.1   21.7    22    1     95.7    1 
28/09/26  16:04   23.4   23.4   23.4    69   17.4   1.6     N   0.03   4.8   NNE   23.4   24.1   24.1  1019.2  0.00   0.0   0.000   0.004   24.1    61   16.1   24.4  11.04 1.1736    23.3   21.1   21.7    23    1    100.0    1 
28/09/26  16:05   23.5   23.5   23.5    69   17.5   1.6   NNE   0.03   4.8    NE   23.5   24.1   24.1  1019.2  0.00   0.0   0.000   0.004   24.1    61   16.1   24.4  11.04 1.1736    23.3   21.1   21.7    23    1    100.0    1 
28/09/26  16:06   23.6   23.6   23.6    68   17.3   3.2    NE   0.05   4.8    NE   23.6   24.1   24.1  1019.2  0.00   0.0   0.000   0.004   24.1    61   16.1   24.4  11.04 1.1736    23.3   21.1   21.7    22    1     95.7    1 
28/09/26  16:07   23.6   23.6   23.6    68   17.4   1.6   ENE   0.03   3.2    NE   23.6   24.2   24.2  1019.2  0.00   0.0   0.000   0.004   24.1    61   16.1   24.4  11.04 1.1736    23.9   21.1   21.7    24    1    100.0    1 
28/09/26  16:08   23.6   23.6   23.6    68   17.4   4.8   ESE   0.08   8.0   ESE   23.6   24.2   24.2  1019.2  0.00   0.0   0.000   0.004   24.1    61   16.1   24.4  11.04 1.1736    23.9   21.1   21.7    21    1     91.3    1 
28/09/26  16:09   23.6   23.6   23.6    67   17.1   3.2   ESE   0.05   6.4     E   23.6   24.2   24.2  1019.3  0.00   0.0   0.000   0.004   24.1    61   16.1   24.4  11.04 1.1737    23.9   21.1   21.7    22    1     95.7    1 
28/09/26  16:10   23.7   23.7   23.7    67   17.2   3.2     N   0.05   4.8    NE   23.7   24.2   24.2  1019.3  0.00   0.0   0.000   0.004   24.1    61   16.1   24.4  11.04 1.1737    23.9   21.1   21.7    23    1    100.0    1 
28/09/26  16:11   23.7   23.7   23.7    67   17.2   3.2     N   0.05   4.8   NNE   23.7   24.3   24.3  1019.2  0.00   0.0   0.000   0.004   24.1    61   16.1   24.4  11.04 1.1736    23.9   21.1   21.7    23    1    100.0    1 
28/09/26  16:12   23.8   23.8   23.7    67   17.3   1.6    NE   0.03   4.8    NE   23.8   24.3   24.3  1019.2  0.00   0.0   0.000   0.004   24.1    61   16.1   24.4  11.04 1.1736    23.9   21.1   21.7    24    1    100.0    1 
28/09/26  16:13   23.8   23.8   23.8    67   17.3   3.2   NNE   0.05   6.4   NNE   23.8   24.3   24.3  1019.2  0.00   0.0   0.000   0.004   24.1    61   16.1   24.4  11.04 1.1736    23.9   21.1   21.7    22    1     95.7    1 
28/09/26  16:14   23.8   23.8   23.8    67   17.3   3.2   ENE   0.05   4.8    NE   23.8   24.3   24.3  1019.2  0.00   0.0   0.000   0.004   24.1    61   16.1   24.4  11.04 1.1736    23.9   21.1   21.7    22    1     95.7    1 
28/09/26  16:15   23.8   23.8   23.8    67   17.3   1.6   ENE   0.03   3.2   ENE   23.8   24.3   24.3  1019.2  0.00   0.0   0.000   0.004   24.1    61   16.1   24.4  11.04 1.1736    23.9   21.1   21.7    24    1    100.0    1 
28/09/26  16:16   23.8   23.8   23.8    67   17.3   3.2   NNE   0.05   4.8   NNE   23.8   24.3   24.3  1019.2  0.00   0.0   0.000   0.004   24.1    61   16.1   24.4  11.04 1.1736    23.9   21.1   21.7    23    1    100.0    1 
28/09/26  16:17   23.7   23.8   23.7    66   17.0   4.8   NNE   0.08   6.4   NNE   23.7   24.2   24.2  1019.2  0.00   0.0   0.000   0.004   24.1    61   16.1   24.4  11.04 1.1736    23.9   21.1   21.7    24    1    100.0    1 
28/09/26  16:18   23.7   23.7   23.7    66   16.9   4.8   NNE   0.08   6.4    NE   23.7   24.2   24.2  1019.2  0.00   0.0   0.000   0.004   24.1    61   16.1   24.4  11.04 1.1736    23.9   21.1   21.7    23    1    100.0    1 
